episode,min_days,max_days,average_days,total_days,min_berries,max_berries,average_berries,total_berries,min_days_survived,max_days_survived,average_days_survived,total_days_survived
1,41.0,8208.0,3001.0,12004.0,1,43,20.25,81,10,200,105.0,420
2,36.0,3918.0,1393.5,5574.0,0,37,18.0,72,9,200,107.5,430
3,81.0,1170.0,407.0,1628.0,1,18,6.75,27,15,116,46.25,185
4,104.0,8100.0,3150.5,12602.0,3,44,24.5,98,15,200,124.0,496
5,71.0,1110.0,336.5,1346.0,1,14,4.5,18,9,92,34.25,137
6,120.0,4020.0,1114.0,4456.0,2,35,11.0,44,21,200,65.75,263
7,41.0,3612.0,959.0,3836.0,1,37,10.25,41,9,200,61.25,245
8,98.0,6774.0,3471.5,13886.0,2,43,29.25,117,15,200,153.75,615
9,65.0,960.0,335.0,1340.0,1,20,7.0,28,9,129,49.5,198
10,74.0,4104.0,1114.0,4456.0,2,36,11.75,47,9,200,68.75,275
11,221.0,6582.0,2864.75,11459.0,7,43,25.75,103,45,200,137.5,550
12,69.0,7014.0,1898.5,7594.0,1,38,13.0,52,15,200,74.75,299
13,77.0,2322.0,729.25,2917.0,1,35,12.5,50,9,200,76.25,305
14,41.0,572.0,184.25,737.0,1,12,4.0,16,9,75,25.5,102
15,168.0,5250.0,2427.0,9708.0,4,42,26.5,106,33,200,149.25,597
16,294.0,9828.0,3693.75,14775.0,8,45,26.25,105,57,200,139.0,556
17,59.0,5760.0,2213.75,8855.0,2,42,21.0,84,9,200,107.5,430
18,104.0,2334.0,702.25,2809.0,2,34,11.25,45,15,200,70.25,281
19,99.0,4500.0,1213.0,4852.0,1,36,10.75,43,15,200,62.75,251
20,138.0,504.0,289.5,1158.0,2,8,5.5,22,21,57,41.75,167
21,75.0,1272.0,408.25,1633.0,1,22,7.25,29,9,141,49.5,198
22,53.0,4716.0,2396.75,9587.0,1,40,21.0,84,9,200,110.5,442
23,122.0,1455.0,765.5,3062.0,3,21,13.25,53,15,134,85.0,340
24,47.0,6402.0,2430.5,9722.0,1,41,20.5,82,9,200,109.0,436
25,71.0,4044.0,1183.0,4732.0,1,37,12.75,51,9,200,74.75,299
26,131.0,3270.0,945.0,3780.0,3,35,11.75,47,21,200,70.25,281
27,174.0,2592.0,865.0,3460.0,4,35,13.25,53,27,200,80.75,323
28,110.0,6576.0,3272.0,13088.0,2,44,29.75,119,15,200,153.75,615
29,77.0,4092.0,1305.5,5222.0,1,38,16.0,64,9,200,94.25,377
30,77.0,5064.0,2065.25,8261.0,1,39,20.0,80,9,200,110.5,442
31,83.0,207.0,156.0,624.0,2,5,4.25,17,9,39,28.5,114
32,87.0,951.0,370.75,1483.0,1,15,6.25,25,15,98,43.25,173
33,63.0,108.0,79.25,317.0,1,2,1.25,5,9,21,15.0,60
34,216.0,3984.0,1248.25,4993.0,4,34,13.5,54,33,200,82.25,329
35,311.0,10470.0,3707.0,14828.0,7,44,24.25,97,45,200,127.0,508
36,96.0,5130.0,1376.0,5504.0,2,38,11.5,46,21,200,67.25,269
37,137.0,7746.0,2087.25,8349.0,3,39,13.0,52,21,200,71.75,287
38,216.0,3426.0,1129.25,4517.0,4,34,14.0,56,33,200,86.5,346
39,90.0,9120.0,3950.25,15801.0,2,43,24.0,96,21,200,124.0,496
40,219.0,5826.0,3363.75,13455.0,5,43,30.0,120,39,200,159.75,639
41,101.0,5934.0,3023.5,12094.0,3,43,22.0,88,21,200,110.5,442
42,81.0,6834.0,3269.25,13077.0,1,42,29.0,116,15,200,153.75,615
43,41.0,6678.0,1831.5,7326.0,1,43,14.75,59,9,200,76.25,305
44,131.0,3714.0,1567.75,6271.0,3,37,19.75,79,21,200,112.0,448
45,41.0,2298.0,629.25,2517.0,1,33,9.5,38,9,200,59.75,239
46,41.0,9450.0,4096.25,16385.0,1,47,30.0,120,9,200,152.25,609
47,80.0,1155.0,419.25,1677.0,2,23,9.0,36,15,147,57.0,228
48,63.0,3954.0,1061.5,4246.0,1,37,10.75,43,15,200,62.75,251
49,71.0,6144.0,1674.25,6697.0,1,42,13.75,55,9,200,73.25,293
50,41.0,9246.0,2765.5,11062.0,1,44,18.0,72,9,200,95.5,382
51,108.0,5928.0,2499.0,9996.0,2,41,28.0,112,21,200,155.25,621
52,62.0,390.0,161.25,645.0,2,6,3.25,13,15,44,23.75,95
53,36.0,2535.0,794.75,3179.0,0,17,6.5,26,9,110,44.5,178
54,36.0,10320.0,4447.5,17790.0,0,50,25.5,102,9,200,119.5,478
55,314.0,5310.0,1978.25,7913.0,7,36,21.25,85,51,200,125.5,502
56,71.0,2394.0,802.25,3209.0,1,33,11.25,45,9,200,71.5,286
57,36.0,6366.0,1640.0,6560.0,0,39,10.5,42,9,200,58.25,233
58,92.0,10584.0,3713.0,14852.0,2,47,23.0,92,15,200,112.0,448
59,42.0,4896.0,1265.0,5060.0,0,38,10.0,40,9,200,58.25,233
60,65.0,333.0,150.5,602.0,1,7,3.0,12,9,51,25.5,102
61,125.0,8748.0,3319.25,13277.0,3,47,29.75,119,21,200,155.25,621
62,284.0,6066.0,2031.0,8124.0,8,37,19.0,76,51,200,109.25,437
63,41.0,8616.0,2764.25,11057.0,1,45,20.25,81,9,200,107.5,430
64,71.0,5394.0,2117.0,8468.0,1,39,19.0,76,9,200,106.0,424
65,41.0,2868.0,799.0,3196.0,1,35,10.5,42,9,200,62.75,251
66,69.0,5166.0,1516.25,6065.0,1,26,12.25,49,15,165,81.0,324
67,77.0,6000.0,2643.5,10574.0,1,42,23.75,95,9,200,123.75,495
68,420.0,4506.0,3043.5,12174.0,8,42,30.75,123,57,200,164.25,657
69,53.0,5868.0,1564.5,6258.0,1,41,12.5,50,9,200,64.25,257
70,65.0,4002.0,1274.5,5098.0,1,38,15.0,60,9,200,86.75,347
71,77.0,2790.0,807.5,3230.0,1,36,11.0,44,9,200,67.25,269
72,36.0,6192.0,3241.5,12966.0,0,40,28.25,113,9,200,152.25,609
73,92.0,3426.0,978.75,3915.0,2,35,11.5,46,15,200,68.75,275
74,71.0,1812.0,708.0,2832.0,1,24,11.75,47,9,152,73.25,293
75,41.0,2187.0,593.25,2373.0,1,25,7.25,29,9,158,47.75,191
76,42.0,4176.0,1132.0,4528.0,0,35,10.5,42,9,200,62.75,251
77,36.0,135.0,98.0,392.0,0,3,1.75,7,9,27,16.5,66
78,81.0,5694.0,2891.75,11567.0,1,41,22.5,90,15,200,119.5,478
79,63.0,8448.0,3360.5,13442.0,1,44,22.75,91,15,200,115.0,460
80,101.0,3954.0,1077.25,4309.0,2,35,11.0,44,21,200,67.25,269
81,116.0,3714.0,1069.75,4279.0,2,38,13.0,52,15,200,73.25,293
82,123.0,4962.0,1341.5,5366.0,2,39,11.75,47,21,200,67.25,269
83,71.0,516.0,208.0,832.0,2,10,4.25,17,9,69,30.0,120
84,47.0,6684.0,2551.75,10207.0,1,40,19.5,78,9,200,106.0,424
85,36.0,4392.0,1309.0,5236.0,0,38,13.5,54,9,200,77.75,311
86,198.0,3654.0,1087.0,4348.0,3,37,12.5,50,20,200,71.5,286
87,59.0,513.0,270.25,1081.0,1,7,4.75,19,9,50,34.25,137
88,36.0,3042.0,807.5,3230.0,0,35,9.5,38,9,200,58.25,233
89,128.0,4500.0,1601.75,6407.0,3,39,17.0,68,15,200,95.25,381
90,71.0,1518.0,564.25,2257.0,1,34,12.25,49,9,200,76.25,305
91,116.0,3636.0,1934.0,7736.0,3,37,20.75,83,15,200,117.75,471
92,77.0,6294.0,1689.75,6759.0,1,40,12.75,51,9,200,68.75,275
93,204.0,9156.0,4242.75,16971.0,3,46,24.5,98,20,200,117.75,471
94,98.0,7380.0,4068.5,16274.0,2,44,30.75,123,15,200,153.75,615
95,77.0,10266.0,3847.25,15389.0,2,47,23.5,94,9,200,113.5,454
96,65.0,1473.0,462.25,1849.0,1,15,6.25,25,9,98,43.25,173
97,68.0,7302.0,2622.25,10489.0,2,44,20.75,83,9,200,106.0,424
98,77.0,263.0,180.0,720.0,1,6,4.0,16,9,39,28.5,114
99,141.0,5676.0,2344.25,9377.0,3,43,21.0,84,27,200,113.5,454
100,174.0,4590.0,2784.0,11136.0,4,41,28.75,115,33,200,158.25,633
101,125.0,6186.0,2729.75,10919.0,3,42,28.5,114,21,200,155.25,621
102,165.0,6348.0,3537.75,14151.0,3,44,29.5,118,27,200,156.75,627
103,47.0,6324.0,1635.0,6540.0,1,38,10.5,42,9,200,58.25,233
104,134.0,5232.0,1438.75,5755.0,4,37,12.5,50,27,200,73.25,293
105,74.0,6870.0,2113.75,8455.0,2,42,16.25,65,15,200,88.0,352
106,65.0,3474.0,935.5,3742.0,1,37,10.75,43,9,200,62.75,251
107,41.0,5640.0,2165.75,8663.0,1,39,19.5,78,9,200,107.5,430
108,59.0,315.0,208.75,835.0,1,7,4.75,19,9,51,34.5,138
109,198.0,5874.0,2781.5,11126.0,4,40,21.75,87,33,200,118.0,472
110,120.0,5754.0,3367.5,13470.0,2,42,28.5,114,21,200,155.25,621
111,41.0,2544.0,697.75,2791.0,1,34,9.75,39,9,200,61.25,245
112,74.0,6378.0,1694.5,6778.0,2,40,12.5,50,15,200,68.75,275
113,71.0,4086.0,1938.5,7754.0,1,38,23.75,95,9,200,136.0,544
114,71.0,6048.0,1882.75,7531.0,1,37,15.0,60,9,200,88.0,352
115,248.0,2850.0,954.75,3819.0,7,33,15.0,60,45,200,92.75,371
116,36.0,3042.0,794.75,3179.0,0,36,9.25,37,9,200,56.75,227
117,207.0,4320.0,1321.75,5287.0,5,37,15.0,60,39,200,85.25,341
118,96.0,3858.0,1053.5,4214.0,2,38,11.75,47,15,200,67.25,269
119,65.0,3294.0,879.0,3516.0,1,36,10.0,40,9,200,58.25,233
120,197.0,1116.0,465.75,1863.0,5,14,7.75,31,33,92,50.75,203
121,200.0,4866.0,1507.75,6031.0,4,40,16.25,65,27,200,91.25,365
122,69.0,255.0,133.0,532.0,1,5,2.5,10,9,39,21.0,84
123,36.0,7116.0,3892.5,15570.0,0,41,29.0,116,9,200,152.25,609
124,77.0,5802.0,1995.5,7982.0,1,41,19.75,79,9,200,112.25,449
125,111.0,5526.0,3609.75,14439.0,3,40,29.25,117,27,200,156.75,627
126,59.0,8538.0,3494.5,13978.0,1,44,21.75,87,9,200,107.5,430
127,372.0,9258.0,3333.5,13334.0,8,43,24.25,97,57,200,130.0,520
128,41.0,8454.0,3752.75,15011.0,1,44,29.5,118,9,200,152.25,609
129,47.0,3057.0,944.25,3777.0,1,17,8.75,35,9,110,56.75,227
130,63.0,2271.0,732.25,2929.0,1,31,10.75,43,15,194,70.25,281
131,59.0,8040.0,2950.25,11801.0,1,45,25.5,102,9,200,134.25,537
132,213.0,4830.0,3066.75,12267.0,5,41,29.25,117,39,200,159.75,639
133,65.0,7122.0,1910.0,7640.0,1,42,13.5,54,9,200,73.25,293
134,71.0,7284.0,4544.75,18179.0,1,43,30.5,122,9,200,152.25,609
135,65.0,3132.0,849.25,3397.0,1,37,10.5,42,9,200,61.25,245
136,71.0,2886.0,1302.75,5211.0,1,35,19.0,76,9,200,113.75,455
137,92.0,8976.0,2663.5,10654.0,2,45,20.25,81,15,200,107.5,430
138,401.0,4284.0,2148.25,8593.0,9,38,23.0,92,57,200,130.0,520
139,65.0,9846.0,3615.5,14462.0,1,44,21.0,84,9,200,106.0,424
140,71.0,5928.0,2290.25,9161.0,1,39,18.75,75,9,200,107.5,430
141,41.0,6744.0,2595.5,10382.0,1,43,22.5,90,9,200,111.75,447
142,42.0,5610.0,2167.25,8669.0,0,39,18.5,74,9,200,104.5,418
143,71.0,5928.0,1854.25,7417.0,1,39,19.75,79,9,200,112.0,448
144,81.0,2946.0,1028.75,4115.0,1,35,14.0,56,15,200,83.5,334
145,83.0,6432.0,1769.5,7078.0,2,40,14.25,57,9,200,77.75,311
146,69.0,5442.0,1431.25,5725.0,1,41,11.5,46,9,200,61.25,245
147,77.0,8352.0,3799.25,15197.0,1,44,25.25,101,9,200,125.5,502
148,59.0,6630.0,2204.0,8816.0,2,44,22.25,89,9,200,118.0,472
149,36.0,7626.0,3735.0,14940.0,0,44,29.0,116,9,200,152.25,609
150,42.0,3870.0,1138.5,4554.0,0,35,11.5,46,9,200,71.5,286
151,47.0,8070.0,4499.75,17999.0,1,45,30.0,120,9,200,152.25,609
152,41.0,5820.0,2092.0,8368.0,1,41,20.0,80,9,200,104.5,418
153,119.0,8406.0,4276.25,17105.0,3,45,28.5,114,21,200,146.5,586
154,168.0,4251.0,1397.75,5591.0,4,29,12.75,51,33,182,83.5,334
155,527.0,13644.0,4919.75,19679.0,13,52,33.75,135,81,200,170.25,681
156,68.0,3720.0,1115.5,4462.0,2,37,13.25,53,15,200,77.75,311
157,59.0,9066.0,3902.75,15611.0,2,48,28.25,113,9,200,143.25,573
158,68.0,3420.0,925.5,3702.0,2,37,10.75,43,15,200,61.25,245
159,36.0,86.0,63.0,252.0,0,2,1.25,5,9,15,10.5,42
160,59.0,6174.0,2894.0,11576.0,1,42,20.5,82,9,200,109.0,436
161,36.0,7296.0,2957.25,11829.0,0,42,27.0,108,9,200,150.75,603
162,186.0,3996.0,2329.5,9318.0,4,41,27.0,108,33,200,149.25,597
163,36.0,11094.0,4420.5,17682.0,0,48,29.5,118,9,200,152.25,609
164,53.0,1215.0,442.75,1771.0,1,15,6.0,24,9,98,40.25,161
165,153.0,4722.0,3026.25,12105.0,3,39,28.25,113,27,200,156.75,627
166,41.0,5604.0,1474.0,5896.0,1,42,12.0,48,9,200,62.75,251
167,176.0,10218.0,4686.5,18746.0,4,46,31.0,124,27,200,156.75,627
168,131.0,5832.0,2057.5,8230.0,3,44,19.5,78,21,200,104.5,418
169,57.0,9942.0,3247.25,12989.0,1,45,21.0,84,15,200,107.5,430
170,74.0,9960.0,3636.25,14545.0,2,46,25.0,100,15,200,127.0,508
171,174.0,7092.0,3532.5,14130.0,4,43,29.5,118,33,200,158.25,633
172,137.0,5328.0,1489.75,5959.0,3,40,13.5,54,21,200,73.0,292
173,131.0,4596.0,1247.5,4990.0,2,37,11.25,45,21,200,65.75,263
174,59.0,2880.0,1069.5,4278.0,1,37,15.5,62,9,200,88.25,353
175,65.0,5766.0,2366.5,9466.0,1,41,21.0,84,9,200,110.5,442
176,248.0,9246.0,3266.5,13066.0,6,44,23.0,92,39,200,119.5,478
177,77.0,4278.0,1261.75,5047.0,1,38,14.25,57,9,200,82.25,329
178,180.0,4878.0,1867.5,7470.0,4,36,20.5,82,33,200,122.5,490
179,77.0,5232.0,1591.25,6365.0,1,41,16.5,66,9,200,92.75,371
180,128.0,5928.0,3056.75,12227.0,2,40,25.25,101,15,200,137.25,549
181,141.0,5562.0,1530.5,6122.0,3,39,12.75,51,27,200,73.25,293
182,41.0,7068.0,1840.0,7360.0,1,41,12.25,49,9,200,65.75,263
183,71.0,5268.0,1448.25,5793.0,1,40,13.25,53,9,200,71.75,287
184,83.0,2118.0,668.0,2672.0,2,33,11.5,46,9,200,73.25,293
185,140.0,5382.0,3051.5,12206.0,4,40,28.25,113,27,200,156.75,627
186,86.0,7962.0,3827.0,15308.0,2,42,29.0,116,15,200,153.75,615
187,65.0,9384.0,4237.25,16949.0,1,46,30.5,122,9,200,152.25,609
188,129.0,4314.0,1370.0,5480.0,3,37,15.0,60,27,200,85.0,340
189,257.0,4290.0,1388.5,5554.0,5,38,16.5,66,33,200,95.75,383
190,179.0,4404.0,1991.0,7964.0,5,40,23.5,94,33,200,129.75,519
191,153.0,9270.0,3766.25,15065.0,3,47,23.75,95,27,200,113.5,454
192,63.0,243.0,122.5,490.0,1,5,2.5,10,9,39,21.0,84
193,206.0,7734.0,2612.0,10448.0,6,41,21.75,87,39,200,121.0,484
194,113.0,13668.0,5096.75,20387.0,3,51,30.5,122,21,200,155.25,621
195,65.0,6510.0,1719.0,6876.0,1,43,12.75,51,9,200,64.25,257
196,71.0,2700.0,834.25,3337.0,1,34,11.75,47,9,200,73.25,293
197,42.0,9270.0,3018.75,12075.0,0,47,22.25,89,9,200,115.0,460
198,47.0,4290.0,1159.5,4638.0,1,36,11.0,44,9,200,64.25,257
199,77.0,1038.0,403.25,1613.0,1,14,6.25,25,9,92,44.75,179
200,101.0,444.0,241.0,964.0,2,8,5.25,21,9,57,36.0,144
201,77.0,5322.0,1557.25,6229.0,1,39,14.5,58,9,200,82.25,329
202,71.0,209.0,137.0,548.0,1,5,3.25,13,9,33,21.0,84
203,200.0,1200.0,571.25,2285.0,4,18,9.75,39,27,116,65.5,262
204,102.0,4104.0,1139.0,4556.0,2,36,11.75,47,21,200,70.25,281
205,42.0,2292.0,1469.0,5876.0,0,33,22.25,89,9,200,136.0,544
206,200.0,13692.0,4503.25,18013.0,4,50,24.25,97,27,200,115.0,460
207,101.0,7302.0,2155.25,8621.0,3,38,14.75,59,21,200,86.5,346
208,36.0,7992.0,2885.75,11543.0,0,44,20.25,81,9,200,104.5,418
209,125.0,1017.0,379.5,1518.0,3,13,6.75,27,21,86,43.25,173
210,47.0,5466.0,1677.25,6709.0,1,40,16.75,67,9,200,94.25,377
211,65.0,5538.0,2429.5,9718.0,1,37,21.75,87,9,200,122.5,490
212,83.0,6288.0,2900.75,11603.0,1,40,21.25,85,9,200,110.5,442
213,65.0,8586.0,2823.25,11293.0,1,46,21.0,84,9,200,106.0,424
214,77.0,5970.0,2245.0,8980.0,1,41,24.0,96,9,200,131.5,526
215,125.0,6648.0,3590.75,14363.0,3,43,29.25,117,21,200,155.25,621
216,101.0,10698.0,4186.25,16745.0,3,46,26.25,105,21,200,131.25,525
217,41.0,6588.0,3026.75,12107.0,1,44,22.75,91,9,200,113.5,454
218,77.0,4290.0,1201.0,4804.0,1,38,12.5,50,9,200,71.75,287
219,120.0,3786.0,1082.75,4331.0,2,36,11.75,47,21,200,71.75,287
220,71.0,140.0,108.5,434.0,2,4,3.25,13,9,27,21.0,84
221,98.0,2196.0,1049.5,4198.0,2,34,16.5,66,15,200,101.75,407
222,41.0,8634.0,2210.5,8842.0,0,37,10.25,41,9,200,59.75,239
223,69.0,567.0,319.75,1279.0,1,14,7.25,29,9,87,49.5,198
224,69.0,4488.0,2044.5,8178.0,1,38,20.5,82,15,200,119.5,478
225,75.0,6426.0,2149.5,8598.0,1,42,20.0,80,15,200,113.5,454
226,47.0,9498.0,3259.25,13037.0,1,46,21.75,87,9,200,110.5,442
227,42.0,8712.0,4428.0,17712.0,0,44,29.5,118,9,200,152.25,609
228,71.0,3324.0,897.25,3589.0,1,37,10.5,42,9,200,61.25,245
229,65.0,8460.0,3523.25,14093.0,2,44,28.5,114,9,200,149.25,597
230,53.0,7680.0,3856.25,15425.0,1,44,29.75,119,9,200,152.25,609
231,36.0,6258.0,3634.5,14538.0,0,41,28.75,115,9,200,152.25,609
232,36.0,63.0,54.25,217.0,0,1,0.75,3,9,15,10.5,42
233,77.0,3684.0,986.5,3946.0,1,36,10.25,41,9,200,59.75,239
234,77.0,590.0,331.5,1326.0,1,14,6.5,26,9,87,43.5,174
235,321.0,11148.0,4079.0,16316.0,7,46,25.0,100,51,200,127.0,508
236,249.0,7350.0,3654.75,14619.0,5,39,29.75,119,39,200,159.75,639
237,41.0,7620.0,2007.25,8029.0,1,43,13.5,54,9,200,70.25,281
238,102.0,7194.0,2188.25,8753.0,2,40,18.25,73,21,200,104.5,418
239,65.0,1677.0,482.25,1929.0,1,27,8.0,32,9,170,50.75,203
240,65.0,6390.0,1727.25,6909.0,1,40,13.75,55,9,200,74.75,299
241,65.0,5490.0,1899.25,7597.0,1,39,18.75,75,9,200,106.0,424
242,36.0,9552.0,3175.25,12701.0,0,45,20.5,82,9,200,104.5,418
243,77.0,6276.0,1643.0,6572.0,1,40,11.5,46,9,200,64.25,257
244,336.0,6426.0,1885.75,7543.0,8,39,17.0,68,57,200,97.25,389
245,71.0,6936.0,2753.5,11014.0,1,43,24.0,96,9,200,128.5,514
246,57.0,5652.0,1542.5,6170.0,1,40,12.25,49,9,200,67.0,268
247,335.0,5724.0,3217.25,12869.0,9,42,30.25,121,57,200,164.25,657
248,59.0,4122.0,1212.25,4849.0,1,37,13.0,52,9,200,76.25,305
249,102.0,7224.0,2844.0,11376.0,2,44,23.75,95,21,200,128.25,513
250,140.0,4254.0,1466.75,5867.0,3,38,16.0,64,15,200,92.25,369
251,36.0,4854.0,1266.0,5064.0,0,39,10.25,41,9,200,59.75,239
252,59.0,510.0,184.75,739.0,1,12,4.25,17,9,81,31.5,126
253,84.0,8880.0,3613.5,14454.0,2,45,27.5,110,21,200,146.25,585
254,68.0,9066.0,3076.0,12304.0,2,43,20.75,83,15,200,107.5,430
255,63.0,4236.0,1269.5,5078.0,1,37,13.25,53,15,200,76.0,304
256,104.0,7188.0,3800.0,15200.0,3,44,29.75,119,15,200,153.75,615
257,63.0,4392.0,1165.25,4661.0,1,37,10.5,42,15,200,62.75,251
258,59.0,7674.0,3706.75,14827.0,1,43,21.75,87,9,200,109.0,436
259,170.0,3660.0,1772.5,7090.0,4,39,20.25,81,27,200,113.5,454
260,71.0,1758.0,898.25,3593.0,1,33,18.0,72,9,200,113.75,455
261,71.0,3822.0,1829.75,7319.0,2,39,23.75,95,9,200,131.25,525
262,42.0,12276.0,4589.25,18357.0,0,49,24.5,98,9,200,118.0,472
263,69.0,684.0,292.75,1171.0,1,12,5.25,21,15,81,37.5,150
264,65.0,3978.0,1165.25,4661.0,1,36,12.25,49,9,200,71.5,286
265,107.0,1734.0,633.25,2533.0,2,30,10.75,43,21,188,70.25,281
266,53.0,3216.0,937.0,3748.0,1,35,11.25,45,9,200,65.5,262
267,323.0,7236.0,3791.75,15167.0,7,42,31.0,124,45,200,161.25,645
268,63.0,3924.0,1112.0,4448.0,1,37,11.5,46,15,200,67.0,268
269,176.0,8400.0,4833.5,19334.0,4,42,31.0,124,27,200,156.75,627
270,36.0,3048.0,801.75,3207.0,0,37,9.5,38,9,200,58.25,233
271,41.0,8124.0,2998.75,11995.0,1,46,21.25,85,9,200,106.0,424
272,53.0,4986.0,1501.75,6007.0,1,38,13.75,55,9,200,79.0,316
273,92.0,165.0,123.75,495.0,2,3,2.5,10,15,27,18.0,72
274,36.0,7716.0,3186.0,12744.0,0,44,28.0,112,9,200,152.25,609
275,113.0,11568.0,3946.75,15787.0,3,46,24.75,99,21,200,127.0,508
276,47.0,4188.0,1213.75,4855.0,1,36,12.5,50,9,200,73.25,293
277,69.0,1074.0,362.5,1450.0,1,16,5.5,22,15,104,38.75,155
278,65.0,5778.0,2552.0,10208.0,1,42,26.25,105,9,200,142.0,568
279,41.0,7272.0,4799.75,19199.0,1,43,31.5,126,9,200,152.25,609
280,65.0,8874.0,3004.25,12017.0,1,45,21.25,85,9,200,110.5,442
281,47.0,1524.0,472.0,1888.0,1,12,4.5,18,9,80,32.75,131
282,71.0,171.0,127.0,508.0,1,3,2.5,10,9,27,21.0,84
283,57.0,183.0,122.5,490.0,1,5,2.5,10,9,33,21.0,84
284,108.0,8586.0,3705.0,14820.0,2,46,29.75,119,21,200,155.25,621
285,179.0,7398.0,2010.0,8040.0,3,43,14.25,57,21,200,73.25,293
286,57.0,2364.0,654.25,2617.0,1,24,7.5,30,9,152,49.25,197
287,132.0,3906.0,1108.75,4435.0,2,36,11.75,47,21,200,70.25,281
288,36.0,216.0,113.25,453.0,0,6,2.25,9,9,45,22.5,90
289,182.0,5544.0,1587.75,6351.0,4,37,13.75,55,27,200,77.75,311
290,36.0,2604.0,704.0,2816.0,0,35,9.5,38,9,200,58.25,233
291,59.0,4854.0,1282.5,5130.0,1,36,10.5,42,9,200,61.25,245
292,98.0,4758.0,1315.75,5263.0,2,40,13.0,52,15,200,70.25,281
293,440.0,8196.0,3510.5,14042.0,12,44,31.5,126,75,200,168.75,675
294,53.0,8970.0,3120.25,12481.0,1,45,23.75,95,9,200,124.0,496
295,272.0,8004.0,3606.5,14426.0,6,40,30.0,120,39,200,159.75,639
296,179.0,1446.0,543.75,2175.0,5,16,9.0,36,33,104,56.75,227
297,329.0,10428.0,3688.0,14752.0,7,44,23.5,94,45,200,122.5,490
298,330.0,4296.0,1777.25,7109.0,8,36,21.75,87,57,200,128.5,514
299,42.0,8388.0,2397.5,9590.0,0,36,14.5,58,9,200,88.0,352
300,57.0,4032.0,1272.5,5090.0,1,39,12.75,51,15,200,73.0,292
301,287.0,8088.0,4522.25,18089.0,7,46,31.75,127,45,200,161.25,645
302,53.0,7674.0,2782.25,11129.0,1,43,22.25,89,9,200,116.5,466
303,111.0,9174.0,3285.75,13143.0,3,46,23.75,95,27,200,124.0,496
304,111.0,3150.0,895.75,3583.0,3,33,10.5,42,21,200,67.25,269
305,77.0,2292.0,728.25,2913.0,1,35,11.75,47,9,200,68.75,275
306,57.0,7866.0,3284.25,13137.0,1,44,28.75,115,15,200,153.75,615
307,42.0,3360.0,961.75,3847.0,0,37,12.5,50,9,200,73.25,293
308,71.0,6882.0,3076.25,12305.0,1,43,26.0,104,9,200,137.25,549
309,36.0,7080.0,2853.75,11415.0,0,44,23.75,95,9,200,126.75,507
310,80.0,8880.0,3177.5,12710.0,2,43,28.25,113,15,200,153.75,615
311,59.0,399.0,182.25,729.0,1,7,3.5,14,9,50,23.75,95
312,77.0,6168.0,2754.5,11018.0,1,42,25.25,101,9,200,135.75,543
313,77.0,5772.0,2221.0,8884.0,2,40,22.0,88,9,200,119.5,478
314,114.0,6186.0,2327.25,9309.0,2,43,22.0,88,21,200,121.0,484
315,75.0,1776.0,550.0,2200.0,1,24,8.25,33,9,152,53.75,215
316,41.0,4638.0,1296.25,5185.0,1,39,12.5,50,9,200,67.25,269
317,167.0,10296.0,3594.5,14378.0,3,45,22.5,90,27,200,115.0,460
318,341.0,10806.0,3601.0,14404.0,9,47,26.25,105,57,200,134.5,538
319,42.0,2850.0,898.75,3595.0,0,32,11.0,44,9,200,70.25,281
320,77.0,4416.0,1214.5,4858.0,1,39,12.25,49,9,200,68.75,275
321,77.0,7770.0,4099.25,16397.0,1,43,30.0,120,9,200,152.25,609
322,152.0,5502.0,2856.5,11426.0,4,40,27.75,111,27,200,153.75,615
323,179.0,4422.0,1955.75,7823.0,4,39,20.5,82,33,200,116.5,466
324,113.0,8982.0,2983.0,11932.0,3,43,21.25,85,21,200,110.5,442
325,77.0,4398.0,1849.75,7399.0,1,39,20.0,80,9,200,109.0,436
326,41.0,7788.0,4228.25,16913.0,1,43,29.75,119,9,200,152.25,609
327,123.0,6396.0,3299.25,13197.0,3,43,30.0,120,27,200,156.75,627
328,59.0,3744.0,1027.5,4110.0,1,38,11.5,46,9,200,64.25,257
329,68.0,1518.0,452.25,1809.0,2,26,8.25,33,15,164,53.75,215
330,65.0,5148.0,1785.0,7140.0,1,39,18.5,74,9,200,103.25,413
331,36.0,5352.0,2847.0,11388.0,0,41,28.5,114,9,200,152.25,609
332,65.0,768.0,271.5,1086.0,1,12,4.75,19,9,80,31.25,125
333,306.0,5424.0,1612.25,6449.0,8,38,15.75,63,57,200,92.75,371
334,65.0,9642.0,4406.75,17627.0,1,47,30.25,121,9,200,152.25,609
335,59.0,8388.0,2184.5,8738.0,2,42,12.75,51,9,200,67.25,269
336,77.0,5202.0,1363.75,5455.0,1,39,11.0,44,9,200,61.25,245
337,267.0,5694.0,3725.25,14901.0,7,43,31.5,126,51,200,162.75,651
338,71.0,6060.0,3391.25,13565.0,1,43,28.75,115,9,200,152.25,609
339,59.0,3906.0,1035.25,4141.0,1,36,10.25,41,9,200,61.25,245
340,264.0,1011.0,459.5,1838.0,6,13,8.0,32,45,86,55.25,221
341,68.0,272.0,132.5,530.0,2,6,3.0,12,15,39,21.0,84
342,125.0,10650.0,4163.5,16654.0,3,47,23.0,92,21,200,110.5,442
343,77.0,233.0,152.25,609.0,1,5,3.25,13,9,33,24.0,96
344,47.0,7254.0,1999.0,7996.0,1,42,14.0,56,9,200,74.75,299
345,77.0,2304.0,666.0,2664.0,1,35,10.5,42,9,200,61.25,245
346,86.0,8616.0,3677.0,14708.0,2,46,30.0,120,15,200,153.75,615
347,114.0,5982.0,2741.25,10965.0,2,40,20.75,83,21,200,112.0,448
348,47.0,9642.0,2893.75,11575.0,1,45,20.25,81,9,200,106.0,424
349,80.0,6606.0,3474.5,13898.0,2,43,29.0,116,15,200,153.75,615
350,89.0,5448.0,1500.5,6002.0,2,36,12.25,49,9,200,73.25,293
351,47.0,6300.0,1678.75,6715.0,1,43,13.0,52,9,200,67.25,269
352,59.0,6312.0,1684.0,6736.0,1,43,13.25,53,9,200,68.75,275
353,162.0,5532.0,3081.0,12324.0,4,42,29.25,117,33,200,158.25,633
354,131.0,2922.0,837.25,3349.0,3,36,11.25,45,21,200,67.25,269
355,200.0,4620.0,2590.25,10361.0,4,41,28.5,114,27,200,152.25,609
356,42.0,9606.0,3893.25,15573.0,0,45,23.25,93,9,200,115.0,460
357,200.0,5904.0,3843.5,15374.0,4,41,30.25,121,27,200,156.75,627
358,74.0,1974.0,917.75,3671.0,2,34,14.5,58,15,200,89.5,358
359,71.0,7818.0,2738.0,10952.0,1,45,20.75,83,9,200,109.0,436
360,324.0,9318.0,3501.0,14004.0,8,45,26.75,107,57,200,140.25,561
361,63.0,7944.0,2627.0,10508.0,1,42,19.75,79,9,200,106.0,424
362,204.0,2517.0,828.25,3313.0,4,31,11.75,47,33,194,76.25,305
363,47.0,6924.0,2339.0,9356.0,1,42,20.25,81,9,200,109.0,436
364,179.0,4356.0,1563.5,6254.0,5,40,19.25,77,33,200,109.0,436
365,159.0,11850.0,4304.25,17217.0,3,49,24.75,99,27,200,121.0,484
366,41.0,4680.0,1246.25,4985.0,1,39,11.0,44,9,200,62.75,251
367,69.0,3183.0,878.75,3515.0,1,19,6.25,25,15,122,44.75,179
368,71.0,3582.0,1128.25,4513.0,1,38,15.25,61,9,200,88.25,353
369,71.0,1689.0,900.0,3600.0,1,31,17.0,68,9,194,106.25,425
370,77.0,3114.0,1078.75,4315.0,1,35,14.25,57,9,200,85.0,340
371,41.0,7734.0,1977.25,7909.0,1,40,10.75,43,9,200,58.25,233
372,143.0,4644.0,1809.25,7237.0,3,38,20.0,80,21,200,112.0,448
373,36.0,2652.0,766.0,3064.0,0,36,10.75,43,9,200,62.75,251
374,90.0,13974.0,4347.75,17391.0,2,50,25.25,101,21,200,126.75,507
375,71.0,5130.0,1433.25,5733.0,1,43,14.25,57,9,200,71.75,287
376,65.0,4836.0,1271.75,5087.0,1,37,10.5,42,9,200,62.75,251
377,42.0,4536.0,1305.25,5221.0,0,35,12.25,49,9,200,73.25,293
378,36.0,9270.0,4135.5,16542.0,0,45,26.75,107,9,200,137.25,549
379,41.0,8604.0,3610.75,14443.0,1,45,23.75,95,9,200,115.0,460
380,42.0,6642.0,3921.0,15684.0,0,44,30.0,120,9,200,152.25,609
381,65.0,4116.0,1125.25,4501.0,1,32,10.25,41,9,200,67.25,269
382,77.0,3702.0,1030.5,4122.0,1,36,11.0,44,9,200,64.25,257
383,227.0,10602.0,2935.75,11743.0,5,42,17.0,68,33,200,91.25,365
384,135.0,2964.0,870.25,3481.0,3,35,11.5,46,27,200,70.25,281
385,84.0,6732.0,2450.75,9803.0,2,42,21.25,85,21,200,113.5,454
386,153.0,4116.0,2381.25,9525.0,3,39,27.75,111,27,200,156.75,627
387,65.0,6078.0,1599.5,6398.0,1,41,11.75,47,9,200,64.25,257
388,65.0,8142.0,3691.25,14765.0,2,44,26.75,107,9,200,134.25,537
389,71.0,4224.0,1674.5,6698.0,1,35,18.5,74,9,200,112.0,448
390,77.0,2826.0,775.5,3102.0,1,24,7.5,30,9,152,49.25,197
391,65.0,6228.0,1650.25,6601.0,1,40,12.25,49,9,200,67.25,269
392,80.0,6072.0,2029.0,8116.0,2,40,19.25,77,15,200,107.5,430
393,63.0,6528.0,2556.75,10227.0,1,40,21.0,84,15,200,121.0,484
394,110.0,2442.0,714.25,2857.0,2,36,10.75,43,15,200,64.25,257
395,119.0,7554.0,3605.75,14423.0,3,45,29.5,118,21,200,155.25,621
396,47.0,2862.0,1168.75,4675.0,1,37,16.5,66,9,200,94.0,376
397,236.0,5430.0,1541.25,6165.0,6,39,14.5,58,39,200,80.75,323
398,107.0,339.0,180.75,723.0,2,5,3.25,13,15,38,23.75,95
399,42.0,2562.0,1018.25,4073.0,0,35,14.75,59,9,200,89.5,358
400,59.0,7296.0,1978.75,7915.0,1,40,14.25,57,9,200,79.25,317
401,75.0,3240.0,883.25,3533.0,1,36,10.5,42,9,200,62.75,251
402,47.0,159.0,97.0,388.0,1,3,2.0,8,9,27,18.0,72
403,111.0,7716.0,2286.75,9147.0,2,43,15.75,63,21,200,85.0,340
404,101.0,7116.0,3319.25,13277.0,3,42,23.0,92,21,200,116.25,465
405,77.0,2874.0,796.75,3187.0,1,34,9.75,39,9,200,61.25,245
406,125.0,3972.0,1186.5,4746.0,3,37,12.75,51,21,200,73.25,293
407,47.0,2994.0,798.0,3192.0,1,35,9.75,39,9,200,58.25,233
408,53.0,1290.0,375.0,1500.0,1,18,5.5,22,9,116,37.25,149
409,59.0,203.0,120.75,483.0,1,5,2.75,11,9,33,21.0,84
410,65.0,1599.0,541.25,2165.0,1,29,10.25,41,9,183,69.0,276
411,92.0,9480.0,3511.0,14044.0,2,48,23.75,95,15,200,116.5,466
412,53.0,5340.0,1406.25,5625.0,1,37,10.75,43,9,200,59.75,239
413,323.0,5874.0,3605.75,14423.0,9,42,30.5,122,57,200,164.25,657
414,71.0,7890.0,2926.25,11705.0,1,44,23.25,93,9,200,122.5,490
415,41.0,9504.0,3821.75,15287.0,0,46,21.5,86,9,200,104.5,418
416,65.0,5298.0,3062.75,12251.0,2,39,28.75,115,9,200,152.25,609
417,77.0,4998.0,1774.5,7098.0,1,40,17.25,69,9,200,94.25,377
418,69.0,5610.0,1635.5,6542.0,1,41,13.5,54,15,200,70.0,280
419,71.0,198.0,115.75,463.0,1,4,2.25,9,9,33,19.5,78
420,42.0,9402.0,2434.25,9737.0,0,44,12.75,51,9,200,65.75,263
421,86.0,234.0,158.25,633.0,2,5,3.5,14,15,33,24.0,96
422,71.0,4896.0,2166.5,8666.0,1,39,19.75,79,9,200,109.0,436
423,77.0,180.0,145.75,583.0,1,4,3.25,13,9,33,25.5,102
424,197.0,5028.0,3734.75,14939.0,5,41,31.0,124,33,200,158.25,633
425,65.0,6234.0,2435.0,9740.0,1,42,23.5,94,9,200,126.75,507
426,98.0,350.0,184.0,736.0,2,8,4.0,16,15,51,30.0,120
427,63.0,1392.0,398.75,1595.0,1,20,5.75,23,9,129,42.0,168
428,74.0,6720.0,1918.5,7674.0,2,37,14.0,56,15,200,79.25,317
429,77.0,122.0,100.0,400.0,1,4,2.0,8,9,27,18.0,72
430,68.0,2163.0,600.0,2400.0,2,25,7.75,31,9,158,49.25,197
431,65.0,3342.0,939.25,3757.0,1,37,11.5,46,9,200,67.25,269
432,65.0,4368.0,1869.5,7478.0,1,37,18.5,74,9,200,109.0,436
433,42.0,3198.0,980.25,3921.0,0,35,11.25,45,9,200,70.0,280
434,99.0,3618.0,1015.75,4063.0,1,35,11.0,44,15,200,67.25,269
435,65.0,282.0,126.75,507.0,1,6,2.75,11,9,45,21.0,84
436,36.0,8202.0,4114.5,16458.0,0,45,29.25,117,9,200,152.25,609
437,113.0,3402.0,951.75,3807.0,3,35,11.5,46,21,200,68.75,275
438,152.0,5370.0,2299.25,9197.0,4,41,21.25,85,27,200,116.5,466
439,53.0,9330.0,3595.25,14381.0,1,47,28.5,114,9,200,149.25,597
440,57.0,585.0,210.5,842.0,1,13,4.5,18,15,87,34.5,138
441,47.0,9444.0,4952.75,19811.0,1,47,30.75,123,9,200,152.25,609
442,53.0,6132.0,2174.0,8696.0,1,38,18.5,74,9,200,106.0,424
443,153.0,8232.0,3966.75,15867.0,3,46,29.75,119,27,200,156.75,627
444,63.0,5592.0,1642.25,6569.0,1,39,14.5,58,15,200,80.5,322
445,65.0,422.0,174.5,698.0,1,8,3.5,14,9,51,21.0,84
446,309.0,5058.0,3326.25,13305.0,9,42,31.0,124,63,200,165.75,663
447,57.0,6624.0,2543.25,10173.0,1,43,21.0,84,15,200,112.0,448
448,57.0,2982.0,811.75,3247.0,1,35,10.5,42,9,200,61.25,245
449,36.0,3198.0,1069.25,4277.0,0,35,13.0,52,9,200,77.75,311
450,98.0,3342.0,946.0,3784.0,2,38,12.0,48,15,200,68.75,275
451,111.0,786.0,302.75,1211.0,3,16,6.5,26,15,105,45.0,180
452,101.0,741.0,270.0,1080.0,2,11,4.75,19,9,74,31.25,125
453,77.0,357.0,170.5,682.0,1,7,3.5,14,9,51,27.0,108
454,78.0,164.0,130.0,520.0,2,4,3.0,12,15,33,24.0,96
455,68.0,2472.0,766.0,3064.0,2,35,11.25,45,15,200,65.5,262
456,36.0,1353.0,538.75,2155.0,0,25,9.5,38,9,158,61.25,245
457,41.0,954.0,484.0,1936.0,1,16,8.25,33,9,105,53.75,215
458,53.0,6444.0,1674.25,6697.0,1,41,11.5,46,9,200,61.25,245
459,57.0,636.0,233.75,935.0,1,12,4.5,18,9,81,33.0,132
460,77.0,753.0,434.5,1738.0,2,12,8.25,33,9,81,53.75,215
461,65.0,131.0,91.75,367.0,1,3,1.75,7,9,21,16.5,66
462,63.0,732.0,328.75,1315.0,1,10,4.75,19,15,68,34.25,137
463,65.0,6804.0,3791.75,15167.0,1,42,29.5,118,9,200,152.25,609
464,41.0,6738.0,1766.25,7065.0,1,41,12.5,50,9,200,62.75,251
465,59.0,5322.0,1819.0,7276.0,1,39,18.25,73,9,200,104.5,418
466,77.0,5310.0,1425.0,5700.0,1,40,12.25,49,9,200,64.25,257
467,122.0,4170.0,1890.25,7561.0,2,37,22.75,91,15,200,130.0,520
468,297.0,5508.0,3381.75,13527.0,9,40,31.25,125,63,200,165.75,663
469,42.0,4014.0,1058.75,4235.0,0,36,10.25,41,9,200,62.75,251
470,87.0,8406.0,2924.75,11699.0,1,43,21.25,85,15,200,110.5,442
471,77.0,4398.0,1701.5,6806.0,1,39,17.25,69,9,200,97.0,388
472,65.0,4254.0,1120.0,4480.0,1,37,10.25,41,9,200,59.75,239
473,63.0,558.0,194.75,779.0,1,10,3.25,13,9,69,27.0,108
474,42.0,5634.0,3323.25,13293.0,0,41,25.75,103,9,200,138.75,555
475,86.0,10830.0,4242.5,16970.0,2,46,30.0,120,15,200,153.75,615
476,65.0,1137.0,353.5,1414.0,2,13,4.75,19,9,86,32.75,131
477,77.0,3096.0,977.5,3910.0,1,36,13.5,54,9,200,80.75,323
478,36.0,5640.0,3994.5,15978.0,0,40,29.5,118,9,200,152.25,609
479,261.0,5748.0,3416.25,13665.0,5,39,29.5,118,39,200,159.75,639
480,212.0,8472.0,4221.5,16886.0,6,43,32.0,128,39,200,159.75,639
481,59.0,7326.0,3940.25,15761.0,1,44,29.5,118,9,200,152.25,609
482,335.0,4488.0,1422.75,5691.0,9,36,16.75,67,57,200,98.75,395
483,104.0,1800.0,905.0,3620.0,2,33,16.25,65,15,200,103.25,413
484,225.0,8616.0,3102.0,12408.0,5,44,24.5,98,39,200,131.25,525
485,77.0,6624.0,1830.5,7322.0,1,42,14.0,56,9,200,76.25,305
486,75.0,2256.0,640.25,2561.0,1,35,10.0,40,15,200,62.75,251
487,80.0,10230.0,4121.0,16484.0,2,46,30.0,120,15,200,153.75,615
488,116.0,150.0,131.25,525.0,2,4,3.25,13,15,33,24.0,96
489,47.0,7410.0,3986.75,15947.0,1,45,30.25,121,9,200,152.25,609
490,41.0,4878.0,1263.25,5053.0,1,38,10.25,41,9,200,58.25,233
491,65.0,3456.0,954.75,3819.0,1,35,10.5,42,9,200,62.75,251
492,71.0,6768.0,3593.0,14372.0,1,43,28.0,112,9,200,144.75,579
493,102.0,3096.0,881.5,3526.0,2,35,11.25,45,21,200,68.75,275
494,53.0,6774.0,3422.75,13691.0,1,41,28.5,114,9,200,152.25,609
495,95.0,5838.0,3419.75,13679.0,2,42,29.75,119,9,200,152.25,609
496,77.0,885.0,322.25,1289.0,1,15,6.25,25,9,98,44.75,179
497,36.0,5118.0,2424.75,9699.0,0,39,26.75,107,9,200,151.0,604
498,62.0,3864.0,1149.25,4597.0,2,36,12.75,51,15,200,73.0,292
499,90.0,663.0,254.0,1016.0,2,11,4.5,18,21,74,34.25,137
500,135.0,1392.0,494.75,1979.0,3,20,8.25,33,27,128,56.75,227
501,47.0,9258.0,3985.25,15941.0,1,45,21.75,87,9,200,107.5,430
502,284.0,8664.0,4277.0,17108.0,6,43,31.5,126,39,200,159.75,639
503,53.0,6372.0,3051.5,12206.0,1,44,22.0,88,9,200,109.0,436
504,36.0,10026.0,4157.0,16628.0,0,47,29.25,117,9,200,151.0,604
505,75.0,3636.0,1044.25,4177.0,1,37,12.25,49,9,200,70.25,281
506,65.0,5772.0,1504.75,6019.0,1,40,11.25,45,9,200,61.25,245
507,36.0,113.0,78.0,312.0,0,3,1.75,7,9,21,13.5,54
508,47.0,7878.0,2056.75,8227.0,1,41,12.5,50,9,200,67.25,269
509,71.0,4170.0,1142.25,4569.0,1,35,11.0,44,9,200,65.75,263
510,71.0,4368.0,1174.75,4699.0,1,37,11.0,44,9,200,64.25,257
511,74.0,8994.0,3267.25,13069.0,2,44,22.25,89,15,200,109.0,436
512,350.0,9972.0,3572.5,14290.0,8,44,24.25,97,51,200,125.5,502
513,203.0,5400.0,1627.75,6511.0,5,40,16.25,65,33,200,91.0,364
514,36.0,1668.0,461.0,1844.0,0,33,8.75,35,9,200,58.25,233
515,36.0,7842.0,2155.25,8621.0,0,43,15.0,60,9,200,80.75,323
516,41.0,7080.0,3823.25,15293.0,1,44,29.75,119,9,200,152.25,609
517,87.0,5208.0,3468.75,13875.0,1,41,28.75,115,15,200,153.75,615
518,173.0,2952.0,916.75,3667.0,3,35,13.25,53,21,200,79.25,317
519,65.0,6468.0,2986.0,11944.0,1,43,23.5,94,9,200,119.5,478
520,57.0,9060.0,3967.25,15869.0,1,45,22.0,88,15,200,107.5,430
521,81.0,996.0,365.5,1462.0,1,18,7.5,30,15,116,50.75,203
522,41.0,4878.0,1260.75,5043.0,1,38,10.75,43,9,200,56.75,227
523,71.0,5466.0,2688.5,10754.0,1,39,23.75,95,9,200,130.0,520
524,36.0,3924.0,1020.5,4082.0,0,37,9.75,39,9,200,58.25,233
525,75.0,7614.0,3102.0,12408.0,1,46,26.75,107,15,200,137.25,549
526,122.0,3552.0,1546.25,6185.0,3,37,20.25,81,15,200,116.25,465
527,47.0,6108.0,3506.75,14027.0,1,43,29.75,119,9,200,152.25,609
528,41.0,6666.0,3357.5,13430.0,1,43,26.5,106,9,200,132.75,531
529,47.0,6714.0,2297.0,9188.0,1,41,20.25,81,9,200,114.75,459
530,36.0,5640.0,1452.5,5810.0,0,41,10.75,43,9,200,58.25,233
531,41.0,2238.0,785.5,3142.0,1,34,13.5,54,9,200,80.5,322
532,110.0,6504.0,1781.0,7124.0,2,41,13.75,55,15,200,76.25,305
533,65.0,387.0,232.75,931.0,2,9,5.5,22,9,63,37.5,150
534,135.0,1860.0,581.5,2326.0,3,28,9.5,38,21,176,62.75,251
535,36.0,642.0,281.25,1125.0,0,12,5.0,20,9,81,37.25,149
536,47.0,3126.0,915.0,3660.0,1,34,11.25,45,9,200,67.25,269
537,98.0,3096.0,1654.0,6616.0,2,37,23.25,93,15,200,134.5,538
538,42.0,6432.0,4044.0,16176.0,0,40,28.75,115,9,200,152.25,609
539,86.0,6204.0,3080.0,12320.0,3,41,26.0,104,15,200,135.75,543
540,63.0,6594.0,4125.75,16503.0,1,44,30.5,122,15,200,153.75,615
541,77.0,4008.0,1074.25,4297.0,1,38,10.75,43,9,200,61.25,245
542,191.0,8244.0,4619.75,18479.0,5,45,31.5,126,33,200,158.25,633
543,126.0,4032.0,1138.0,4552.0,2,36,11.5,46,21,200,68.75,275
544,123.0,5466.0,3003.0,12012.0,3,42,26.0,104,27,200,140.25,561
545,36.0,5544.0,1882.5,7530.0,0,40,17.0,68,9,200,95.5,382
546,131.0,5802.0,3072.5,12290.0,3,41,27.5,110,21,200,148.0,592
547,149.0,2958.0,860.5,3442.0,3,36,11.5,46,21,200,68.75,275
548,68.0,3840.0,1167.75,4671.0,1,40,14.0,56,9,200,74.75,299
549,210.0,6684.0,3639.0,14556.0,4,42,29.5,118,33,200,158.25,633
550,42.0,645.0,249.25,997.0,0,9,4.0,16,9,63,28.5,114
551,77.0,165.0,123.0,492.0,1,3,2.5,10,9,27,19.5,78
552,158.0,11202.0,4767.5,19070.0,4,46,30.75,123,27,200,156.75,627
553,126.0,5946.0,3396.0,13584.0,2,43,30.5,122,21,200,155.25,621
554,144.0,11034.0,3386.0,13544.0,2,47,22.0,88,21,200,112.0,448
555,135.0,3924.0,1096.25,4385.0,3,36,11.75,47,27,200,71.75,287
556,41.0,7242.0,2537.0,10148.0,1,42,19.75,79,9,200,106.0,424
557,113.0,3960.0,1150.75,4603.0,3,37,12.5,50,21,200,73.25,293
558,153.0,6294.0,3075.75,12303.0,3,44,30.0,120,27,200,156.75,627
559,176.0,6600.0,2548.25,10193.0,6,42,22.5,90,39,200,122.5,490
560,77.0,3408.0,1048.5,4194.0,1,35,12.25,49,9,200,73.25,293
561,65.0,4446.0,1221.0,4884.0,1,38,12.0,48,9,200,67.25,269
562,174.0,3378.0,1106.0,4424.0,4,38,14.75,59,33,200,85.0,340
563,209.0,5238.0,2204.0,8816.0,5,40,24.5,98,33,200,139.0,556
564,104.0,5046.0,2859.5,11438.0,2,40,28.5,114,15,200,153.75,615
565,53.0,137.0,90.75,363.0,1,3,1.75,7,9,21,15.0,60
566,47.0,7116.0,1850.25,7401.0,1,40,11.75,47,9,200,62.75,251
567,65.0,6972.0,3122.0,12488.0,1,45,25.5,102,9,200,132.75,531
568,36.0,6810.0,3810.0,15240.0,0,42,29.0,116,9,200,152.25,609
569,87.0,342.0,170.75,683.0,1,6,3.25,13,15,45,27.0,108
570,318.0,8922.0,3134.75,12539.0,8,44,24.25,97,57,200,128.5,514
571,71.0,7506.0,2155.75,8623.0,1,42,16.25,65,9,200,88.25,353
572,59.0,4668.0,1288.5,5154.0,1,36,11.5,46,9,200,67.25,269
573,41.0,7242.0,3614.75,14459.0,1,44,29.75,119,9,200,152.25,609
574,116.0,1437.0,476.0,1904.0,2,19,7.0,28,15,122,49.25,197
575,47.0,8682.0,4258.25,17033.0,1,45,29.5,118,9,200,152.25,609
576,84.0,5340.0,2747.25,10989.0,2,42,22.75,91,21,200,118.0,472
577,219.0,5988.0,3279.75,13119.0,5,41,29.25,117,39,200,159.75,639
578,113.0,8316.0,3749.75,14999.0,3,42,25.25,101,21,200,131.5,526
579,36.0,7662.0,3393.0,13572.0,0,43,28.5,114,9,200,152.25,609
580,65.0,203.0,120.0,480.0,1,5,2.5,10,9,33,19.5,78
581,135.0,7830.0,2920.25,11681.0,3,46,22.25,89,27,200,113.5,454
582,36.0,8946.0,3930.75,15723.0,0,46,24.75,99,9,200,123.75,495
583,360.0,4506.0,2968.5,11874.0,10,41,30.25,121,69,200,167.25,669
584,65.0,990.0,405.25,1621.0,1,16,7.25,29,9,104,49.25,197
585,41.0,4008.0,1065.25,4261.0,1,40,11.25,45,9,200,61.25,245
586,57.0,5004.0,1331.0,5324.0,1,36,10.5,42,15,200,64.25,257
587,41.0,2964.0,787.75,3151.0,1,36,9.75,39,9,200,58.25,233
588,71.0,4596.0,2112.5,8450.0,1,39,22.0,88,9,200,124.0,496
589,47.0,8124.0,3400.75,13603.0,1,45,25.5,102,9,200,127.0,508
590,57.0,7446.0,3185.0,12740.0,1,43,21.5,86,15,200,109.0,436
591,42.0,3132.0,902.0,3608.0,0,35,10.5,42,9,200,64.0,256
592,36.0,6006.0,2989.25,11957.0,0,41,21.75,87,9,200,116.5,466
593,42.0,1488.0,434.5,1738.0,0,22,6.5,26,9,140,44.75,179
594,47.0,6012.0,2845.0,11380.0,1,43,24.0,96,9,200,122.5,490
595,494.0,12246.0,4387.25,17549.0,12,46,28.25,113,75,200,149.5,598
596,152.0,5550.0,3330.5,13322.0,4,41,29.75,119,27,200,156.75,627
597,69.0,8784.0,3253.5,13014.0,1,46,24.0,96,15,200,122.25,489
598,110.0,6006.0,2414.5,9658.0,2,41,22.25,89,15,200,116.5,466
599,41.0,9702.0,4199.75,16799.0,1,49,30.5,122,9,200,152.25,609
600,360.0,10092.0,3622.5,14490.0,10,45,25.5,102,69,200,134.5,538
601,155.0,7194.0,3115.0,12460.0,4,43,23.0,92,21,200,116.5,466
602,260.0,5610.0,1613.5,6454.0,5,38,14.0,56,39,200,80.75,323
603,102.0,11688.0,3639.75,14559.0,2,49,23.75,95,21,200,120.75,483
604,131.0,7812.0,4531.25,18125.0,3,42,30.5,122,21,200,155.25,621
605,71.0,4722.0,1247.75,4991.0,1,39,11.0,44,9,200,62.75,251
606,36.0,8652.0,3237.0,12948.0,0,44,20.25,81,9,200,104.5,418
607,107.0,9168.0,2526.75,10107.0,3,44,16.0,64,21,200,80.75,323
608,138.0,9852.0,3541.25,14165.0,4,46,22.75,91,21,200,113.5,454
609,53.0,6558.0,1710.25,6841.0,1,41,11.5,46,9,200,61.25,245
610,92.0,4764.0,2415.25,9661.0,2,38,21.5,86,15,200,118.0,472
611,107.0,8442.0,3058.25,12233.0,3,43,23.0,92,21,200,119.5,478
612,89.0,311.0,201.0,804.0,2,9,5.25,21,9,57,34.5,138
613,57.0,3954.0,1085.5,4342.0,1,36,11.0,44,15,200,65.75,263
614,170.0,9378.0,3472.75,13891.0,4,44,23.25,93,27,200,118.0,472
615,75.0,2202.0,628.25,2513.0,1,22,6.75,27,15,140,47.75,191
616,71.0,1218.0,577.75,2311.0,1,20,10.0,40,9,128,64.25,257
617,41.0,402.0,157.5,630.0,1,6,2.5,10,9,44,19.25,77
618,524.0,7350.0,2683.25,10733.0,12,42,26.25,105,75,200,143.5,574
619,342.0,6684.0,4026.0,16104.0,8,41,31.0,124,57,200,164.25,657
620,126.0,4740.0,2413.5,9654.0,2,39,22.75,91,21,200,125.25,501
621,59.0,464.0,276.25,1105.0,1,10,6.25,25,9,69,43.5,174
622,146.0,369.0,213.25,853.0,4,5,4.25,17,27,38,31.25,125
623,123.0,5022.0,2634.75,10539.0,3,39,28.0,112,27,200,156.75,627
624,47.0,3420.0,927.75,3711.0,1,37,10.5,42,9,200,59.75,239
625,36.0,6252.0,2261.75,9047.0,0,43,19.5,78,9,200,104.5,418
626,53.0,6750.0,1753.5,7014.0,1,42,12.0,48,9,200,61.25,245
627,41.0,7506.0,3205.25,12821.0,1,43,24.75,99,9,200,128.25,513
628,53.0,8838.0,3111.5,12446.0,1,45,21.5,86,9,200,109.0,436
629,77.0,3108.0,844.0,3376.0,1,35,9.75,39,9,200,59.75,239
630,425.0,8280.0,3902.75,15611.0,11,41,32.0,128,69,200,167.25,669
631,59.0,5610.0,1567.5,6270.0,1,42,15.0,60,9,200,79.25,317
632,77.0,5142.0,1404.75,5619.0,1,39,12.5,50,9,200,68.75,275
633,71.0,3216.0,997.0,3988.0,1,37,12.75,51,9,200,74.75,299
634,126.0,5520.0,3070.5,12282.0,2,41,28.5,114,21,200,155.25,621
635,53.0,200.0,99.75,399.0,1,4,1.75,7,9,27,15.0,60
636,98.0,1677.0,565.25,2261.0,2,19,8.25,33,15,122,56.75,227
637,171.0,5748.0,3417.75,13671.0,3,42,29.0,116,27,200,156.75,627
638,71.0,6126.0,3059.75,12239.0,1,42,28.75,115,9,200,152.25,609
639,77.0,3222.0,873.25,3493.0,1,37,10.5,42,9,200,61.25,245
640,59.0,4788.0,2824.25,11297.0,1,39,27.75,111,9,200,152.25,609
641,42.0,3258.0,1158.25,4633.0,0,35,13.25,53,9,200,79.25,317
642,53.0,5292.0,3652.25,14609.0,1,40,28.5,114,9,200,152.25,609
643,41.0,7818.0,3379.25,13517.0,1,43,29.0,116,9,200,152.25,609
644,615.0,3444.0,2310.75,9243.0,15,38,30.25,121,99,200,174.75,699
645,156.0,3126.0,925.0,3700.0,4,33,11.75,47,33,200,74.75,299
646,71.0,278.0,148.25,593.0,1,6,3.25,13,9,39,19.5,78
647,108.0,4344.0,1203.25,4813.0,2,35,11.0,44,21,200,67.25,269
648,36.0,8094.0,3130.5,12522.0,0,45,28.25,113,9,200,152.25,609
649,141.0,1146.0,417.25,1669.0,3,16,7.25,29,27,104,49.25,197
650,53.0,7068.0,3821.75,15287.0,2,43,30.0,120,9,200,152.25,609
651,75.0,3660.0,988.75,3955.0,1,36,10.25,41,15,200,61.25,245
652,164.0,6786.0,3133.25,12533.0,4,43,27.75,111,27,200,149.25,597
653,71.0,3558.0,1914.25,7657.0,1,39,26.0,104,9,200,148.0,592
654,404.0,5028.0,2042.75,8171.0,11,43,21.25,85,75,200,116.5,466
655,131.0,978.0,355.5,1422.0,3,12,5.5,22,21,80,37.25,149
656,36.0,5928.0,1617.5,6470.0,0,38,12.5,50,9,200,73.25,293
657,42.0,6228.0,2649.5,10598.0,0,43,20.5,82,9,200,106.0,424
658,147.0,3156.0,1610.0,6440.0,3,38,20.0,80,21,200,112.0,448
659,53.0,9222.0,2766.5,11066.0,1,42,18.5,74,9,200,103.0,412
660,65.0,6738.0,1875.25,7501.0,1,43,15.5,62,9,200,82.25,329
661,65.0,1557.0,449.5,1798.0,1,25,7.5,30,9,158,50.75,203
662,59.0,1125.0,650.0,2600.0,1,15,10.25,41,9,98,67.0,268
663,98.0,4452.0,1299.0,5196.0,2,39,14.5,58,15,200,79.25,317
664,41.0,7710.0,3745.25,14981.0,1,46,30.0,120,9,200,152.25,609
665,62.0,6852.0,1786.0,7144.0,2,38,11.0,44,15,200,62.75,251
666,63.0,843.0,320.5,1282.0,1,15,5.75,23,9,98,38.75,155
667,36.0,7524.0,2924.25,11697.0,0,44,21.5,86,9,200,112.0,448
668,41.0,6060.0,1571.0,6284.0,1,41,11.25,45,9,200,61.25,245
669,221.0,3552.0,1151.75,4607.0,5,37,14.25,57,33,200,83.5,334
670,98.0,6702.0,3137.0,12548.0,2,43,23.75,95,15,200,126.75,507
671,75.0,8286.0,3554.25,14217.0,1,44,21.25,85,15,200,109.0,436
672,71.0,108.0,91.75,367.0,1,3,1.75,7,9,21,16.5,66
673,42.0,5334.0,1393.75,5575.0,0,38,10.25,41,9,200,58.25,233
674,113.0,7740.0,2458.0,9832.0,3,40,19.75,79,21,200,110.5,442
675,63.0,7866.0,3747.75,14991.0,1,45,30.0,120,15,200,153.75,615
676,42.0,6606.0,2441.75,9767.0,0,42,19.5,78,9,200,104.5,418
677,69.0,2772.0,793.25,3173.0,1,37,11.0,44,9,200,65.75,263
678,41.0,1317.0,601.0,2404.0,1,21,10.0,40,9,134,62.5,250
679,41.0,7194.0,3407.75,13631.0,1,43,28.75,115,9,200,152.25,609
680,71.0,3228.0,890.25,3561.0,1,36,10.75,43,9,200,62.75,251
681,41.0,2376.0,650.5,2602.0,1,34,9.5,38,9,200,59.75,239
682,723.0,4578.0,1835.5,7342.0,17,37,24.75,99,111,200,143.75,575
683,143.0,3906.0,1121.25,4485.0,3,36,12.25,49,21,200,71.75,287
684,36.0,2304.0,754.75,3019.0,0,26,9.25,37,9,164,61.25,245
685,90.0,10410.0,4384.5,17538.0,2,46,30.0,120,21,200,155.25,621
686,65.0,4860.0,2489.5,9958.0,1,39,22.0,88,9,200,119.5,478
687,41.0,7662.0,1969.5,7878.0,1,42,12.0,48,9,200,61.25,245
688,74.0,7326.0,4046.0,16184.0,2,42,30.0,120,15,200,153.75,615
689,36.0,8190.0,4189.5,16758.0,0,45,29.25,117,9,200,152.25,609
690,63.0,5340.0,1470.25,5881.0,1,39,12.5,50,9,200,70.25,281
691,36.0,4848.0,1718.25,6873.0,0,41,20.0,80,9,200,115.0,460
692,173.0,8004.0,2981.75,11927.0,5,44,25.5,102,33,200,137.25,549
693,162.0,6018.0,1715.0,6860.0,4,38,13.75,55,33,200,79.25,317
694,105.0,9972.0,3986.25,15945.0,1,46,29.0,116,15,200,153.75,615
695,77.0,4512.0,1238.5,4954.0,1,38,12.0,48,9,200,68.75,275
696,110.0,5532.0,2156.75,8627.0,2,38,20.0,80,15,200,113.5,454
697,104.0,2127.0,745.0,2980.0,2,23,11.0,44,15,146,71.75,287
698,41.0,4596.0,1206.25,4825.0,1,41,11.25,45,9,200,58.25,233
699,114.0,6060.0,2937.0,11748.0,2,42,25.0,100,21,200,134.25,537
700,41.0,4626.0,1222.0,4888.0,1,38,10.75,43,9,200,59.75,239
701,71.0,8892.0,3700.25,14801.0,1,44,29.25,117,9,200,152.25,609
702,59.0,3270.0,925.75,3703.0,1,37,12.0,48,9,200,70.25,281
703,41.0,423.0,219.25,877.0,1,8,4.5,18,9,57,31.5,126
704,77.0,6864.0,2462.0,9848.0,1,40,22.0,88,9,200,121.0,484
705,89.0,5874.0,2113.25,8453.0,3,42,18.5,74,21,200,101.5,406
706,69.0,1830.0,539.5,2158.0,1,28,8.5,34,9,176,56.75,227
707,89.0,4056.0,1730.5,6922.0,3,37,19.5,78,21,200,110.5,442
708,108.0,6372.0,3732.0,14928.0,2,42,29.75,119,21,200,155.25,621
709,42.0,4068.0,1114.75,4459.0,0,35,10.5,42,9,200,64.25,257
710,53.0,5118.0,2243.0,8972.0,1,38,20.75,83,9,200,118.0,472
711,233.0,5184.0,2021.0,8084.0,5,38,22.25,89,33,200,126.75,507
712,89.0,6300.0,3076.25,12305.0,3,43,29.75,119,21,200,155.25,621
713,581.0,6270.0,2467.25,9869.0,13,42,27.75,111,81,200,152.25,609
714,78.0,2724.0,748.0,2992.0,2,36,10.75,43,9,200,62.75,251
715,36.0,5994.0,2182.5,8730.0,0,39,18.25,73,9,200,104.5,418
716,413.0,10560.0,3712.25,14849.0,10,43,25.0,100,69,200,134.5,538
717,42.0,2331.0,896.0,3584.0,0,21,9.75,39,9,134,64.25,257
718,240.0,6576.0,2213.25,8853.0,5,43,19.25,77,32,200,102.75,411
719,71.0,6582.0,2366.75,9467.0,1,42,22.0,88,9,200,122.5,490
720,113.0,8424.0,4349.75,17399.0,3,48,31.25,125,21,200,155.25,621
721,47.0,7038.0,3033.5,12134.0,1,42,22.0,88,9,200,112.0,448
722,63.0,3696.0,1009.0,4036.0,1,37,11.0,44,15,200,62.75,251
723,137.0,5820.0,3026.0,12104.0,3,42,25.25,101,21,200,132.75,531
724,98.0,3900.0,1997.0,7988.0,2,37,20.5,82,15,200,118.0,472
725,47.0,1074.0,448.0,1792.0,1,16,7.5,30,9,104,50.75,203
726,75.0,9660.0,3432.75,13731.0,1,44,25.25,101,15,200,135.75,543
727,102.0,5910.0,3102.0,12408.0,2,43,29.25,117,21,200,155.25,621
728,390.0,3294.0,1456.25,5825.0,5,35,19.25,77,32,200,113.25,453
729,201.0,7224.0,3200.25,12801.0,5,45,28.5,114,39,200,153.75,615
730,71.0,3648.0,1059.25,4237.0,1,36,12.5,50,9,200,73.25,293
731,341.0,5148.0,1554.25,6217.0,7,38,15.75,63,51,200,91.25,365
732,102.0,4212.0,1159.0,4636.0,2,37,11.75,47,21,200,68.75,275
733,98.0,8400.0,3645.5,14582.0,2,46,27.0,108,15,200,141.75,567
734,104.0,4974.0,2655.5,10622.0,2,41,28.5,114,15,200,153.75,615
735,65.0,7956.0,2868.25,11473.0,1,44,23.0,92,9,200,121.0,484
736,267.0,5526.0,2276.75,9107.0,7,41,22.75,91,51,200,125.5,502
737,77.0,339.0,190.25,761.0,1,5,3.25,13,9,39,27.0,108
738,134.0,4272.0,1245.75,4983.0,4,39,14.25,57,27,200,77.75,311
739,120.0,6354.0,2836.5,11346.0,2,41,24.5,98,21,200,131.5,526
740,86.0,7326.0,3161.0,12644.0,2,43,24.0,96,15,200,123.75,495
741,41.0,7452.0,3926.75,15707.0,1,43,30.0,120,9,200,152.25,609
742,41.0,2310.0,911.75,3647.0,1,22,12.25,49,9,140,80.5,322
743,47.0,7044.0,2392.0,9568.0,1,41,19.75,79,9,200,107.5,430
744,41.0,8238.0,3854.75,15419.0,1,45,30.25,121,9,200,152.25,609
745,57.0,1272.0,416.25,1665.0,1,16,6.25,25,15,104,46.25,185
746,57.0,3840.0,1020.5,4082.0,1,40,11.25,45,9,200,61.25,245
747,305.0,1932.0,731.75,2927.0,7,35,14.5,58,45,200,89.75,359
748,101.0,9486.0,2486.5,9946.0,3,41,13.0,52,21,200,68.75,275
749,176.0,8130.0,2984.75,11939.0,4,44,22.75,91,27,200,122.5,490
750,140.0,557.0,252.5,1010.0,3,11,5.5,22,21,69,36.0,144
751,53.0,7542.0,3629.75,14519.0,2,43,29.5,118,9,200,152.25,609
752,258.0,4536.0,1362.25,5449.0,6,37,15.25,61,45,200,88.25,353
753,141.0,9216.0,3366.0,13464.0,3,48,23.5,94,27,200,122.5,490
754,47.0,1971.0,549.75,2199.0,1,25,7.25,29,9,158,47.75,191
755,141.0,6348.0,3654.75,14619.0,3,43,30.5,122,27,200,156.75,627
756,41.0,5256.0,2628.5,10514.0,1,42,21.75,87,9,200,112.0,448
757,608.0,13596.0,4869.25,19477.0,15,49,31.75,127,87,200,160.0,640
758,77.0,3510.0,956.75,3827.0,1,37,10.5,42,9,200,62.75,251
759,114.0,555.0,320.0,1280.0,2,11,6.5,26,21,75,46.5,186
760,71.0,393.0,192.75,771.0,1,9,4.25,17,9,63,30.0,120
761,53.0,5598.0,1457.5,5830.0,1,40,11.5,46,9,200,62.75,251
762,36.0,5586.0,2968.5,11874.0,0,40,26.75,107,9,200,143.25,573
763,53.0,3018.0,834.25,3337.0,1,36,10.75,43,9,200,64.25,257
764,53.0,7740.0,3812.75,15251.0,1,44,29.25,117,9,200,152.25,609
765,59.0,2916.0,874.25,3497.0,1,38,12.75,51,9,200,74.75,299
766,41.0,318.0,129.0,516.0,1,6,2.5,10,9,45,19.5,78
767,71.0,4992.0,1474.75,5899.0,1,40,14.75,59,9,200,79.0,316
768,41.0,234.0,105.25,421.0,1,4,2.0,8,9,33,16.5,66
769,114.0,5076.0,1399.75,5599.0,2,35,11.75,47,21,200,70.25,281
770,42.0,6174.0,1874.0,7496.0,0,41,15.75,63,9,200,88.0,352
771,63.0,6054.0,1663.25,6653.0,1,39,13.0,52,15,200,71.5,286
772,596.0,9162.0,3608.0,14432.0,14,41,32.25,129,87,200,171.75,687
773,47.0,4182.0,2066.0,8264.0,1,35,18.75,75,9,200,112.0,448
774,41.0,3054.0,826.75,3307.0,1,35,10.0,40,9,200,61.25,245
775,77.0,3960.0,2029.0,8116.0,1,39,23.75,95,9,200,131.5,526
776,203.0,6318.0,2422.25,9689.0,5,44,23.0,92,33,200,122.5,490
777,150.0,1140.0,495.25,1981.0,4,22,10.25,41,33,141,67.5,270
778,108.0,903.0,363.25,1453.0,2,17,7.75,31,21,111,52.5,210
779,36.0,7596.0,3675.0,14700.0,0,42,22.5,90,9,200,113.25,453
780,65.0,3480.0,1322.0,5288.0,1,38,16.0,64,9,200,94.0,376
781,59.0,8844.0,2301.75,9207.0,1,41,12.5,50,9,200,65.75,263
782,78.0,498.0,216.5,866.0,2,10,4.75,19,15,69,34.5,138
783,63.0,7140.0,2616.75,10467.0,1,41,20.0,80,15,200,112.0,448
784,42.0,5388.0,1637.0,6548.0,0,37,13.25,53,9,200,76.0,304
785,185.0,4308.0,3031.25,12125.0,5,41,30.25,121,33,200,158.25,633
786,77.0,3612.0,1123.75,4495.0,1,36,12.75,51,9,200,73.0,292
787,71.0,5664.0,1522.0,6088.0,1,38,12.0,48,9,200,68.75,275
788,71.0,4026.0,1156.5,4626.0,1,35,12.5,50,9,200,73.25,293
789,77.0,2868.0,1001.5,4006.0,1,38,15.5,62,9,200,89.75,359
790,80.0,3294.0,968.5,3874.0,3,39,13.25,53,15,200,71.75,287
791,383.0,6180.0,3020.75,12083.0,9,39,30.25,121,57,200,164.25,657
792,59.0,393.0,181.25,725.0,1,9,4.25,17,9,63,33.0,132
793,71.0,567.0,210.0,840.0,1,9,3.5,14,9,62,25.25,101
794,59.0,3900.0,1245.75,4983.0,2,36,14.75,59,9,200,83.75,335
795,237.0,5814.0,1685.75,6743.0,5,37,14.25,57,39,200,83.75,335
796,71.0,8904.0,3433.0,13732.0,1,46,22.0,88,9,200,110.5,442
797,69.0,7296.0,3017.25,12069.0,1,44,28.25,113,15,200,153.75,615
798,41.0,4170.0,1090.5,4362.0,1,38,10.5,42,9,200,58.25,233
799,47.0,5154.0,1980.5,7922.0,1,38,21.25,85,9,200,124.0,496
800,71.0,3852.0,1043.5,4174.0,1,36,10.5,42,9,200,62.75,251
801,36.0,8520.0,2873.75,11495.0,0,45,20.5,82,9,200,104.5,418
802,158.0,2880.0,865.75,3463.0,3,34,11.5,46,20,200,70.0,280
803,42.0,7530.0,2922.5,11690.0,0,41,20.25,81,9,200,106.0,424
804,69.0,8502.0,3463.5,13854.0,1,45,25.0,100,15,200,128.25,513
805,41.0,2007.0,566.25,2265.0,1,19,6.25,25,9,122,41.75,167
806,71.0,137.0,98.0,392.0,1,3,2.25,9,9,21,15.0,60
807,89.0,5160.0,1522.0,6088.0,2,39,15.0,60,9,200,83.75,335
808,71.0,7068.0,1884.75,7539.0,1,42,13.25,53,9,200,68.75,275
809,47.0,8082.0,3910.25,15641.0,1,44,29.75,119,9,200,152.25,609
810,71.0,6144.0,2721.25,10885.0,1,42,22.25,89,9,200,115.0,460
811,74.0,4068.0,1137.0,4548.0,2,36,11.5,46,15,200,67.25,269
812,65.0,498.0,358.25,1433.0,1,12,8.75,35,9,81,60.0,240
813,101.0,7692.0,3623.75,14495.0,3,42,28.75,115,21,200,155.25,621
814,41.0,4074.0,1106.75,4427.0,1,37,11.0,44,9,200,65.75,263
815,77.0,510.0,197.5,790.0,1,10,4.0,16,9,69,30.0,120
816,116.0,2970.0,837.75,3351.0,2,35,11.0,44,15,200,65.75,263
817,57.0,291.0,130.25,521.0,1,5,2.25,9,9,39,21.0,84
818,75.0,687.0,235.25,941.0,1,9,3.25,13,9,63,27.0,108
819,177.0,1938.0,705.5,2822.0,4,35,13.75,55,27,200,82.0,328
820,71.0,194.0,118.75,475.0,1,4,2.25,9,9,27,19.5,78
821,47.0,2934.0,816.0,3264.0,1,35,10.25,41,9,200,61.25,245
822,77.0,5040.0,1387.75,5551.0,2,41,13.25,53,9,200,70.25,281
823,86.0,6654.0,2291.0,9164.0,2,40,20.0,80,15,200,112.0,448
824,87.0,1287.0,452.0,1808.0,1,13,6.0,24,15,86,43.25,173
825,92.0,5100.0,1857.25,7429.0,2,36,19.25,77,15,200,109.0,436
826,57.0,5646.0,1487.75,5951.0,1,40,11.5,46,9,200,62.75,251
827,53.0,6318.0,2426.5,9706.0,1,40,20.75,83,9,200,113.5,454
828,71.0,5076.0,2213.5,8854.0,2,40,21.5,86,9,200,116.5,466
829,65.0,504.0,200.25,801.0,1,10,3.75,15,9,69,27.0,108
830,113.0,9960.0,3183.5,12734.0,3,48,22.75,91,21,200,115.0,460
831,77.0,2694.0,1625.5,6502.0,1,36,22.75,91,9,200,131.5,526
832,75.0,5220.0,1907.0,7628.0,1,37,18.75,75,15,200,109.0,436
833,41.0,315.0,127.5,510.0,1,5,2.0,8,9,38,16.25,65
834,138.0,3342.0,1111.5,4446.0,4,36,14.0,56,33,200,86.5,346
835,236.0,6420.0,3977.0,15908.0,8,41,31.0,124,51,200,162.75,651
836,36.0,5190.0,2625.5,10502.0,0,41,20.75,83,9,200,106.0,424
837,69.0,4506.0,1185.5,4742.0,1,39,10.75,43,9,200,61.25,245
838,123.0,6156.0,3209.25,12837.0,3,42,25.75,103,27,200,135.75,543
839,134.0,957.0,370.75,1483.0,3,11,6.0,24,15,75,40.5,162
840,41.0,5496.0,2089.25,8357.0,1,41,20.75,83,9,200,113.5,454
841,108.0,5916.0,2619.75,10479.0,2,42,22.75,91,21,200,120.75,483
842,65.0,347.0,173.75,695.0,1,7,3.5,14,9,45,22.5,90
843,41.0,2868.0,1033.0,4132.0,1,38,15.0,60,9,200,83.5,334
844,57.0,1689.0,489.5,1958.0,1,23,7.25,29,9,146,49.25,197
845,252.0,2346.0,788.5,3154.0,6,34,13.5,54,45,200,83.75,335
846,104.0,8064.0,2945.5,11782.0,3,44,24.0,96,15,200,125.5,502
847,158.0,6744.0,2360.75,9443.0,3,43,21.0,84,27,200,113.5,454
848,59.0,5376.0,1542.75,6171.0,1,39,14.0,56,9,200,77.75,311
849,65.0,2730.0,1042.75,4171.0,1,35,15.5,62,9,200,94.25,377
850,41.0,7176.0,1858.25,7433.0,0,42,11.75,47,9,200,62.75,251
851,36.0,7344.0,2663.0,10652.0,0,44,21.5,86,9,200,109.0,436
852,77.0,450.0,265.0,1060.0,1,8,4.75,19,9,51,32.75,131
853,41.0,7890.0,2949.25,11797.0,1,44,20.75,83,9,200,106.0,424
854,77.0,2952.0,858.25,3433.0,1,35,11.5,46,9,200,70.25,281
855,77.0,6516.0,2039.75,8159.0,1,34,16.0,64,9,200,98.5,394
856,147.0,6720.0,4134.75,16539.0,3,42,30.25,121,27,200,156.75,627
857,95.0,7524.0,2781.5,11126.0,3,45,22.5,90,21,200,118.0,472
858,65.0,6804.0,1771.75,7087.0,1,40,11.75,47,9,200,64.25,257
859,71.0,5898.0,2412.25,9649.0,1,42,21.25,85,9,200,109.0,436
860,77.0,1260.0,414.25,1657.0,2,22,7.5,30,9,140,49.25,197
861,125.0,10950.0,3817.75,15271.0,3,46,23.0,92,21,200,112.0,448
862,36.0,4062.0,1145.0,4580.0,0,41,12.25,49,9,200,67.25,269
863,119.0,10944.0,2884.0,11536.0,3,43,13.75,55,21,200,71.75,287
864,143.0,6444.0,3805.25,15221.0,3,41,30.0,120,21,200,155.25,621
865,104.0,9648.0,3290.0,13160.0,2,49,22.5,90,15,200,112.0,448
866,53.0,77.0,65.5,262.0,1,1,1.0,4,9,15,12.0,48
867,77.0,384.0,204.5,818.0,1,8,4.0,16,9,57,31.5,126
868,74.0,2916.0,851.25,3405.0,2,34,11.25,45,15,200,68.75,275
869,42.0,2874.0,1327.25,5309.0,0,35,18.25,73,9,200,110.5,442
870,77.0,3444.0,1218.75,4875.0,1,37,15.5,62,9,200,89.75,359
871,65.0,8028.0,3698.75,14795.0,1,44,29.75,119,9,200,152.25,609
872,129.0,5196.0,3009.75,12039.0,3,41,28.75,115,27,200,156.75,627
873,288.0,6762.0,2575.25,10301.0,6,39,22.75,91,45,200,125.5,502
874,80.0,8730.0,3661.25,14645.0,2,46,28.0,112,15,200,146.25,585
875,41.0,114.0,80.5,322.0,1,3,1.75,7,9,21,15.0,60
876,287.0,4536.0,2022.5,8090.0,7,40,22.0,88,45,200,124.0,496
877,41.0,5310.0,1364.5,5458.0,0,37,9.75,39,9,200,56.75,227
878,41.0,10506.0,4094.75,16379.0,1,47,24.75,99,9,200,125.25,501
879,77.0,315.0,213.25,853.0,1,7,4.75,19,9,51,34.5,138
880,57.0,9000.0,4571.25,18285.0,1,45,30.25,121,15,200,153.75,615
881,825.0,11082.0,3977.0,15908.0,19,46,30.5,122,117,200,163.0,652
882,53.0,10296.0,4084.25,16337.0,1,48,29.75,119,9,200,152.25,609
883,129.0,7044.0,2639.25,10557.0,3,41,24.0,96,27,200,133.0,532
884,108.0,6732.0,2403.5,9614.0,2,41,21.0,84,21,200,112.0,448
885,104.0,2886.0,1142.75,4571.0,2,35,14.25,57,15,200,86.5,346
886,47.0,3804.0,1139.5,4558.0,1,37,12.25,49,9,200,65.5,262
887,194.0,5586.0,1568.25,6273.0,6,39,14.25,57,33,200,77.75,311
888,41.0,96.0,79.25,317.0,1,2,1.5,6,9,21,15.0,60
889,120.0,4206.0,1213.25,4853.0,2,36,11.75,47,21,200,71.5,286
890,69.0,2178.0,730.75,2923.0,1,16,8.25,33,15,104,55.25,221
891,107.0,7116.0,4042.25,16169.0,3,43,30.0,120,21,200,155.25,621
892,155.0,9390.0,3178.25,12713.0,4,47,23.0,92,33,200,116.5,466
893,71.0,482.0,272.25,1089.0,1,12,5.75,23,9,75,39.0,156
894,42.0,9672.0,3267.5,13070.0,0,45,20.5,82,9,200,106.0,424
895,59.0,312.0,142.5,570.0,1,6,3.0,12,9,45,22.5,90
896,258.0,5820.0,3721.5,14886.0,6,44,32.0,128,45,200,161.25,645
897,71.0,131.0,96.5,386.0,1,3,2.0,8,9,21,15.0,60
898,71.0,7080.0,2769.5,11078.0,1,44,22.75,91,9,200,117.75,471
899,269.0,9498.0,3404.75,13619.0,6,45,23.75,95,45,200,122.5,490
900,41.0,7440.0,1919.75,7679.0,1,42,11.75,47,9,200,62.75,251
901,42.0,489.0,172.75,691.0,0,7,2.75,11,9,50,22.25,89
902,216.0,6528.0,2464.25,9857.0,4,43,21.75,87,33,200,116.5,466
903,107.0,6198.0,3019.75,12079.0,3,43,23.0,92,21,200,118.0,472
904,207.0,4998.0,1757.75,7031.0,5,34,17.5,70,33,200,107.5,430
905,77.0,3840.0,1279.75,5119.0,1,36,15.25,61,9,200,91.0,364
906,152.0,4464.0,2823.5,11294.0,4,41,29.75,119,27,200,156.75,627
907,41.0,6708.0,3185.0,12740.0,1,41,28.25,113,9,200,150.75,603
908,113.0,13560.0,5755.25,23021.0,3,51,31.5,126,21,200,155.25,621
909,77.0,5124.0,1911.5,7646.0,1,39,21.5,86,9,200,121.0,484
910,77.0,6318.0,2341.0,9364.0,1,42,23.25,93,9,200,125.5,502
911,420.0,3192.0,2154.0,8616.0,10,39,29.5,118,69,200,167.25,669
912,57.0,3876.0,1129.0,4516.0,1,38,12.0,48,9,200,68.75,275
913,62.0,6318.0,3560.75,14243.0,2,43,28.75,115,15,200,152.25,609
914,65.0,3438.0,1033.0,4132.0,1,35,12.25,49,9,200,74.75,299
915,95.0,6420.0,3536.75,14147.0,3,42,29.0,116,21,200,155.25,621
916,77.0,2592.0,746.25,2985.0,1,34,10.25,41,9,200,62.75,251
917,41.0,777.0,233.5,934.0,1,13,4.0,16,9,87,30.0,120
918,81.0,4896.0,1588.0,6352.0,1,36,14.75,59,15,200,86.75,347
919,42.0,9396.0,2906.25,11625.0,0,44,19.5,78,9,200,106.0,424
920,311.0,2646.0,1105.0,4420.0,7,37,18.5,74,45,200,107.5,430
921,108.0,470.0,217.5,870.0,2,10,4.75,19,15,63,31.5,126
922,165.0,4662.0,2340.0,9360.0,3,37,21.25,85,27,200,122.5,490
923,36.0,8610.0,2195.0,8780.0,0,45,11.75,47,9,200,58.25,233
924,65.0,4464.0,1826.75,7307.0,1,39,19.75,79,9,200,110.5,442
925,71.0,3390.0,1053.75,4215.0,1,36,14.25,57,9,200,83.75,335
926,41.0,2724.0,729.0,2916.0,1,34,9.5,38,9,200,58.25,233
927,80.0,2898.0,804.75,3219.0,2,34,10.25,41,15,200,62.75,251
928,89.0,3228.0,1402.0,5608.0,2,38,19.75,79,9,200,110.5,442
929,161.0,11904.0,4115.5,16462.0,5,48,23.75,95,33,200,116.5,466
930,68.0,681.0,238.75,955.0,2,11,4.25,17,15,74,31.25,125
931,77.0,4836.0,1374.75,5499.0,1,39,13.0,52,9,200,71.75,287
932,77.0,5442.0,1970.75,7883.0,2,40,19.75,79,9,200,107.5,430
933,102.0,5604.0,3030.0,12120.0,2,40,28.5,114,21,200,155.25,621
934,57.0,6318.0,3126.75,12507.0,1,44,27.5,110,15,200,144.75,579
935,351.0,4878.0,2604.75,10419.0,9,41,29.75,119,63,200,165.75,663
936,284.0,7986.0,4299.5,17198.0,6,42,30.75,123,39,200,159.75,639
937,59.0,5940.0,2605.25,10421.0,1,45,29.25,117,9,200,152.25,609
938,89.0,7146.0,2105.5,8422.0,1,40,16.5,66,9,200,92.5,370
939,65.0,323.0,155.75,623.0,1,7,3.25,13,9,45,22.5,90
940,188.0,5988.0,3446.0,13784.0,5,42,30.5,122,27,200,156.75,627
941,102.0,6444.0,2510.25,10041.0,2,42,21.75,87,21,200,115.0,460
942,53.0,7896.0,3149.0,12596.0,1,44,20.75,83,9,200,106.0,424
943,77.0,2592.0,833.25,3333.0,1,33,12.0,48,9,200,74.75,299
944,200.0,9054.0,4079.0,16316.0,6,45,31.0,124,39,200,159.75,639
945,206.0,6816.0,3884.0,15536.0,6,44,30.5,122,39,200,159.75,639
946,65.0,3912.0,1729.0,6916.0,1,39,21.5,86,9,200,119.5,478
947,90.0,3570.0,977.75,3911.0,2,36,10.75,43,21,200,65.75,263
948,63.0,4914.0,1292.0,5168.0,1,40,11.0,44,9,200,61.25,245
949,42.0,6378.0,2358.75,9435.0,0,42,23.25,93,9,200,126.75,507
950,68.0,9456.0,3788.0,15152.0,2,47,30.0,120,15,200,153.75,615
951,36.0,4374.0,2445.0,9780.0,0,37,26.75,107,9,200,152.25,609
952,71.0,2346.0,737.5,2950.0,1,35,11.75,47,9,200,71.75,287
953,69.0,2610.0,719.0,2876.0,1,34,9.5,38,9,200,61.25,245
954,147.0,8124.0,3948.75,15795.0,3,44,30.0,120,27,200,156.75,627
955,69.0,624.0,266.75,1067.0,1,7,4.0,16,15,45,29.75,119
956,71.0,219.0,128.5,514.0,1,5,2.5,10,9,39,21.0,84
957,65.0,4872.0,1928.0,7712.0,1,41,21.75,87,9,200,121.0,484
958,126.0,9408.0,3425.25,13701.0,2,44,21.25,85,21,200,112.0,448
959,137.0,2754.0,872.0,3488.0,3,35,12.5,50,21,200,76.0,304
960,41.0,3048.0,818.0,3272.0,1,37,10.25,41,9,200,61.25,245
961,161.0,4122.0,1598.5,6394.0,3,38,18.75,75,21,200,107.75,431
962,357.0,8178.0,4388.25,17553.0,7,41,31.5,126,51,200,162.75,651
963,77.0,2304.0,730.75,2923.0,1,34,11.75,47,9,200,73.25,293
964,179.0,8520.0,2329.75,9319.0,5,42,14.75,59,33,200,79.0,316
965,41.0,6774.0,2630.5,10522.0,1,42,20.5,82,9,200,107.5,430
966,98.0,7788.0,4239.5,16958.0,2,45,30.5,122,15,200,153.75,615
967,114.0,7746.0,3337.5,13350.0,2,44,29.0,116,21,200,155.25,621
968,351.0,5154.0,3238.5,12954.0,7,42,29.25,117,51,200,161.25,645
969,71.0,8058.0,2085.25,8341.0,1,42,11.75,47,9,200,61.25,245
970,42.0,9648.0,4056.0,16224.0,0,46,24.75,99,9,200,125.5,502
971,77.0,7818.0,2184.5,8738.0,1,43,15.25,61,9,200,82.25,329
972,36.0,7194.0,2982.0,11928.0,0,43,25.25,101,9,200,131.25,525
973,41.0,5910.0,1880.0,7520.0,1,33,14.5,58,9,200,91.0,364
974,41.0,6786.0,1744.25,6977.0,1,41,11.0,44,9,200,59.75,239
975,75.0,3054.0,851.5,3406.0,1,34,10.5,42,15,200,65.75,263
976,272.0,4818.0,2901.5,11606.0,8,39,29.5,118,51,200,162.75,651
977,57.0,9804.0,3507.0,14028.0,1,47,22.75,91,15,200,116.25,465
978,41.0,4782.0,1391.5,5566.0,1,34,12.5,50,9,200,77.5,310
979,42.0,3033.0,963.5,3854.0,0,21,8.25,33,9,134,55.0,220
980,47.0,4614.0,1708.0,6832.0,1,40,19.0,76,9,200,107.5,430
981,42.0,6942.0,3214.5,12858.0,0,43,28.25,113,9,200,152.25,609
982,68.0,4068.0,1081.75,4327.0,2,37,10.75,43,9,200,61.25,245
983,42.0,4644.0,2120.0,8480.0,0,38,19.0,76,9,200,106.0,424
984,71.0,6600.0,1802.0,7208.0,1,41,12.75,51,9,200,67.0,268
985,42.0,7746.0,3164.75,12659.0,0,41,19.5,78,9,200,104.5,418
986,89.0,2010.0,597.25,2389.0,2,34,10.5,42,9,200,64.25,257
987,102.0,6234.0,1698.5,6794.0,2,37,12.5,50,21,200,73.25,293
988,80.0,7476.0,3761.0,15044.0,2,44,30.0,120,15,200,153.75,615
989,78.0,4392.0,1215.5,4862.0,2,39,12.25,49,15,200,70.25,281
990,59.0,2832.0,797.0,3188.0,2,37,11.5,46,9,200,67.25,269
991,65.0,468.0,187.75,751.0,1,8,3.25,13,9,56,25.25,101
992,65.0,4242.0,1482.25,5929.0,1,37,15.75,63,9,200,91.25,365
993,42.0,10122.0,3647.25,14589.0,0,44,21.0,84,9,200,109.0,436
994,41.0,6588.0,1700.75,6803.0,1,35,9.5,38,9,200,59.75,239
995,92.0,3348.0,917.25,3669.0,2,36,10.75,43,15,200,62.75,251
996,71.0,6846.0,2898.5,11594.0,2,43,27.25,109,9,200,141.75,567
997,98.0,6360.0,2478.5,9914.0,2,40,21.0,84,15,200,115.0,460
998,42.0,807.0,281.5,1126.0,0,13,4.5,18,9,86,32.75,131
999,71.0,2298.0,640.0,2560.0,1,32,9.0,36,9,200,59.75,239
1000,335.0,11592.0,4117.75,16471.0,7,45,24.25,97,45,200,124.0,496
