episode,end_day,epsilon,mean_reward,mean_loss,max_berries,mean_berries,max_berries_consumed,mean_berries_consumed,gini_berries_consumed,mean_berries_thrown,max_health,mean_health,median_health,variance_health,deceased,num_emerged_norms
1,200,0,37.049999999999976,0,1.0,1.0,0.0,0.0,0.4487951807228916,0.0,0.7000000000000001,0.7,0.7000000000000001,1.2353712796429838e-32,2,8
2,200,0,25.924999999999997,0,0.0,0.0,0.0,0.0,0.5833333333333334,0.0,0.7000000000000001,0.7000000000000001,0.7000000000000001,0.0,3,6
3,200,0,25.9,0,0.0,0.0,0.0,0.0,0.5561224489795918,0.0,0.7000000000000001,0.7000000000000002,0.7000000000000001,1.2366766053495786e-32,3,6
4,39,0,3.575,0,0.0,0.0,0.0,0.0,0,0.0,0.7000000000000001,0.7000000000000001,0.7000000000000001,0.0,4,5
5,200,0,36.799999999999976,0,0.0,0.0,0.0,0.0,0.43292682926829273,0.0,0.7000000000000001,0.7,0.7000000000000001,1.2352805569228806e-32,2,11
6,200,0,22.05,0,0.0,0.0,0.0,0.0,0.676829268292683,0.0,0.7000000000000001,0.7000000000000001,0.7000000000000001,0.0,3,3
7,200,0,17.174999999999972,0,0.0,0.0,0.0,0.0,0.7383720930232558,0.0,0.7000000000000001,0.6999999999999998,0.7000000000000001,4.951632298396976e-32,3,1
8,200,0,27.949999999999996,0,0.0,0.0,0.0,0.0,0.5416666666666666,0.0,0.7000000000000001,0.7000000000000001,0.7000000000000001,0.0,3,8
9,200,0,38.79999999999998,0,1.0,1.0,0.0,0.0,0.4204545454545454,0.0,0.7000000000000001,0.7,0.7000000000000001,1.2351846500473432e-32,2,9
10,39,0,4.525,0,0.0,0.0,0.0,0.0,0,0.0,0.7000000000000001,0.7000000000000001,0.7000000000000001,0.0,4,4
11,200,0,37.19999999999999,0,0.0,0.0,0.0,0.0,0.43452380952380953,0.0,0.7000000000000001,0.7,0.7000000000000001,1.2352805569228806e-32,2,9
12,200,0,31.725,0,0.0,0.0,0.0,0.0,0.41666666666666663,0.0,0.7000000000000001,0.7,0.7000000000000001,1.2357884161290948e-32,3,10
13,200,0,37.74999999999998,0,0.0,0.0,0.0,0.0,0.3928571428571429,0.0,0.7000000000000001,0.7,0.7000000000000001,1.2351158089158225e-32,3,9
14,200,0,18.374999999999975,0,0.0,0.0,0.0,0.0,0.6648936170212766,0.0,0.7000000000000001,0.7,0.7000000000000001,1.237409989268799e-32,3,2
15,200,0,33.050000000000004,0,0.0,0.0,0.0,0.0,0.3897058823529411,0.0,0.7000000000000001,0.6999999999999998,0.7000000000000001,4.94217582666872e-32,3,2
16,200,0,26.0,0,1.0,1.0,0.0,0.0,0.5357142857142857,0.0,0.7000000000000001,0.7000000000000001,0.7000000000000001,0.0,3,9
17,200,0,36.324999999999974,0,0.0,0.0,0.0,0.0,0.5,0.0,0.7000000000000001,0.7000000000000001,0.7000000000000001,0.0,2,6
18,200,0,19.324999999999974,0,0.0,0.0,0.0,0.0,0.6666666666666666,0.0,0.7000000000000001,0.7000000000000001,0.7000000000000001,0.0,3,3
19,200,0,21.25,0,0.0,0.0,0.0,0.0,0.7364864864864865,0.0,0.7000000000000001,0.6999999999999998,0.7000000000000001,4.951632298396976e-32,3,1
20,200,0,43.574999999999974,0,0.0,0.0,0.0,0.0,0.37371134020618557,0.0,0.7000000000000001,0.7,0.7000000000000001,1.2350311232307713e-32,2,15
21,200,0,32.52499999999998,0,0.0,0.0,0.0,0.0,0.41666666666666663,0.0,0.7000000000000001,0.7,0.7000000000000001,1.2354683466092478e-32,3,10
22,200,0,21.675,0,0.0,0.0,0.0,0.0,0.7236842105263158,0.0,0.7000000000000001,0.7000000000000001,0.7000000000000001,0.0,3,2
23,200,0,32.374999999999986,0,0.0,0.0,0.0,0.0,0.47916666666666663,0.0,0.7000000000000001,0.7,0.7000000000000001,1.2354683466092478e-32,2,8
24,200,0,18.899999999999974,0,0.0,0.0,0.0,0.0,0.6581632653061225,0.0,0.7000000000000001,0.7,0.7000000000000001,1.237409989268799e-32,3,1
25,116,0,19.900000000000002,0,0.0,0.0,0.0,0.0,0,0.0,0.7000000000000001,0.7000000000000001,0.7000000000000001,0.0,4,9
26,200,0,31.300000000000004,0,0.0,0.0,0.0,0.0,0.4296875,0.0,0.7000000000000001,0.7,0.7000000000000001,1.2357884161290948e-32,3,6
27,200,0,26.949999999999985,0,1.0,1.0,0.0,0.0,0.453125,0.0,0.7000000000000001,0.7000000000000001,0.7000000000000001,0.0,3,7
28,200,0,24.675,0,0.0,0.0,0.0,0.0,0.5,0.0,0.7000000000000001,0.7000000000000002,0.7000000000000001,1.2365081649297606e-32,3,5
29,200,0,23.575,0,0.0,0.0,0.0,0.0,0.6055555555555555,0.0,0.7000000000000001,0.7000000000000001,0.7000000000000001,0.0,3,3
30,200,0,20.09999999999997,0,0.0,0.0,0.0,0.0,0.6785714285714286,0.0,0.7000000000000001,0.7,0.7000000000000001,1.237409989268799e-32,3,3
31,200,0,20.675,0,0.0,0.0,0.0,0.0,0.6973684210526315,0.0,0.7000000000000001,0.7,0.7000000000000001,1.2376467839340925e-32,3,3
32,50,0,1.5500000000000023,0,0.0,0.0,0.0,0.0,0,0.0,0.7000000000000001,0.7000000000000003,0.7000000000000001,4.995254087336999e-32,4,0
33,200,0,37.07499999999999,0,0.0,0.0,0.0,0.0,0.33536585365853655,0.0,0.7000000000000001,0.7,0.7000000000000001,1.2350311232307713e-32,3,16
34,200,0,35.299999999999955,0,0.0,0.0,0.0,0.0,0.4883720930232558,0.0,0.7000000000000001,0.7,0.7000000000000001,1.2353588306957408e-32,2,2
35,200,0,37.72499999999997,0,0.0,0.0,0.0,0.0,0.47891566265060237,0.0,0.7000000000000001,0.7,0.7000000000000001,1.2354287165099178e-32,2,11
36,57,0,6.800000000000001,0,0.0,0.0,0.0,0.0,0,0.0,0.7000000000000001,0.7000000000000002,0.7000000000000001,1.2412754120445058e-32,4,3
37,200,0,49.14999999999996,0,0.0,0.0,0.0,0.0,0.22807017543859653,0.0,0.7000000000000001,0.7000000000000002,0.7000000000000001,1.2345454732122737e-32,1,15
38,200,0,39.7,0,0.0,0.0,0.0,0.0,0.49375,0.0,0.7000000000000001,0.7,0.7000000000000001,1.235435245431812e-32,2,3
39,200,0,26.899999999999974,0,0.0,0.0,0.0,0.0,0.4453125,0.0,0.7000000000000001,0.7,0.7000000000000001,1.235935530707039e-32,3,11
40,200,0,20.24999999999998,0,0.0,0.0,0.0,0.0,0.59,0.0,0.7000000000000001,0.7000000000000001,0.7000000000000001,0.0,3,3
41,128,0,11.475000000000005,0,1.0,1.0,0.0,0.0,0,0.0,0.7000000000000001,0.6999999999999998,0.7000000000000001,4.952196501249161e-32,4,4
42,200,0,19.449999999999974,0,0.0,0.0,0.0,0.0,0.6479591836734694,0.0,0.7000000000000001,0.7000000000000001,0.7000000000000001,0.0,3,2
43,21,0,0.8499999999999999,0,0.0,0.0,0.0,0.0,0,0.0,0.7000000000000001,0.7000000000000003,0.7000000000000001,5.023406707775311e-32,4,1
44,200,0,16.424999999999976,0,0.0,0.0,0.0,0.0,0.7378048780487805,0.0,0.7000000000000001,0.6999999999999998,0.7000000000000001,4.951632298396976e-32,3,1
45,200,0,35.57499999999998,0,0.0,0.0,0.0,0.0,0.4778481012658228,0.0,0.7000000000000001,0.7,0.7000000000000001,1.2354683466092478e-32,2,5
46,200,0,19.874999999999975,0,0.0,0.0,0.0,0.0,0.6785714285714286,0.0,0.7000000000000001,0.7,0.7000000000000001,1.237409989268799e-32,3,2
47,200,0,20.349999999999973,0,0.0,0.0,0.0,0.0,0.6617647058823529,0.0,0.7000000000000001,0.7000000000000001,0.7000000000000001,0.0,3,1
48,200,0,21.900000000000002,0,0.0,0.0,0.0,0.0,0.6166666666666667,0.0,0.7000000000000001,0.7000000000000002,0.7000000000000001,1.2369200597215426e-32,3,6
49,200,0,49.17499999999998,0,0.0,0.0,0.0,0.0,0.26415094339622647,0.0,0.7000000000000001,0.7000000000000001,0.7000000000000001,0.0,1,7
50,200,0,18.12499999999997,0,0.0,0.0,0.0,0.0,0.6968085106382979,0.0,0.7000000000000001,0.7,0.7000000000000001,1.2375255450654623e-32,3,1
51,200,0,41.65,0,0.0,0.0,0.0,0.0,0.47023809523809523,0.0,0.7000000000000001,0.7,0.7000000000000001,1.2353901647806377e-32,2,7
52,200,0,20.07499999999997,0,0.0,0.0,0.0,0.0,0.65,0.0,0.7000000000000001,0.7000000000000001,0.7000000000000001,0.0,3,3
53,200,0,21.24999999999997,0,1.0,1.0,0.0,0.0,0.6225490196078431,0.0,0.7000000000000001,0.7000000000000001,0.7000000000000001,0.0,3,5
54,200,0,34.89999999999998,0,0.0,0.0,0.0,0.0,0.4935897435897436,0.0,0.7000000000000001,0.6999999999999998,0.7000000000000001,4.942036403866858e-32,2,7
55,200,0,24.825000000000003,0,0.0,0.0,0.0,0.0,0.54,0.0,0.7000000000000001,0.7000000000000002,0.7000000000000001,1.2365081649297606e-32,3,11
56,200,0,23.5,0,0.0,0.0,0.0,0.0,0.5909090909090909,0.0,0.7000000000000001,0.7000000000000002,0.7000000000000001,1.2369972899950018e-32,3,6
57,200,0,36.824999999999974,0,0.0,0.0,0.0,0.0,0.5030864197530864,0.0,0.7000000000000001,0.7000000000000001,0.7000000000000001,0.0,2,8
58,200,0,41.67499999999998,0,0.0,0.0,0.0,0.0,0.3342105263157895,0.0,0.7000000000000001,0.7000000000000002,0.7000000000000001,1.2348444256567504e-32,2,8
59,194,0,27.02499999999999,0,0.0,0.0,0.0,0.0,0,0.0,0.7000000000000001,0.7000000000000001,0.7000000000000001,0.0,4,10
60,200,0,49.87499999999996,0,1.0,1.0,0.0,0.0,0.25,0.0,0.7000000000000001,0.7000000000000001,0.7000000000000001,0.0,1,3
61,200,0,31.274999999999967,0,0.0,0.0,0.0,0.0,0.4294871794871795,0.0,0.7000000000000001,0.7,0.7000000000000001,1.2353526479971103e-32,3,4
62,200,0,27.925000000000004,0,1.0,1.0,0.0,0.0,0.4692982456140351,0.0,0.7000000000000001,0.7000000000000001,0.7000000000000001,0.0,3,12
63,200,0,19.124999999999964,0,0.0,0.0,0.0,0.0,0.7193877551020408,0.0,0.7000000000000001,0.7000000000000001,0.7000000000000001,0.0,3,1
64,200,0,22.7,0,0.0,0.0,0.0,0.0,0.5869565217391305,0.0,0.7000000000000001,0.7000000000000001,0.7000000000000001,0.0,3,1
65,200,0,16.999999999999975,0,0.0,0.0,0.0,0.0,0.7159090909090909,0.0,0.7000000000000001,0.7000000000000001,0.7000000000000001,0.0,3,1
66,200,0,22.025,0,0.0,0.0,0.0,0.0,0.6309523809523809,0.0,0.7000000000000001,0.7000000000000001,0.7000000000000001,0.0,3,6
67,200,0,23.05,0,0.0,0.0,0.0,0.0,0.6428571428571429,0.0,0.7000000000000001,0.7000000000000001,0.7000000000000001,0.0,3,4
68,200,0,32.774999999999984,0,0.0,0.0,0.0,0.0,0.5,0.0,0.7000000000000001,0.6999999999999998,0.7000000000000001,4.942036403866858e-32,2,12
69,200,0,30.549999999999997,0,0.0,0.0,0.0,0.0,0.503968253968254,0.0,0.7000000000000001,0.7000000000000001,0.7000000000000001,0.0,3,4
70,200,0,37.04999999999998,0,0.0,0.0,0.0,0.0,0.49390243902439024,0.0,0.7000000000000001,0.7,0.7000000000000001,1.2353901647806377e-32,2,5
71,62,0,4.0500000000000025,0,1.0,1.0,0.0,0.0,0,0.0,0.7000000000000001,0.7,0.7000000000000001,1.243600478375758e-32,4,1
72,200,0,45.749999999999964,0,0.0,0.0,0.0,0.0,0.2596153846153846,0.0,0.7000000000000001,0.7000000000000001,0.7000000000000001,0.0,1,6
73,200,0,37.52499999999998,0,0.0,0.0,0.0,0.0,0.46341463414634143,0.0,0.7000000000000001,0.7,0.7000000000000001,1.2353901647806377e-32,2,11
74,200,0,24.700000000000003,0,0.0,0.0,0.0,0.0,0.5478723404255319,0.0,0.7000000000000001,0.7000000000000001,0.7000000000000001,0.0,3,5
75,200,0,19.52499999999997,0,0.0,0.0,0.0,0.0,0.6887755102040817,0.0,0.7000000000000001,0.7,0.7000000000000001,1.237409989268799e-32,3,0
76,200,0,21.34999999999997,0,0.0,0.0,0.0,0.0,0.6826923076923077,0.0,0.7000000000000001,0.7000000000000001,0.7000000000000001,0.0,3,4
77,200,0,47.49999999999997,0,0.0,0.0,0.0,0.0,0.2545871559633027,0.0,0.7000000000000001,0.7000000000000001,0.7000000000000001,0.0,1,12
78,200,0,51.44999999999996,0,0.0,0.0,0.0,0.0,0.25,0.0,0.7000000000000001,0.7000000000000001,0.7000000000000001,0.0,1,11
79,129,0,10.650000000000004,0,0.0,0.0,0.0,0.0,0,0.0,0.7000000000000001,0.7,0.7000000000000001,1.2383281651725187e-32,4,2
80,200,0,22.775,0,1.0,1.0,0.0,0.0,0.622093023255814,0.0,0.7000000000000001,0.7000000000000001,0.7000000000000001,0.0,3,2
81,200,0,19.975,0,0.0,0.0,0.0,0.0,0.7094594594594594,0.0,0.7000000000000001,0.7000000000000001,0.7000000000000001,0.0,3,3
82,200,0,22.099999999999998,0,0.0,0.0,0.0,0.0,0.5755813953488372,0.0,0.7000000000000001,0.7000000000000001,0.7000000000000001,0.0,3,3
83,200,0,38.22499999999998,0,0.0,0.0,0.0,0.0,0.3994252873563219,0.0,0.7000000000000001,0.7,0.7000000000000001,1.2350902963195878e-32,2,12
84,200,0,38.02499999999998,0,1.0,1.0,0.0,0.0,0.37209302325581395,0.0,0.7000000000000001,0.7,0.7000000000000001,1.2350953574390842e-32,2,8
85,200,0,23.575,0,0.0,0.0,0.0,0.0,0.5434782608695652,0.0,0.7000000000000001,0.7000000000000001,0.7000000000000001,0.0,3,4
86,200,0,41.54999999999997,0,0.0,0.0,0.0,0.0,0.4945652173913043,0.0,0.7000000000000001,0.6999999999999998,0.7000000000000001,4.942036403866858e-32,2,11
87,200,0,21.224999999999977,0,0.0,0.0,0.0,0.0,0.6018518518518519,0.0,0.7000000000000001,0.7000000000000001,0.7000000000000001,0.0,3,5
88,200,0,31.94999999999998,0,0.0,0.0,0.0,0.0,0.5105633802816901,0.0,0.7000000000000001,0.7000000000000001,0.7000000000000001,0.0,2,5
89,200,0,34.42499999999998,0,0.0,0.0,0.0,0.0,0.4512987012987013,0.0,0.7000000000000001,0.7,0.7000000000000001,1.2353901647806377e-32,2,9
90,200,0,20.025,0,0.0,0.0,0.0,0.0,0.7094594594594594,0.0,0.7000000000000001,0.7000000000000001,0.7000000000000001,0.0,3,1
91,200,0,36.99999999999998,0,0.0,0.0,0.0,0.0,0.5030864197530864,0.0,0.7000000000000001,0.6999999999999998,0.7000000000000001,4.942036403866858e-32,2,8
92,200,0,20.899999999999967,0,0.0,0.0,0.0,0.0,0.7307692307692307,0.0,0.7000000000000001,0.7000000000000001,0.7000000000000001,0.0,3,0
93,200,0,20.67499999999998,0,0.0,0.0,0.0,0.0,0.6153846153846154,0.0,0.7000000000000001,0.7000000000000002,0.7000000000000001,1.23673138979175e-32,3,2
94,200,0,24.0,0,0.0,0.0,0.0,0.0,0.6166666666666667,0.0,0.7000000000000001,0.7000000000000002,0.7000000000000001,1.2369972899950018e-32,3,5
95,200,0,23.45,0,0.0,0.0,0.0,0.0,0.5543478260869565,0.0,0.7000000000000001,0.7000000000000001,0.7000000000000001,0.0,3,2
96,44,0,3.6000000000000014,0,0.0,0.0,0.0,0.0,0,0.0,0.7000000000000001,0.7,0.7000000000000001,1.243600478375758e-32,4,1
97,200,0,20.625,0,0.0,0.0,0.0,0.0,0.75,0.0,0.7000000000000001,0.6999999999999998,0.7000000000000001,4.952196501249161e-32,3,0
98,200,0,26.325000000000003,0,0.0,0.0,0.0,0.0,0.53,0.0,0.7000000000000001,0.7000000000000002,0.7000000000000001,1.2365081649297606e-32,3,10
99,200,0,20.875,0,0.0,0.0,0.0,0.0,0.7105263157894737,0.0,0.7000000000000001,0.7000000000000001,0.7000000000000001,0.0,3,1
100,33,0,3.3499999999999996,0,0.0,0.0,0.0,0.0,0,0.0,0.7000000000000001,0.7000000000000001,0.7000000000000001,0.0,4,5
101,45,0,4.700000000000001,0,0.0,0.0,0.0,0.0,0,0.0,0.7000000000000001,0.6999999999999998,0.7000000000000001,4.97181242786352e-32,4,4
102,200,0,25.074999999999974,0,0.0,0.0,0.0,0.0,0.5204918032786885,0.0,0.7000000000000001,0.7000000000000002,0.7000000000000001,1.2362966513880347e-32,3,4
103,200,0,46.94999999999996,0,0.0,0.0,0.0,0.0,0.26869158878504673,0.0,0.7000000000000001,0.7000000000000001,0.7000000000000001,0.0,1,2
104,86,0,6.575000000000003,0,0.0,0.0,0.0,0.0,0,0.0,0.7000000000000001,0.7000000000000002,0.7000000000000001,1.2412754120445058e-32,4,2
105,200,0,41.7,0,0.0,0.0,0.0,0.0,0.46264367816091956,0.0,0.7000000000000001,0.7,0.7000000000000001,1.2352805569228806e-32,2,10
106,200,0,30.35,0,1.0,1.0,0.0,0.0,0.49193548387096775,0.0,0.7000000000000001,0.7000000000000001,0.7000000000000001,0.0,3,6
107,200,0,47.64999999999996,0,0.0,0.0,0.0,0.0,0.2545871559633027,0.0,0.7000000000000001,0.7000000000000001,0.7000000000000001,0.0,1,7
108,200,0,24.925,0,0.0,0.0,0.0,0.0,0.5869565217391305,0.0,0.7000000000000001,0.7000000000000002,0.7000000000000001,1.2369200597215426e-32,3,7
109,200,0,38.32499999999999,0,0.0,0.0,0.0,0.0,0.3902439024390244,0.0,0.7000000000000001,0.7,0.7000000000000001,1.2351209741709617e-32,3,8
110,200,0,41.825,0,0.0,0.0,0.0,0.0,0.5059523809523809,0.0,0.7000000000000001,0.7,0.7000000000000001,1.2354287165099178e-32,2,4
111,200,0,22.375,0,0.0,0.0,0.0,0.0,0.5872093023255814,0.0,0.7000000000000001,0.7000000000000001,0.7000000000000001,0.0,3,1
112,200,0,34.999999999999964,0,0.0,0.0,0.0,0.0,0.38690476190476186,0.0,0.7000000000000001,0.6999999999999998,0.7000000000000001,4.941264500142651e-32,3,8
113,200,0,42.075,0,0.0,0.0,0.0,0.0,0.4709302325581395,0.0,0.7000000000000001,0.7,0.7000000000000001,1.2353526479971103e-32,2,4
114,200,0,47.974999999999966,0,0.0,0.0,0.0,0.0,0.268348623853211,0.0,0.7000000000000001,0.7000000000000001,0.7000000000000001,0.0,1,9
115,200,0,19.899999999999967,0,0.0,0.0,0.0,0.0,0.74,0.0,0.7000000000000001,0.6999999999999998,0.7000000000000001,4.951632298396976e-32,3,1
116,200,0,50.14999999999996,0,0.0,0.0,0.0,0.0,0.2456140350877194,0.0,0.7000000000000001,0.7000000000000001,0.7000000000000001,0.0,1,2
117,200,0,36.47499999999999,0,0.0,0.0,0.0,0.0,0.3653846153846154,0.0,0.7000000000000001,0.6999999999999998,0.7000000000000001,4.940609663145082e-32,3,13
118,200,0,31.825000000000003,0,1.0,1.0,0.0,0.0,0.41666666666666663,0.0,0.7000000000000001,0.7000000000000001,0.7000000000000001,0.0,3,4
119,200,0,28.150000000000002,0,0.0,0.0,0.0,0.0,0.4956140350877193,0.0,0.7000000000000001,0.7000000000000002,0.7000000000000001,1.2360478119271806e-32,3,9
120,200,0,43.89999999999997,0,0.0,0.0,0.0,0.0,0.23019801980198018,0.0,0.7000000000000001,0.7000000000000002,0.7000000000000001,1.2345641662679073e-32,3,7
121,200,0,25.2,0,0.0,0.0,0.0,0.0,0.53,0.0,0.7000000000000001,0.7000000000000001,0.7000000000000001,0.0,3,7
122,69,0,7.775000000000002,0,0.0,0.0,0.0,0.0,0,0.0,0.7000000000000001,0.7000000000000001,0.7000000000000001,0.0,4,7
123,200,0,46.19999999999997,0,0.0,0.0,0.0,0.0,0.26428571428571423,0.0,0.7000000000000001,0.7000000000000001,0.7000000000000001,0.0,1,5
124,200,0,25.425,0,0.0,0.0,0.0,0.0,0.48,0.0,0.7000000000000001,0.7000000000000002,0.7000000000000001,1.2365081649297606e-32,3,9
125,200,0,23.324999999999967,0,0.0,0.0,0.0,0.0,0.6535087719298246,0.0,0.7000000000000001,0.7000000000000001,0.7000000000000001,0.0,3,3
126,200,0,41.72499999999999,0,0.0,0.0,0.0,0.0,0.3670212765957447,0.0,0.7000000000000001,0.7,0.7000000000000001,1.2349474452559376e-32,2,10
127,200,0,28.24999999999997,0,0.0,0.0,0.0,0.0,0.5576923076923077,0.0,0.7000000000000001,0.7,0.7000000000000001,1.235935530707039e-32,3,3
128,15,0,-0.375,0,0.0,0.0,0.0,0.0,0,0.0,0.7000000000000001,0.7000000000000001,0.7000000000000001,0.0,4,0
129,200,0,51.67499999999997,0,0.0,0.0,0.0,0.0,0.25,0.0,0.7000000000000001,0.7000000000000001,0.7000000000000001,0.0,2,27
130,200,0,19.874999999999964,0,0.0,0.0,0.0,0.0,0.68,0.0,0.7000000000000001,0.7,0.7000000000000001,1.2375255450654623e-32,3,2
131,200,0,40.57499999999999,0,0.0,0.0,0.0,0.0,0.3532608695652174,0.0,0.7000000000000001,0.7,0.7000000000000001,1.2349208156614308e-32,2,12
132,200,0,19.52499999999997,0,0.0,0.0,0.0,0.0,0.6979166666666666,0.0,0.7000000000000001,0.7,0.7000000000000001,1.2375255450654623e-32,3,3
133,200,0,23.37499999999997,0,0.0,0.0,0.0,0.0,0.5466101694915254,0.0,0.7000000000000001,0.7000000000000002,0.7000000000000001,1.2362966513880347e-32,3,4
134,200,0,37.54999999999998,0,0.0,0.0,0.0,0.0,0.47891566265060237,0.0,0.7000000000000001,0.7,0.7000000000000001,1.2354287165099178e-32,2,9
135,200,0,24.375,0,0.0,0.0,0.0,0.0,0.6055555555555555,0.0,0.7000000000000001,0.7000000000000002,0.7000000000000001,1.2369972899950018e-32,3,5
136,147,0,10.374999999999995,0,0.0,0.0,0.0,0.0,0,0.0,0.7000000000000001,0.7000000000000001,0.7000000000000001,0.0,4,2
137,188,0,23.899999999999984,0,0.0,0.0,0.0,0.0,0,0.0,0.7000000000000001,0.7000000000000002,0.7000000000000001,1.235692137182725e-32,4,6
138,200,0,36.624999999999986,0,0.0,0.0,0.0,0.0,0.45731707317073167,0.0,0.7000000000000001,0.6999999999999998,0.7000000000000001,4.941264500142651e-32,2,7
139,104,0,15.149999999999999,0,0.0,0.0,0.0,0.0,0,0.0,0.7000000000000001,0.7,0.7000000000000001,1.2374479012755783e-32,4,6
140,200,0,19.92499999999997,0,0.0,0.0,0.0,0.0,0.7091836734693877,0.0,0.7000000000000001,0.7,0.7000000000000001,1.2375255450654623e-32,3,1
141,200,0,32.42499999999998,0,0.0,0.0,0.0,0.0,0.47916666666666663,0.0,0.7000000000000001,0.7,0.7000000000000001,1.2354683466092478e-32,2,8
142,200,0,43.97499999999997,0,0.0,0.0,0.0,0.0,0.35396039603960394,0.0,0.7000000000000001,0.7000000000000001,0.7000000000000001,0.0,2,16
143,200,0,40.95,0,0.0,0.0,0.0,0.0,0.44277108433734935,0.0,0.7000000000000001,0.7,0.7000000000000001,1.2352805569228806e-32,2,10
144,200,0,24.3,0,0.0,0.0,0.0,0.0,0.5904255319148937,0.0,0.7000000000000001,0.7000000000000001,0.7000000000000001,0.0,3,8
145,200,0,21.274999999999974,0,0.0,0.0,0.0,0.0,0.5555555555555556,0.0,0.7000000000000001,0.7000000000000001,0.7000000000000001,0.0,3,3
146,200,0,20.225,0,0.0,0.0,0.0,0.0,0.722972972972973,0.0,0.7000000000000001,0.7000000000000001,0.7000000000000001,0.0,3,2
147,86,0,10.924999999999999,0,0.0,0.0,0.0,0.0,0,0.0,0.7000000000000001,0.7000000000000001,0.7000000000000001,0.0,4,7
148,69,0,5.500000000000002,0,0.0,0.0,0.0,0.0,0,0.0,0.7000000000000001,0.7000000000000001,0.7000000000000001,0.0,4,0
149,200,0,17.474999999999973,0,0.0,0.0,0.0,0.0,0.7034883720930233,0.0,0.7000000000000001,0.7,0.7000000000000001,1.2376467839340925e-32,3,1
150,200,0,31.824999999999996,0,1.0,1.0,0.0,0.0,0.4772727272727273,0.0,0.7000000000000001,0.7,0.7000000000000001,1.2356461425375533e-32,3,0
151,200,0,18.974999999999973,0,0.0,0.0,0.0,0.0,0.71875,0.0,0.7000000000000001,0.7000000000000001,0.7000000000000001,0.0,3,1
152,200,0,20.875,0,0.0,0.0,0.0,0.0,0.7105263157894737,0.0,0.7000000000000001,0.7000000000000001,0.7000000000000001,0.0,3,1
153,200,0,18.39999999999998,0,0.0,0.0,0.0,0.0,0.6666666666666666,0.0,0.7000000000000001,0.7000000000000001,0.7000000000000001,0.0,3,0
154,123,0,8.775000000000002,0,0.0,0.0,0.0,0.0,0,0.0,0.7000000000000001,0.7000000000000001,0.7000000000000001,0.0,4,3
155,27,0,2.3999999999999995,0,0.0,0.0,0.0,0.0,0,0.0,0.7000000000000001,0.7000000000000002,0.7000000000000001,1.2474457085573228e-32,4,0
156,200,0,41.625,0,1.0,1.0,0.0,0.0,0.4088235294117647,0.0,0.7000000000000001,0.7,0.7000000000000001,1.2351846500473432e-32,2,7
157,200,0,21.34999999999998,0,0.0,0.0,0.0,0.0,0.4629629629629629,0.0,0.7000000000000001,0.7000000000000001,0.7000000000000001,0.0,3,8
158,200,0,30.374999999999986,0,0.0,0.0,0.0,0.0,0.503731343283582,0.0,0.7000000000000001,0.7000000000000001,0.7000000000000001,0.0,2,6
159,200,0,27.724999999999966,0,0.0,0.0,0.0,0.0,0.5708955223880597,0.0,0.7000000000000001,0.7,0.7000000000000001,1.235935530707039e-32,3,5
160,200,0,21.249999999999968,0,1.0,1.0,0.0,0.0,0.6556603773584906,0.0,0.7000000000000001,0.7000000000000001,0.7000000000000001,0.0,3,2
161,200,0,22.399999999999977,0,0.0,0.0,0.0,0.0,0.5657894736842105,0.0,0.7000000000000001,0.7000000000000002,0.7000000000000001,1.2365081649297606e-32,3,10
162,200,0,50.249999999999964,0,0.0,0.0,0.0,0.0,0.23672566371681425,0.0,0.7000000000000001,0.7000000000000002,0.7000000000000001,1.2345641662679073e-32,1,5
163,200,0,34.799999999999976,0,0.0,0.0,0.0,0.0,0.5131578947368421,0.0,0.7000000000000001,0.6999999999999998,0.7000000000000001,4.941900238607097e-32,3,9
164,200,0,46.924999999999976,0,0.0,0.0,0.0,0.0,0.2777777777777778,0.0,0.7000000000000001,0.7000000000000001,0.7000000000000001,0.0,2,21
165,200,0,18.924999999999976,0,0.0,0.0,0.0,0.0,0.6739130434782609,0.0,0.7000000000000001,0.7,0.7000000000000001,1.2375255450654623e-32,3,3
166,200,0,41.44999999999995,0,0.0,0.0,0.0,0.0,0.3688118811881188,0.0,0.7000000000000001,0.6999999999999998,0.7000000000000001,4.94001030735326e-32,2,13
167,200,0,21.65,0,0.0,0.0,0.0,0.0,0.6375,0.0,0.7000000000000001,0.7,0.7000000000000001,1.237409989268799e-32,3,1
168,200,0,21.07499999999998,0,0.0,0.0,0.0,0.0,0.5925925925925926,0.0,0.7000000000000001,0.7000000000000002,0.7000000000000001,1.23673138979175e-32,3,4
169,200,0,21.549999999999976,0,0.0,0.0,0.0,0.0,0.5865384615384616,0.0,0.7000000000000001,0.7000000000000001,0.7000000000000001,0.0,3,6
170,21,0,0.925,0,0.0,0.0,0.0,0.0,0,0.0,0.7000000000000001,0.7000000000000003,0.7000000000000001,5.013946431489482e-32,4,1
171,200,0,17.974999999999977,0,0.0,0.0,0.0,0.0,0.6722222222222223,0.0,0.7000000000000001,0.7,0.7000000000000001,1.2375255450654623e-32,3,3
172,200,0,35.42499999999998,0,0.0,0.0,0.0,0.0,0.493421052631579,0.0,0.7000000000000001,0.7,0.7000000000000001,1.2354287165099178e-32,3,4
173,200,0,28.599999999999994,0,0.0,0.0,0.0,0.0,0.5286885245901639,0.0,0.7000000000000001,0.7000000000000001,0.7000000000000001,0.0,3,6
174,200,0,18.099999999999973,0,0.0,0.0,0.0,0.0,0.7277777777777777,0.0,0.7000000000000001,0.7000000000000001,0.7000000000000001,0.0,3,2
175,200,0,20.47499999999997,0,0.0,0.0,0.0,0.0,0.6634615384615384,0.0,0.7000000000000001,0.7000000000000001,0.7000000000000001,0.0,3,1
176,200,0,24.44999999999997,0,0.0,0.0,0.0,0.0,0.6120689655172413,0.0,0.7000000000000001,0.7000000000000002,0.7000000000000001,1.2365081649297606e-32,3,4
177,200,0,36.72499999999998,0,1.0,1.0,0.0,0.0,0.43292682926829273,0.0,0.7000000000000001,0.7,0.7000000000000001,1.2352923091877167e-32,2,4
178,200,0,47.92499999999996,0,0.0,0.0,0.0,0.0,0.2545871559633027,0.0,0.7000000000000001,0.7000000000000001,0.7000000000000001,0.0,1,5
179,200,0,20.074999999999978,0,0.0,0.0,0.0,0.0,0.5931372549019608,0.0,0.7000000000000001,0.7000000000000001,0.7000000000000001,0.0,3,3
180,200,0,18.449999999999978,0,0.0,0.0,0.0,0.0,0.6956521739130435,0.0,0.7000000000000001,0.7,0.7000000000000001,1.2375255450654623e-32,3,3
181,200,0,37.749999999999986,0,1.0,1.0,0.0,0.0,0.48809523809523814,0.0,0.7000000000000001,0.7,0.7000000000000001,1.2354287165099178e-32,2,6
182,200,0,33.89999999999998,0,0.0,0.0,0.0,0.0,0.48684210526315785,0.0,0.7000000000000001,0.7,0.7000000000000001,1.2354683466092478e-32,2,7
183,200,0,20.149999999999974,0,0.0,0.0,0.0,0.0,0.66,0.0,0.7000000000000001,0.7000000000000002,0.7000000000000001,1.2371101650100574e-32,3,2
184,200,0,39.34999999999996,0,0.0,0.0,0.0,0.0,0.3563829787234043,0.0,0.7000000000000001,0.6999999999999998,0.7000000000000001,4.94001030735326e-32,2,9
185,200,0,20.57499999999997,0,0.0,0.0,0.0,0.0,0.6421568627450981,0.0,0.7000000000000001,0.7000000000000002,0.7000000000000001,1.2371101650100574e-32,3,2
186,200,0,40.97499999999998,0,0.0,0.0,0.0,0.0,0.38586956521739135,0.0,0.7000000000000001,0.7,0.7000000000000001,1.2350603547366466e-32,2,10
187,200,0,29.69999999999998,0,0.0,0.0,0.0,0.0,0.41666666666666663,0.0,0.7000000000000001,0.7,0.7000000000000001,1.2355652732377294e-32,3,9
188,200,0,18.249999999999975,0,0.0,0.0,0.0,0.0,0.7065217391304348,0.0,0.7000000000000001,0.7,0.7000000000000001,1.2376467839340925e-32,3,1
189,200,0,30.374999999999986,0,0.0,0.0,0.0,0.0,0.503731343283582,0.0,0.7000000000000001,0.7000000000000001,0.7000000000000001,0.0,2,8
190,200,0,20.75,0,0.0,0.0,0.0,0.0,0.6375,0.0,0.7000000000000001,0.7,0.7000000000000001,1.237409989268799e-32,3,2
191,200,0,37.874999999999986,0,0.0,0.0,0.0,0.0,0.42647058823529416,0.0,0.7000000000000001,0.6999999999999998,0.7000000000000001,4.94098362678752e-32,2,4
192,183,0,10.699999999999987,0,0.0,0.0,0.0,0.0,0,0.0,0.7000000000000001,0.7,0.7000000000000001,1.2380250990527994e-32,4,1
193,200,0,21.549999999999976,0,0.0,0.0,0.0,0.0,0.6127450980392157,0.0,0.7000000000000001,0.7000000000000001,0.7000000000000001,0.0,3,4
194,200,0,38.34999999999998,0,0.0,0.0,0.0,0.0,0.43023255813953487,0.0,0.7000000000000001,0.7,0.7000000000000001,1.2352177073108264e-32,2,10
195,33,0,3.8499999999999996,0,0.0,0.0,0.0,0.0,0,0.0,0.7000000000000001,0.7000000000000002,0.7000000000000001,1.246444548277582e-32,4,4
196,200,0,41.449999999999974,0,0.0,0.0,0.0,0.0,0.4203296703296703,0.0,0.7000000000000001,0.7,0.7000000000000001,1.235147121269959e-32,2,11
197,50,0,4.050000000000001,0,0.0,0.0,0.0,0.0,0,0.0,0.7000000000000001,0.7000000000000002,0.7000000000000001,1.2449211160519093e-32,4,1
198,200,0,40.77499999999998,0,0.0,0.0,0.0,0.0,0.4129213483146067,0.0,0.7000000000000001,0.7,0.7000000000000001,1.235179221356275e-32,2,15
199,68,0,11.375000000000004,0,0.0,0.0,0.0,0.0,0,0.0,0.7000000000000001,0.7000000000000002,0.7000000000000001,1.2385786360797136e-32,4,7
200,200,0,21.825,0,0.0,0.0,0.0,0.0,0.622093023255814,0.0,0.7000000000000001,0.7000000000000001,0.7000000000000001,0.0,3,4
201,200,0,24.97499999999998,0,0.0,0.0,0.0,0.0,0.5211864406779662,0.0,0.7000000000000001,0.7000000000000002,0.7000000000000001,1.2361679040148102e-32,3,6
202,200,0,34.975,0,0.0,0.0,0.0,0.0,0.3680555555555556,0.0,0.7000000000000001,0.7,0.7000000000000001,1.2353588306957408e-32,3,9
203,200,0,21.049999999999997,0,0.0,0.0,0.0,0.0,0.6875,0.0,0.7000000000000001,0.6999999999999998,0.7000000000000001,4.949715483739682e-32,3,6
204,200,0,48.224999999999966,0,0.0,0.0,0.0,0.0,0.25909090909090904,0.0,0.7000000000000001,0.7000000000000001,0.7000000000000001,0.0,1,5
205,200,0,52.39999999999995,0,0.0,0.0,0.0,0.0,0.2584033613445378,0.0,0.7000000000000001,0.7000000000000001,0.7000000000000001,0.0,1,4
206,200,0,16.32499999999998,0,0.0,0.0,0.0,0.0,0.7134146341463414,0.0,0.7000000000000001,0.7000000000000001,0.7000000000000001,0.0,3,0
207,33,0,4.9750000000000005,0,0.0,0.0,0.0,0.0,0,0.0,0.7000000000000001,0.7,0.7000000000000001,1.243600478375758e-32,4,2
208,200,0,20.224999999999984,0,0.0,0.0,0.0,0.0,0.47,0.0,0.7000000000000001,0.7000000000000002,0.7000000000000001,1.2365081649297606e-32,3,6
209,57,0,5.325000000000002,0,0.0,0.0,0.0,0.0,0,0.0,0.7000000000000001,0.7000000000000001,0.7000000000000001,0.0,4,4
210,200,0,38.249999999999986,0,0.0,0.0,0.0,0.0,0.375,0.0,0.7000000000000001,0.7,0.7000000000000001,1.2350603547366466e-32,2,12
211,200,0,42.77499999999997,0,0.0,0.0,0.0,0.0,0.36170212765957444,0.0,0.7000000000000001,0.7,0.7000000000000001,1.2349474452559376e-32,2,18
212,200,0,44.52499999999996,0,0.0,0.0,0.0,0.0,0.3028846153846154,0.0,0.7000000000000001,0.7000000000000001,0.7000000000000001,0.0,2,11
213,200,0,49.04999999999996,0,0.0,0.0,0.0,0.0,0.24549549549549554,0.0,0.7000000000000001,0.7000000000000001,0.7000000000000001,0.0,1,10
214,200,0,34.22499999999999,0,0.0,0.0,0.0,0.0,0.38125,0.0,0.7000000000000001,0.6999999999999998,0.7000000000000001,4.940609663145082e-32,3,15
215,200,0,19.774999999999974,0,0.0,0.0,0.0,0.0,0.6377551020408163,0.0,0.7000000000000001,0.7000000000000001,0.7000000000000001,0.0,3,5
216,200,0,24.274999999999974,0,0.0,0.0,0.0,0.0,0.5286885245901639,0.0,0.7000000000000001,0.7000000000000001,0.7000000000000001,0.0,3,4
217,200,0,20.999999999999975,0,0.0,0.0,0.0,0.0,0.5833333333333334,0.0,0.7000000000000001,0.7000000000000001,0.7000000000000001,0.0,3,4
218,200,0,22.174999999999972,0,0.0,0.0,0.0,0.0,0.5772727272727273,0.0,0.7000000000000001,0.7000000000000001,0.7000000000000001,0.0,3,6
219,200,0,19.22499999999997,0,0.0,0.0,0.0,0.0,0.68,0.0,0.7000000000000001,0.7000000000000001,0.7000000000000001,0.0,3,1
220,200,0,38.149999999999984,0,0.0,0.0,0.0,0.0,0.4821428571428571,0.0,0.7000000000000001,0.7,0.7000000000000001,1.2354287165099178e-32,2,10
221,200,0,33.89999999999998,0,0.0,0.0,0.0,0.0,0.4736842105263158,0.0,0.7000000000000001,0.7,0.7000000000000001,1.2354287165099178e-32,2,6
222,200,0,33.72499999999999,0,0.0,0.0,0.0,0.0,0.44594594594594594,0.0,0.7000000000000001,0.7,0.7000000000000001,1.2353901647806377e-32,3,8
223,200,0,34.79999999999998,0,0.0,0.0,0.0,0.0,0.48417721518987344,0.0,0.7000000000000001,0.7,0.7000000000000001,1.2353588306957408e-32,3,3
224,200,0,33.849999999999994,0,0.0,0.0,0.0,0.0,0.4528985507246377,0.0,0.7000000000000001,0.7000000000000001,0.7000000000000001,0.0,3,10
225,200,0,37.97499999999995,0,0.0,0.0,0.0,0.0,0.44565217391304346,0.0,0.7000000000000001,0.7,0.7000000000000001,1.2352121392791852e-32,2,8
226,200,0,49.22499999999996,0,0.0,0.0,0.0,0.0,0.2589285714285714,0.0,0.7000000000000001,0.7000000000000001,0.7000000000000001,0.0,1,6
227,200,0,18.19999999999997,0,0.0,0.0,0.0,0.0,0.6847826086956522,0.0,0.7000000000000001,0.7,0.7000000000000001,1.2376467839340925e-32,3,2
228,200,0,32.97499999999995,0,1.0,1.0,0.0,0.0,0.50625,0.0,0.7000000000000001,0.7,0.7000000000000001,1.2354287165099178e-32,3,6
229,200,0,27.95,0,0.0,0.0,0.0,0.0,0.47807017543859653,0.0,0.7000000000000001,0.7000000000000001,0.7000000000000001,0.0,3,4
230,200,0,52.07499999999996,0,0.0,0.0,0.0,0.0,0.25,0.0,0.7000000000000001,0.7000000000000001,0.7000000000000001,0.0,1,6
231,200,0,49.349999999999966,0,0.0,0.0,0.0,0.0,0.22787610619469034,0.0,0.7000000000000001,0.7000000000000002,0.7000000000000001,1.2345641662679073e-32,1,6
232,39,0,2.55,0,0.0,0.0,0.0,0.0,0,0.0,0.7000000000000001,0.7000000000000002,0.7000000000000001,1.246444548277582e-32,4,2
233,200,0,29.224999999999998,0,0.0,0.0,0.0,0.0,0.5370370370370371,0.0,0.7000000000000001,0.7000000000000001,0.7000000000000001,0.0,3,7
234,200,0,30.649999999999995,0,0.0,0.0,0.0,0.0,0.5277777777777778,0.0,0.7000000000000001,0.7000000000000001,0.7000000000000001,0.0,3,5
235,200,0,38.374999999999986,0,0.0,0.0,0.0,0.0,0.47619047619047616,0.0,0.7000000000000001,0.7,0.7000000000000001,1.2353965170542123e-32,2,11
236,200,0,46.224999999999966,0,0.0,0.0,0.0,0.0,0.25,0.0,0.7000000000000001,0.7000000000000001,0.7000000000000001,0.0,1,11
237,200,0,21.999999999999996,0,0.0,0.0,0.0,0.0,0.6875,0.0,0.7000000000000001,0.7,0.7000000000000001,1.237409989268799e-32,3,5
238,200,0,44.475,0,0.0,0.0,0.0,0.0,0.49725274725274726,0.0,0.7000000000000001,0.7,0.7000000000000001,1.2353526479971103e-32,2,7
239,200,0,38.499999999999986,0,0.0,0.0,0.0,0.0,0.4441176470588235,0.0,0.7000000000000001,0.7,0.7000000000000001,1.2352805569228806e-32,2,10
240,200,0,30.625000000000004,0,0.0,0.0,0.0,0.0,0.4115384615384615,0.0,0.7000000000000001,0.7000000000000001,0.7000000000000001,0.0,3,7
241,200,0,49.07499999999996,0,0.0,0.0,0.0,0.0,0.25900900900900903,0.0,0.7000000000000001,0.7000000000000001,0.7000000000000001,0.0,1,6
242,200,0,49.39999999999996,0,0.0,0.0,0.0,0.0,0.2366071428571428,0.0,0.7000000000000001,0.7000000000000001,0.7000000000000001,0.0,1,12
243,200,0,28.449999999999996,0,0.0,0.0,0.0,0.0,0.5241935483870968,0.0,0.7000000000000001,0.7000000000000001,0.7000000000000001,0.0,3,9
244,200,0,19.649999999999974,0,0.0,0.0,0.0,0.0,0.71875,0.0,0.7000000000000001,0.7,0.7000000000000001,1.2376467839340925e-32,3,0
245,200,0,48.44999999999996,0,1.0,1.0,0.0,0.0,0.25450450450450446,0.0,0.7000000000000001,0.7000000000000001,0.7000000000000001,0.0,1,11
246,200,0,17.99999999999997,0,0.0,0.0,0.0,0.0,0.7386363636363636,0.0,0.7000000000000001,0.6999999999999998,0.7000000000000001,4.951632298396976e-32,3,1
247,200,0,32.47499999999999,0,0.0,0.0,0.0,0.0,0.4928571428571429,0.0,0.7000000000000001,0.7000000000000001,0.7000000000000001,0.0,3,2
248,200,0,18.27499999999997,0,0.0,0.0,0.0,0.0,0.675531914893617,0.0,0.7000000000000001,0.7,0.7000000000000001,1.2375255450654623e-32,3,2
249,200,0,19.774999999999963,0,0.0,0.0,0.0,0.0,0.72,0.0,0.7000000000000001,0.7000000000000001,0.7000000000000001,0.0,3,0
250,200,0,34.549999999999955,0,0.0,0.0,0.0,0.0,0.5029411764705882,0.0,0.7000000000000001,0.7,0.7000000000000001,1.2354683466092478e-32,2,4
251,200,0,24.925,0,0.0,0.0,0.0,0.0,0.5,0.0,0.7000000000000001,0.7000000000000001,0.7000000000000001,0.0,3,1
252,200,0,39.04999999999998,0,0.0,0.0,0.0,0.0,0.37209302325581395,0.0,0.7000000000000001,0.7,0.7000000000000001,1.2350902963195878e-32,2,12
253,200,0,35.59999999999998,0,1.0,1.0,0.0,0.0,0.4588607594936709,0.0,0.7000000000000001,0.7,0.7000000000000001,1.2353901647806377e-32,2,6
254,200,0,24.749999999999968,0,1.0,1.0,0.0,0.0,0.5806451612903226,0.0,0.7000000000000001,0.7000000000000001,0.7000000000000001,0.0,3,4
255,200,0,22.474999999999973,0,1.0,1.0,0.0,0.0,0.5954545454545455,0.0,0.7000000000000001,0.7000000000000001,0.7000000000000001,0.0,3,7
256,200,0,37.57499999999996,0,0.0,0.0,0.0,0.0,0.42582417582417587,0.0,0.7000000000000001,0.6999999999999998,0.7000000000000001,4.940609663145082e-32,2,7
257,200,0,29.024999999999984,0,0.0,0.0,0.0,0.0,0.4772727272727273,0.0,0.7000000000000001,0.6999999999999998,0.7000000000000001,4.942036403866858e-32,3,8
258,164,0,23.224999999999994,0,0.0,0.0,0.0,0.0,0,0.0,0.7000000000000001,0.7000000000000002,0.7000000000000001,1.2360478119271806e-32,4,6
259,200,0,32.499999999999986,0,0.0,0.0,0.0,0.0,0.49,0.0,0.7000000000000001,0.7,0.7000000000000001,1.2354287165099178e-32,3,5
260,200,0,24.99999999999998,0,0.0,0.0,0.0,0.0,0.430327868852459,0.0,0.7000000000000001,0.7000000000000001,0.7000000000000001,0.0,3,4
261,45,0,3.6500000000000012,0,0.0,0.0,0.0,0.0,0,0.0,0.7000000000000001,0.7000000000000001,0.7000000000000001,0.0,4,3
262,200,0,42.274999999999984,0,0.0,0.0,0.0,0.0,0.3605263157894737,0.0,0.7000000000000001,0.7,0.7000000000000001,1.2349474452559376e-32,2,12
263,69,0,3.4250000000000025,0,0.0,0.0,0.0,0.0,0,0.0,0.7000000000000001,0.7000000000000002,0.7000000000000001,1.2447990769267204e-32,4,1
264,200,0,45.14999999999998,0,0.0,0.0,0.0,0.0,0.2451923076923077,0.0,0.7000000000000001,0.7000000000000001,0.7000000000000001,0.0,2,10
265,200,0,31.349999999999973,0,0.0,0.0,0.0,0.0,0.45394736842105265,0.0,0.7000000000000001,0.7000000000000001,0.7000000000000001,0.0,3,5
266,200,0,33.099999999999994,0,1.0,1.0,0.0,0.0,0.40217391304347827,0.0,0.7000000000000001,0.7000000000000001,0.7000000000000001,0.0,3,3
267,200,0,34.84999999999997,0,0.0,0.0,0.0,0.0,0.5097402597402597,0.0,0.7000000000000001,0.7000000000000001,0.7000000000000001,0.0,2,8
268,105,0,14.075000000000005,0,0.0,0.0,0.0,0.0,0,0.0,0.7000000000000001,0.7000000000000001,0.7000000000000001,0.0,4,5
269,200,0,24.95,0,0.0,0.0,0.0,0.0,0.6686046511627907,0.0,0.7000000000000001,0.7000000000000001,0.7000000000000001,0.0,3,2
270,200,0,22.874999999999975,0,0.0,0.0,0.0,0.0,0.5657894736842105,0.0,0.7000000000000001,0.7000000000000002,0.7000000000000001,1.2365712778414045e-32,3,5
271,200,0,36.84999999999999,0,0.0,0.0,0.0,0.0,0.34493670886075944,0.0,0.7000000000000001,0.6999999999999998,0.7000000000000001,4.940760406384232e-32,3,14
272,104,0,6.550000000000001,0,0.0,0.0,0.0,0.0,0,0.0,0.7000000000000001,0.7000000000000002,0.7000000000000001,1.2409235101132893e-32,4,1
273,200,0,19.24999999999998,0,0.0,0.0,0.0,0.0,0.7074468085106383,0.0,0.7000000000000001,0.7,0.7000000000000001,1.2375255450654623e-32,3,1
274,200,0,41.69999999999999,0,1.0,1.0,0.0,0.0,0.3434065934065934,0.0,0.7000000000000001,0.7,0.7000000000000001,1.2349208156614308e-32,2,12
275,200,0,25.275000000000002,0,0.0,0.0,0.0,0.0,0.5096153846153846,0.0,0.7000000000000001,0.7000000000000001,0.7000000000000001,0.0,3,6
276,51,0,8.0,0,0.0,0.0,0.0,0.0,0,0.0,0.7000000000000001,0.7000000000000001,0.7000000000000001,0.0,4,6
277,200,0,47.99999999999996,0,0.0,0.0,0.0,0.0,0.2681818181818182,0.0,0.7000000000000001,0.7000000000000001,0.7000000000000001,0.0,1,9
278,62,0,4.775000000000001,0,0.0,0.0,0.0,0.0,0,0.0,0.7000000000000001,0.7,0.7000000000000001,1.242535447991765e-32,4,2
279,200,0,27.424999999999997,0,0.0,0.0,0.0,0.0,0.5119047619047619,0.0,0.7000000000000001,0.7000000000000001,0.7000000000000001,0.0,3,3
280,200,0,33.725,0,0.0,0.0,0.0,0.0,0.39583333333333337,0.0,0.7000000000000001,0.7,0.7000000000000001,1.2353588306957408e-32,3,5
281,200,0,20.974999999999966,0,0.0,0.0,0.0,0.0,0.6084905660377359,0.0,0.7000000000000001,0.7000000000000001,0.7000000000000001,0.0,3,4
282,200,0,38.52499999999998,0,0.0,0.0,0.0,0.0,0.5029411764705882,0.0,0.7000000000000001,0.6999999999999998,0.7000000000000001,4.942036403866858e-32,2,4
283,200,0,48.99999999999996,0,0.0,0.0,0.0,0.0,0.2455357142857142,0.0,0.7000000000000001,0.7000000000000001,0.7000000000000001,0.0,1,9
284,200,0,26.12499999999998,0,0.0,0.0,0.0,0.0,0.4833333333333333,0.0,0.7000000000000001,0.7,0.7000000000000001,1.235935530707039e-32,3,8
285,200,0,42.37499999999997,0,0.0,0.0,0.0,0.0,0.4368131868131868,0.0,0.7000000000000001,0.7,0.7000000000000001,1.2352177073108264e-32,2,8
286,200,0,35.89999999999995,0,1.0,1.0,0.0,0.0,0.4353932584269663,0.0,0.7000000000000001,0.7,0.7000000000000001,1.2352864202253152e-32,2,3
287,200,0,25.77499999999998,0,0.0,0.0,0.0,0.0,0.5333333333333333,0.0,0.7000000000000001,0.7000000000000001,0.7000000000000001,0.0,3,7
288,200,0,25.024999999999977,0,0.0,0.0,0.0,0.0,0.5775862068965517,0.0,0.7000000000000001,0.7000000000000002,0.7000000000000001,1.2362311383441371e-32,3,4
289,200,0,29.67499999999998,0,0.0,0.0,0.0,0.0,0.47388059701492535,0.0,0.7000000000000001,0.7000000000000002,0.7000000000000001,1.235692137182725e-32,3,14
290,200,0,35.09999999999995,0,0.0,0.0,0.0,0.0,0.46264367816091956,0.0,0.7000000000000001,0.7,0.7000000000000001,1.2353526479971103e-32,2,6
291,200,0,32.84999999999999,0,1.0,1.0,0.0,0.0,0.4305555555555556,0.0,0.7000000000000001,0.7000000000000001,0.7000000000000001,0.0,2,12
292,200,0,27.124999999999982,0,0.0,0.0,0.0,0.0,0.4609375,0.0,0.7000000000000001,0.7000000000000001,0.7000000000000001,0.0,3,6
293,200,0,34.69999999999998,0,0.0,0.0,0.0,0.0,0.493421052631579,0.0,0.7000000000000001,0.6999999999999998,0.7000000000000001,4.942036403866858e-32,2,6
294,200,0,51.82499999999996,0,0.0,0.0,0.0,0.0,0.2627118644067796,0.0,0.7000000000000001,0.7000000000000001,0.7000000000000001,0.0,1,8
295,200,0,20.99999999999997,0,0.0,0.0,0.0,0.0,0.6839622641509434,0.0,0.7000000000000001,0.7000000000000001,0.7000000000000001,0.0,3,1
296,63,0,7.050000000000002,0,0.0,0.0,0.0,0.0,0,0.0,0.7000000000000001,0.7000000000000001,0.7000000000000001,0.0,4,4
297,200,0,20.19999999999997,0,1.0,1.0,0.0,0.0,0.6989795918367347,0.0,0.7000000000000001,0.6999999999999998,0.7000000000000001,4.949715483739682e-32,3,1
298,200,0,33.89999999999998,0,0.0,0.0,0.0,0.0,0.4932432432432432,0.0,0.7000000000000001,0.6999999999999998,0.7000000000000001,4.942036403866858e-32,2,9
299,200,0,22.524999999999977,0,0.0,0.0,0.0,0.0,0.5370370370370371,0.0,0.7000000000000001,0.7000000000000001,0.7000000000000001,0.0,3,8
300,200,0,46.249999999999964,0,0.0,0.0,0.0,0.0,0.2688679245283019,0.0,0.7000000000000001,0.7000000000000001,0.7000000000000001,0.0,1,2
301,200,0,17.349999999999973,0,0.0,0.0,0.0,0.0,0.7159090909090909,0.0,0.7000000000000001,0.7000000000000001,0.7000000000000001,0.0,3,1
302,200,0,19.624999999999975,0,0.0,0.0,0.0,0.0,0.61,0.0,0.7000000000000001,0.7000000000000001,0.7000000000000001,0.0,3,3
303,200,0,34.024999999999984,0,0.0,0.0,0.0,0.0,0.5171232876712328,0.0,0.7000000000000001,0.7000000000000001,0.7000000000000001,0.0,2,6
304,200,0,19.699999999999978,0,0.0,0.0,0.0,0.0,0.62,0.0,0.7000000000000001,0.7000000000000002,0.7000000000000001,1.2369200597215426e-32,3,1
305,200,0,24.424999999999997,0,0.0,0.0,0.0,0.0,0.5625,0.0,0.7000000000000001,0.7000000000000001,0.7000000000000001,0.0,3,7
306,200,0,18.29999999999997,0,0.0,0.0,0.0,0.0,0.7180851063829787,0.0,0.7000000000000001,0.7000000000000001,0.7000000000000001,0.0,3,1
307,200,0,51.19999999999996,0,1.0,1.0,0.0,0.0,0.2072649572649572,0.0,0.7000000000000001,0.7000000000000002,0.7000000000000001,1.234509132054427e-32,1,6
308,200,0,40.64999999999998,0,0.0,0.0,0.0,0.0,0.4109195402298851,0.0,0.7000000000000001,0.6999999999999998,0.7000000000000001,4.940609663145082e-32,2,8
309,200,0,20.399999999999974,0,0.0,0.0,0.0,0.0,0.6538461538461539,0.0,0.7000000000000001,0.7000000000000001,0.7000000000000001,0.0,3,3
310,200,0,38.199999999999974,0,0.0,0.0,0.0,0.0,0.5059523809523809,0.0,0.7000000000000001,0.6999999999999998,0.7000000000000001,4.942036403866858e-32,2,7
311,200,0,45.650000000000006,0,0.0,0.0,0.0,0.0,0.36340206185567014,0.0,0.7000000000000001,0.7000000000000001,0.7000000000000001,0.0,2,14
312,200,0,17.899999999999977,0,0.0,0.0,0.0,0.0,0.6956521739130435,0.0,0.7000000000000001,0.7,0.7000000000000001,1.2375255450654623e-32,3,0
313,200,0,50.14999999999996,0,0.0,0.0,0.0,0.0,0.2456521739130435,0.0,0.7000000000000001,0.7000000000000002,0.7000000000000001,1.2345641662679073e-32,1,3
314,15,0,0.07500000000000004,0,0.0,0.0,0.0,0.0,0,0.0,0.7000000000000001,0.7000000000000001,0.7000000000000001,0.0,4,0
315,200,0,26.85,0,0.0,0.0,0.0,0.0,0.6173469387755102,0.0,0.7000000000000001,0.7000000000000001,0.7000000000000001,0.0,3,7
316,200,0,37.274999999999984,0,0.0,0.0,0.0,0.0,0.40662650602409633,0.0,0.7000000000000001,0.7,0.7000000000000001,1.2352121392791852e-32,2,10
317,200,0,24.650000000000002,0,0.0,0.0,0.0,0.0,0.5833333333333334,0.0,0.7000000000000001,0.7000000000000001,0.7000000000000001,0.0,3,2
318,177,0,13.199999999999996,0,0.0,0.0,0.0,0.0,0,0.0,0.7000000000000001,0.7000000000000001,0.7000000000000001,0.0,4,1
319,200,0,29.450000000000003,0,0.0,0.0,0.0,0.0,0.5166666666666667,0.0,0.7000000000000001,0.7,0.7000000000000001,1.235935530707039e-32,3,5
320,200,0,19.774999999999974,0,0.0,0.0,0.0,0.0,0.6581632653061225,0.0,0.7000000000000001,0.7,0.7000000000000001,1.237409989268799e-32,3,1
321,200,0,13.774999999999977,0,0.0,0.0,0.0,0.0,0.6944444444444444,0.0,0.7000000000000001,0.7,0.7000000000000001,1.2376467839340925e-32,3,0
322,33,0,1.8499999999999996,0,0.0,0.0,0.0,0.0,0,0.0,0.7000000000000001,0.7000000000000002,0.7000000000000001,1.2466019276397382e-32,4,1
323,200,0,25.375,0,0.0,0.0,0.0,0.0,0.4744897959183674,0.0,0.7000000000000001,0.7000000000000001,0.7000000000000001,0.0,3,4
324,200,0,20.74999999999997,0,0.0,0.0,0.0,0.0,0.6346153846153846,0.0,0.7000000000000001,0.7000000000000002,0.7000000000000001,1.2371101650100574e-32,3,4
325,200,0,25.275000000000002,0,0.0,0.0,0.0,0.0,0.5613207547169812,0.0,0.7000000000000001,0.7000000000000002,0.7000000000000001,1.2362966513880347e-32,3,4
326,68,0,4.175000000000003,0,0.0,0.0,0.0,0.0,0,0.0,0.7000000000000001,0.7,0.7000000000000001,1.243600478375758e-32,4,0
327,200,0,48.67499999999998,0,0.0,0.0,0.0,0.0,0.27336448598130836,0.0,0.7000000000000001,0.7000000000000001,0.7000000000000001,0.0,2,17
328,200,0,40.424999999999976,0,0.0,0.0,0.0,0.0,0.4410112359550562,0.0,0.7000000000000001,0.6999999999999998,0.7000000000000001,4.94098362678752e-32,2,10
329,200,0,22.75,0,0.0,0.0,0.0,0.0,0.6309523809523809,0.0,0.7000000000000001,0.7000000000000001,0.7000000000000001,0.0,3,4
330,200,0,33.94999999999995,0,0.0,0.0,0.0,0.0,0.47619047619047616,0.0,0.7000000000000001,0.7,0.7000000000000001,1.2353901647806377e-32,2,4
331,200,0,41.62499999999998,0,0.0,0.0,0.0,0.0,0.3467741935483871,0.0,0.7000000000000001,0.6999999999999998,0.7000000000000001,4.94001030735326e-32,2,12
332,200,0,20.199999999999974,0,0.0,0.0,0.0,0.0,0.6519607843137255,0.0,0.7000000000000001,0.7000000000000001,0.7000000000000001,0.0,3,4
333,92,0,13.875000000000002,0,0.0,0.0,0.0,0.0,0,0.0,0.7000000000000001,0.7000000000000001,0.7000000000000001,0.0,4,8
334,200,0,25.075,0,0.0,0.0,0.0,0.0,0.5416666666666666,0.0,0.7000000000000001,0.7000000000000001,0.7000000000000001,0.0,3,6
335,200,0,23.675,0,0.0,0.0,0.0,0.0,0.6223404255319149,0.0,0.7000000000000001,0.7000000000000001,0.7000000000000001,0.0,3,7
336,200,0,22.85,0,0.0,0.0,0.0,0.0,0.622093023255814,0.0,0.7000000000000001,0.7000000000000001,0.7000000000000001,0.0,3,0
337,200,0,26.000000000000004,0,0.0,0.0,0.0,0.0,0.553921568627451,0.0,0.7000000000000001,0.7000000000000001,0.7000000000000001,0.0,3,7
338,200,0,42.42499999999998,0,0.0,0.0,0.0,0.0,0.3829787234042553,0.0,0.7000000000000001,0.7,0.7000000000000001,1.2350311232307713e-32,2,10
339,200,0,45.075,0,0.0,0.0,0.0,0.0,0.37631578947368416,0.0,0.7000000000000001,0.7,0.7000000000000001,1.2349746917522477e-32,2,11
340,75,0,7.0,0,0.0,0.0,0.0,0.0,0,0.0,0.7000000000000001,0.7000000000000002,0.7000000000000001,1.2408676151756689e-32,4,3
341,200,0,25.474999999999998,0,0.0,0.0,0.0,0.0,0.6413043478260869,0.0,0.7000000000000001,0.7000000000000001,0.7000000000000001,0.0,3,4
342,200,0,29.825,0,0.0,0.0,0.0,0.0,0.4795081967213115,0.0,0.7000000000000001,0.7000000000000002,0.7000000000000001,1.2358908734035738e-32,3,5
343,200,0,46.79999999999998,0,0.0,0.0,0.0,0.0,0.25,0.0,0.7000000000000001,0.7000000000000001,0.7000000000000001,0.0,2,13
344,200,0,20.62499999999997,0,0.0,0.0,0.0,0.0,0.6153846153846154,0.0,0.7000000000000001,0.7000000000000002,0.7000000000000001,1.2369200597215426e-32,3,3
345,200,0,30.5,0,0.0,0.0,0.0,0.0,0.4563492063492064,0.0,0.7000000000000001,0.7000000000000001,0.7000000000000001,0.0,3,2
346,200,0,35.94999999999999,0,0.0,0.0,0.0,0.0,0.4058441558441559,0.0,0.7000000000000001,0.7,0.7000000000000001,1.2352121392791852e-32,3,12
347,200,0,38.524999999999956,0,0.0,0.0,0.0,0.0,0.375,0.0,0.7000000000000001,0.7,0.7000000000000001,1.2349701069211409e-32,2,5
348,200,0,29.949999999999985,0,0.0,0.0,0.0,0.0,0.47058823529411764,0.0,0.7000000000000001,0.6999999999999998,0.7000000000000001,4.942036403866858e-32,3,8
349,200,0,26.724999999999977,0,0.0,0.0,0.0,0.0,0.41417910447761197,0.0,0.7000000000000001,0.7000000000000001,0.7000000000000001,0.0,3,8
350,200,0,30.27499999999999,0,0.0,0.0,0.0,0.0,0.49626865671641796,0.0,0.7000000000000001,0.6999999999999998,0.7000000000000001,4.942036403866858e-32,3,4
351,200,0,31.77499999999999,0,0.0,0.0,0.0,0.0,0.4921875,0.0,0.7000000000000001,0.7000000000000001,0.7000000000000001,0.0,3,3
352,81,0,9.400000000000002,0,0.0,0.0,0.0,0.0,0,0.0,0.7000000000000001,0.7000000000000002,0.7000000000000001,1.2394811709129027e-32,4,7
353,200,0,26.02499999999997,0,0.0,0.0,0.0,0.0,0.5515873015873016,0.0,0.7000000000000001,0.7000000000000002,0.7000000000000001,1.2362311383441371e-32,3,6
354,200,0,32.374999999999986,0,0.0,0.0,0.0,0.0,0.4683098591549296,0.0,0.7000000000000001,0.7,0.7000000000000001,1.2354287165099178e-32,2,7
355,170,0,17.124999999999993,0,0.0,0.0,0.0,0.0,0,0.0,0.7000000000000001,0.7000000000000001,0.7000000000000001,0.0,4,7
356,200,0,30.64999999999999,0,0.0,0.0,0.0,0.0,0.5,0.0,0.7000000000000001,0.7,0.7000000000000001,1.2355941794063903e-32,3,4
357,200,0,18.324999999999974,0,0.0,0.0,0.0,0.0,0.7065217391304348,0.0,0.7000000000000001,0.7,0.7000000000000001,1.2375255450654623e-32,3,2
358,200,0,47.84999999999999,0,0.0,0.0,0.0,0.0,0.2451923076923077,0.0,0.7000000000000001,0.7000000000000001,0.7000000000000001,0.0,1,10
359,200,0,20.45,0,0.0,0.0,0.0,0.0,0.6036585365853658,0.0,0.7000000000000001,0.7000000000000001,0.7000000000000001,0.0,3,1
360,200,0,34.29999999999998,0,0.0,0.0,0.0,0.0,0.4642857142857143,0.0,0.7000000000000001,0.7,0.7000000000000001,1.2353526479971103e-32,2,5
361,200,0,32.62499999999998,0,0.0,0.0,0.0,0.0,0.36875,0.0,0.7000000000000001,0.7,0.7000000000000001,1.2352805569228806e-32,3,8
362,200,0,28.099999999999962,0,0.0,0.0,0.0,0.0,0.55,0.0,0.7000000000000001,0.7000000000000001,0.7000000000000001,0.0,3,3
363,200,0,51.87499999999996,0,1.0,1.0,0.0,0.0,0.22899159663865554,0.0,0.7000000000000001,0.7000000000000001,0.7000000000000001,0.0,1,7
364,200,0,35.57499999999998,0,0.0,0.0,0.0,0.0,0.42333333333333334,0.0,0.7000000000000001,0.7,0.7000000000000001,1.2352864202253152e-32,3,8
365,200,0,46.02499999999996,0,0.0,0.0,0.0,0.0,0.2692307692307693,0.0,0.7000000000000001,0.7000000000000001,0.7000000000000001,0.0,1,6
366,200,0,39.649999999999984,0,1.0,1.0,0.0,0.0,0.4410112359550562,0.0,0.7000000000000001,0.7,0.7000000000000001,1.2352177073108264e-32,2,5
367,200,0,23.15,0,0.0,0.0,0.0,0.0,0.6428571428571429,0.0,0.7000000000000001,0.7000000000000001,0.7000000000000001,0.0,3,1
368,200,0,34.39999999999996,0,1.0,1.0,0.0,0.0,0.4224137931034483,0.0,0.7000000000000001,0.6999999999999998,0.7000000000000001,4.940609663145082e-32,3,9
369,200,0,23.25,0,0.0,0.0,0.0,0.0,0.6104651162790697,0.0,0.7000000000000001,0.7000000000000001,0.7000000000000001,0.0,3,4
370,200,0,41.375,0,0.0,0.0,0.0,0.0,0.4418604651162791,0.0,0.7000000000000001,0.6999999999999998,0.7000000000000001,4.94098362678752e-32,2,8
371,200,0,40.7,0,0.0,0.0,0.0,0.0,0.5121951219512195,0.0,0.7000000000000001,0.7,0.7000000000000001,1.2354683466092478e-32,2,6
372,200,0,29.19999999999999,0,0.0,0.0,0.0,0.0,0.5038461538461538,0.0,0.7000000000000001,0.7,0.7000000000000001,1.2355941794063903e-32,3,9
373,200,0,24.224999999999998,0,0.0,0.0,0.0,0.0,0.532608695652174,0.0,0.7000000000000001,0.7000000000000002,0.7000000000000001,1.2368454925609613e-32,3,6
374,200,0,19.474999999999977,0,0.0,0.0,0.0,0.0,0.6436170212765957,0.0,0.7000000000000001,0.7000000000000001,0.7000000000000001,0.0,3,3
375,200,0,17.69999999999997,0,0.0,0.0,0.0,0.0,0.75,0.0,0.7000000000000001,0.6999999999999998,0.7000000000000001,4.952196501249161e-32,3,0
376,200,0,20.54999999999997,0,0.0,0.0,0.0,0.0,0.6442307692307693,0.0,0.7000000000000001,0.7000000000000001,0.7000000000000001,0.0,3,3
377,200,0,29.075000000000003,0,0.0,0.0,0.0,0.0,0.525,0.0,0.7000000000000001,0.7,0.7000000000000001,1.235935530707039e-32,3,8
378,188,0,17.874999999999986,0,0.0,0.0,0.0,0.0,0,0.0,0.7000000000000001,0.7000000000000001,0.7000000000000001,0.0,4,4
379,200,0,18.52499999999998,0,0.0,0.0,0.0,0.0,0.6354166666666666,0.0,0.7000000000000001,0.7000000000000001,0.7000000000000001,0.0,3,1
380,200,0,37.69999999999996,0,1.0,1.0,0.0,0.0,0.4130434782608695,0.0,0.7000000000000001,0.6999999999999998,0.7000000000000001,4.940341022596236e-32,2,5
381,200,0,29.700000000000003,0,0.0,0.0,0.0,0.0,0.4957627118644068,0.0,0.7000000000000001,0.7000000000000002,0.7000000000000001,1.236000123425532e-32,3,5
382,200,0,18.349999999999973,0,0.0,0.0,0.0,0.0,0.7055555555555556,0.0,0.7000000000000001,0.7,0.7000000000000001,1.237545345790995e-32,3,4
383,200,0,38.34999999999998,0,0.0,0.0,0.0,0.0,0.45833333333333337,0.0,0.7000000000000001,0.7,0.7000000000000001,1.2353588306957408e-32,2,6
384,200,0,21.575,0,0.0,0.0,0.0,0.0,0.6524390243902439,0.0,0.7000000000000001,0.7000000000000001,0.7000000000000001,0.0,3,4
385,200,0,22.65,0,0.0,0.0,0.0,0.0,0.622093023255814,0.0,0.7000000000000001,0.7000000000000001,0.7000000000000001,0.0,3,5
386,200,0,48.624999999999964,0,0.0,0.0,0.0,0.0,0.2772727272727272,0.0,0.7000000000000001,0.7000000000000001,0.7000000000000001,0.0,1,9
387,200,0,43.17499999999998,0,1.0,1.0,0.0,0.0,0.3459595959595959,0.0,0.7000000000000001,0.7000000000000001,0.7000000000000001,0.0,2,13
388,45,0,4.300000000000001,0,0.0,0.0,0.0,0.0,0,0.0,0.7000000000000001,0.7000000000000001,0.7000000000000001,0.0,4,2
389,200,0,17.649999999999995,0,0.0,0.0,0.0,0.0,0.6602564102564102,0.0,0.7000000000000001,0.7,0.7000000000000001,1.237409989268799e-32,3,2
390,200,0,17.19999999999997,0,0.0,0.0,0.0,0.0,0.7386363636363636,0.0,0.7000000000000001,0.6999999999999998,0.7000000000000001,4.951632298396976e-32,3,1
391,140,0,17.549999999999997,0,0.0,0.0,0.0,0.0,0,0.0,0.7000000000000001,0.7000000000000002,0.7000000000000001,1.2369200597215426e-32,4,7
392,200,0,23.475,0,0.0,0.0,0.0,0.0,0.6277777777777778,0.0,0.7000000000000001,0.7000000000000001,0.7000000000000001,0.0,3,4
393,200,0,36.87499999999996,0,0.0,0.0,0.0,0.0,0.4587912087912088,0.0,0.7000000000000001,0.7,0.7000000000000001,1.2353526479971103e-32,2,3
394,200,0,21.075,0,0.0,0.0,0.0,0.0,0.6987179487179487,0.0,0.7000000000000001,0.7,0.7000000000000001,1.2376467839340925e-32,3,2
395,200,0,29.074999999999996,0,0.0,0.0,0.0,0.0,0.484375,0.0,0.7000000000000001,0.7,0.7000000000000001,1.2356843753461964e-32,3,2
396,200,0,21.025,0,0.0,0.0,0.0,0.0,0.75,0.0,0.7000000000000001,0.6999999999999998,0.7000000000000001,4.952196501249161e-32,3,0
397,39,0,3.075,0,0.0,0.0,0.0,0.0,0,0.0,0.7000000000000001,0.7000000000000002,0.7000000000000001,1.2449211160519093e-32,4,3
398,200,0,19.85,0,0.0,0.0,0.0,0.0,0.7361111111111112,0.0,0.7000000000000001,0.6999999999999998,0.7000000000000001,4.951632298396976e-32,3,2
399,21,0,1.0750000000000002,0,0.0,0.0,0.0,0.0,0,0.0,0.7000000000000001,0.7000000000000002,0.7000000000000001,1.251558166937182e-32,4,3
400,200,0,19.349999999999973,0,0.0,0.0,0.0,0.0,0.6436170212765957,0.0,0.7000000000000001,0.7000000000000001,0.7000000000000001,0.0,3,2
401,200,0,50.54999999999998,0,0.0,0.0,0.0,0.0,0.268348623853211,0.0,0.7000000000000001,0.7000000000000001,0.7000000000000001,0.0,1,10
402,62,0,7.400000000000002,0,0.0,0.0,0.0,0.0,0,0.0,0.7000000000000001,0.7000000000000001,0.7000000000000001,0.0,4,3
403,200,0,26.25,0,0.0,0.0,0.0,0.0,0.5049019607843137,0.0,0.7000000000000001,0.7000000000000001,0.7000000000000001,0.0,3,2
404,200,0,32.89999999999997,0,0.0,0.0,0.0,0.0,0.45625000000000004,0.0,0.7000000000000001,0.7,0.7000000000000001,1.235435245431812e-32,3,6
405,200,0,24.75,0,0.0,0.0,0.0,0.0,0.526595744680851,0.0,0.7000000000000001,0.7000000000000001,0.7000000000000001,0.0,3,6
406,117,0,7.625000000000003,0,0.0,0.0,0.0,0.0,0,0.0,0.7000000000000001,0.7000000000000002,0.7000000000000001,1.2399759737755424e-32,4,1
407,200,0,26.09999999999998,0,0.0,0.0,0.0,0.0,0.4765625,0.0,0.7000000000000001,0.7000000000000001,0.7000000000000001,0.0,3,6
408,200,0,18.02499999999997,0,0.0,0.0,0.0,0.0,0.717391304347826,0.0,0.7000000000000001,0.7000000000000001,0.7000000000000001,0.0,3,1
409,200,0,36.57499999999999,0,0.0,0.0,0.0,0.0,0.4407894736842105,0.0,0.7000000000000001,0.7000000000000001,0.7000000000000001,0.0,3,11
410,200,0,38.87499999999996,0,0.0,0.0,0.0,0.0,0.39893617021276595,0.0,0.7000000000000001,0.6999999999999998,0.7000000000000001,4.940341022596236e-32,2,10
411,200,0,17.874999999999975,0,0.0,0.0,0.0,0.0,0.6818181818181818,0.0,0.7000000000000001,0.7,0.7000000000000001,1.237409989268799e-32,3,2
412,200,0,47.124999999999964,0,0.0,0.0,0.0,0.0,0.2546728971962616,0.0,0.7000000000000001,0.7000000000000001,0.7000000000000001,0.0,1,7
413,200,0,21.47499999999997,0,0.0,0.0,0.0,0.0,0.5925925925925926,0.0,0.7000000000000001,0.7000000000000002,0.7000000000000001,1.2369200597215426e-32,3,4
414,200,0,24.474999999999998,0,0.0,0.0,0.0,0.0,0.5585106382978723,0.0,0.7000000000000001,0.7000000000000001,0.7000000000000001,0.0,3,6
415,200,0,15.799999999999976,0,0.0,0.0,0.0,0.0,0.75,0.0,0.7000000000000001,0.6999999999999998,0.7000000000000001,4.952196501249161e-32,3,1
416,200,0,19.949999999999974,0,0.0,0.0,0.0,0.0,0.63,0.0,0.7000000000000001,0.7000000000000002,0.7000000000000001,1.2371101650100574e-32,3,3
417,200,0,21.975,0,0.0,0.0,0.0,0.0,0.6524390243902439,0.0,0.7000000000000001,0.7,0.7000000000000001,1.237409989268799e-32,3,2
418,200,0,19.75,0,0.0,0.0,0.0,0.0,0.7361111111111112,0.0,0.7000000000000001,0.6999999999999998,0.7000000000000001,4.951632298396976e-32,3,1
419,200,0,19.775,0,0.0,0.0,0.0,0.0,0.7361111111111112,0.0,0.7000000000000001,0.6999999999999998,0.7000000000000001,4.951632298396976e-32,3,2
420,200,0,19.19999999999997,0,0.0,0.0,0.0,0.0,0.68,0.0,0.7000000000000001,0.7000000000000001,0.7000000000000001,0.0,3,0
421,200,0,41.52499999999997,0,0.0,0.0,0.0,0.0,0.43817204301075274,0.0,0.7000000000000001,0.7,0.7000000000000001,1.2352864202253152e-32,2,10
422,200,0,23.6,0,0.0,0.0,0.0,0.0,0.6086956521739131,0.0,0.7000000000000001,0.7000000000000001,0.7000000000000001,0.0,3,2
423,200,0,46.69999999999996,0,1.0,1.0,0.0,0.0,0.25934579439252337,0.0,0.7000000000000001,0.7000000000000001,0.7000000000000001,0.0,1,8
424,200,0,19.349999999999977,0,0.0,0.0,0.0,0.0,0.6173469387755102,0.0,0.7000000000000001,0.7000000000000001,0.7000000000000001,0.0,3,4
425,200,0,20.374999999999968,0,0.0,0.0,0.0,0.0,0.6911764705882353,0.0,0.7000000000000001,0.7,0.7000000000000001,1.237409989268799e-32,3,2
426,81,0,6.200000000000003,0,0.0,0.0,0.0,0.0,0,0.0,0.7000000000000001,0.7000000000000002,0.7000000000000001,1.2415922094035087e-32,4,4
427,200,0,28.499999999999968,0,0.0,0.0,0.0,0.0,0.5555555555555556,0.0,0.7000000000000001,0.7000000000000001,0.7000000000000001,0.0,3,3
428,200,0,17.724999999999973,0,0.0,0.0,0.0,0.0,0.6818181818181818,0.0,0.7000000000000001,0.7,0.7000000000000001,1.2376467839340925e-32,3,1
429,200,0,17.774999999999977,0,0.0,0.0,0.0,0.0,0.6818181818181818,0.0,0.7000000000000001,0.7,0.7000000000000001,1.2376467839340925e-32,3,0
430,200,0,22.825000000000003,0,0.0,0.0,0.0,0.0,0.6166666666666667,0.0,0.7000000000000001,0.7000000000000001,0.7000000000000001,0.0,3,6
431,200,0,19.52499999999997,0,0.0,0.0,0.0,0.0,0.6770833333333334,0.0,0.7000000000000001,0.7,0.7000000000000001,1.2375255450654623e-32,3,2
432,200,0,39.74999999999998,0,0.0,0.0,0.0,0.0,0.40909090909090906,0.0,0.7000000000000001,0.7,0.7000000000000001,1.2351846500473432e-32,2,12
433,200,0,36.32499999999999,0,0.0,0.0,0.0,0.0,0.48750000000000004,0.0,0.7000000000000001,0.7,0.7000000000000001,1.2354683466092478e-32,2,8
434,200,0,20.375,0,0.0,0.0,0.0,0.0,0.7094594594594594,0.0,0.7000000000000001,0.7000000000000001,0.7000000000000001,0.0,3,2
435,200,0,35.749999999999986,0,0.0,0.0,0.0,0.0,0.5097402597402597,0.0,0.7000000000000001,0.7,0.7000000000000001,1.2354683466092478e-32,2,2
436,200,0,23.575,0,0.0,0.0,0.0,0.0,0.6055555555555555,0.0,0.7000000000000001,0.7000000000000002,0.7000000000000001,1.2369972899950018e-32,3,3
437,200,0,20.79999999999997,0,0.0,0.0,0.0,0.0,0.69,0.0,0.7000000000000001,0.7000000000000001,0.7000000000000001,0.0,3,2
438,200,0,19.274999999999974,0,0.0,0.0,0.0,0.0,0.6377551020408163,0.0,0.7000000000000001,0.7000000000000001,0.7000000000000001,0.0,3,2
439,200,0,28.1,0,0.0,0.0,0.0,0.0,0.4732142857142857,0.0,0.7000000000000001,0.7000000000000001,0.7000000000000001,0.0,3,14
440,200,0,22.55,0,0.0,0.0,0.0,0.0,0.6428571428571429,0.0,0.7000000000000001,0.7000000000000001,0.7000000000000001,0.0,3,3
441,200,0,24.124999999999975,0,0.0,0.0,0.0,0.0,0.5745614035087719,0.0,0.7000000000000001,0.7000000000000002,0.7000000000000001,1.2362966513880347e-32,3,6
442,200,0,25.2,0,0.0,0.0,0.0,0.0,0.5192307692307693,0.0,0.7000000000000001,0.7000000000000001,0.7000000000000001,0.0,3,5
443,200,0,29.649999999999995,0,1.0,1.0,0.0,0.0,0.49193548387096775,0.0,0.7000000000000001,0.7000000000000001,0.7000000000000001,0.0,3,4
444,200,0,22.424999999999976,0,0.0,0.0,0.0,0.0,0.5925925925925926,0.0,0.7000000000000001,0.7000000000000001,0.7000000000000001,0.0,3,1
445,200,0,39.45,0,1.0,1.0,0.0,0.0,0.5221518987341772,0.0,0.7000000000000001,0.7000000000000001,0.7000000000000001,0.0,2,4
446,200,0,23.1,0,0.0,0.0,0.0,0.0,0.6337209302325582,0.0,0.7000000000000001,0.7000000000000001,0.7000000000000001,0.0,3,5
447,200,0,38.849999999999945,0,0.0,0.0,0.0,0.0,0.43229166666666663,0.0,0.7000000000000001,0.6999999999999998,0.7000000000000001,4.94100647801415e-32,2,9
448,27,0,3.3499999999999996,0,1.0,1.0,0.0,0.0,0,0.0,0.7000000000000001,0.7000000000000003,0.7000000000000001,4.982831515691232e-32,4,1
449,200,0,27.75,0,0.0,0.0,0.0,0.0,0.5707547169811321,0.0,0.7000000000000001,0.7000000000000001,0.7000000000000001,0.0,3,4
450,170,0,13.099999999999998,0,0.0,0.0,0.0,0.0,0,0.0,0.7000000000000001,0.7000000000000001,0.7000000000000001,0.0,4,0
451,200,0,24.675,0,1.0,1.0,0.0,0.0,0.5153061224489796,0.0,0.7000000000000001,0.7000000000000002,0.7000000000000001,1.2365970967598045e-32,3,8
452,200,0,18.024999999999974,0,0.0,0.0,0.0,0.0,0.7166666666666667,0.0,0.7000000000000001,0.7000000000000001,0.7000000000000001,0.0,3,2
453,200,0,42.44999999999998,0,0.0,0.0,0.0,0.0,0.3427835051546392,0.0,0.7000000000000001,0.7000000000000002,0.7000000000000001,1.2348444256567504e-32,2,16
454,81,0,7.750000000000002,0,0.0,0.0,0.0,0.0,0,0.0,0.7000000000000001,0.7000000000000002,0.7000000000000001,1.2399759737755424e-32,4,2
455,200,0,19.374999999999975,0,0.0,0.0,0.0,0.0,0.66,0.0,0.7000000000000001,0.7000000000000001,0.7000000000000001,0.0,3,1
456,200,0,30.724999999999955,0,0.0,0.0,0.0,0.0,0.5405405405405406,0.0,0.7000000000000001,0.7000000000000001,0.7000000000000001,0.0,3,3
457,200,0,26.05,0,0.0,0.0,0.0,0.0,0.4814814814814815,0.0,0.7000000000000001,0.7000000000000002,0.7000000000000001,1.2362311383441371e-32,3,5
458,200,0,50.69999999999996,0,0.0,0.0,0.0,0.0,0.23245614035087714,0.0,0.7000000000000001,0.7000000000000002,0.7000000000000001,1.2345454732122737e-32,1,7
459,200,0,21.95,0,0.0,0.0,0.0,0.0,0.6547619047619048,0.0,0.7000000000000001,0.7000000000000001,0.7000000000000001,0.0,3,2
460,200,0,19.799999999999976,0,0.0,0.0,0.0,0.0,0.6145833333333334,0.0,0.7000000000000001,0.7000000000000001,0.7000000000000001,0.0,3,2
461,200,0,33.525,0,0.0,0.0,0.0,0.0,0.3970588235294118,0.0,0.7000000000000001,0.7,0.7000000000000001,1.2355581335530422e-32,3,7
