episode,min_days,max_days,average_days,total_days,min_berries,max_berries,average_berries,total_berries
1,38354.0,41180.0,39956.0,159824.0,173,174,173.5,694
2,36.0,37422.0,9505.25,38021.0,0,172,45.75,183
3,36.0,237.0,110.0,440.0,0,5,2.0,8
4,141.0,39534.0,10093.5,40374.0,3,168,45.5,182
5,116.0,41004.0,10431.5,41726.0,2,171,46.25,185
6,84.0,32736.0,8299.25,33197.0,2,173,46.0,184
7,215.0,37404.0,9640.25,38561.0,5,173,48.5,194
8,75.0,233.0,159.5,638.0,1,5,3.0,12
9,68.0,41082.0,10402.0,41608.0,2,175,46.5,186
10,69.0,4275.0,1137.5,4550.0,1,48,13.25,53
11,137.0,480.0,323.75,1295.0,3,9,6.25,25
12,36.0,39414.0,10087.25,40349.0,0,172,46.5,186
13,75.0,59106.0,21232.75,84931.0,1,174,68.25,273
14,102.0,63090.0,15912.25,63649.0,2,184,48.75,195
15,284.0,39000.0,10426.0,41704.0,6,173,52.5,210
16,59.0,53208.0,18707.0,74828.0,1,172,68.25,273
17,47.0,39426.0,10094.5,40378.0,1,172,46.25,185
18,35346.0,38886.0,37408.5,149634.0,173,174,173.25,693
19,47.0,18612.0,4784.0,19136.0,1,169,44.75,179
20,65.0,37674.0,9657.5,38630.0,1,173,48.25,193
21,36.0,36390.0,9552.5,38210.0,0,173,47.75,191
22,81.0,39300.0,11200.25,44801.0,1,173,53.75,215
23,57.0,39702.0,10094.75,40379.0,1,170,45.0,180
24,125.0,41370.0,11822.0,47288.0,3,172,55.0,220
25,63.0,82920.0,20821.5,83286.0,1,191,49.25,197
26,213.0,83166.0,20955.0,83820.0,4,186,50.0,200
27,636.0,40212.0,11763.75,47055.0,10,173,60.0,240
28,36.0,40314.0,10165.25,40661.0,0,170,43.75,175
29,36.0,58512.0,19853.0,79412.0,0,175,64.0,256
30,36.0,40908.0,11937.0,47748.0,0,169,54.75,219
31,36.0,54978.0,13794.75,55179.0,0,187,47.5,190
32,69.0,41394.0,11478.75,45915.0,1,172,53.0,212
33,53.0,816.0,248.75,995.0,1,13,4.0,16
34,36.0,42348.0,10637.75,42551.0,0,170,43.25,173
35,102.0,46140.0,12873.75,51495.0,2,175,54.75,219
36,39798.0,42858.0,41575.5,166302.0,174,175,174.25,697
37,42.0,40140.0,12025.0,48100.0,0,174,54.5,218
38,75.0,52044.0,18637.25,74549.0,1,174,67.5,270
39,221.0,41592.0,10603.0,42412.0,5,174,48.0,192
40,132.0,41346.0,11958.75,47835.0,2,172,54.25,217
41,37152.0,40458.0,39156.0,156624.0,172,173,172.5,690
42,123.0,4170.0,1167.75,4671.0,3,57,17.0,68
43,102.0,46584.0,14438.0,57752.0,2,172,58.25,233
44,36.0,38910.0,9936.0,39744.0,0,172,46.0,184
45,42.0,51630.0,17196.5,68786.0,0,171,63.0,252
46,81.0,52770.0,19669.25,78677.0,1,171,67.5,270
47,47.0,47898.0,16252.5,65010.0,1,173,61.75,247
48,65.0,39174.0,10543.25,42173.0,1,170,52.0,208
49,81.0,54876.0,19643.0,78572.0,1,171,65.75,263
50,36.0,39726.0,10017.5,40070.0,0,174,45.0,180
51,132.0,38016.0,9727.25,38909.0,2,175,48.25,193
52,780.0,77010.0,29924.0,119696.0,12,172,81.5,326
53,69.0,57246.0,14450.25,57801.0,1,187,49.5,198
54,183.0,34632.0,9180.0,36720.0,3,173,49.75,199
55,63.0,34458.0,8993.75,35975.0,1,173,47.5,190
56,87.0,75678.0,19008.75,76035.0,1,188,48.25,193
57,114.0,39810.0,10121.0,40484.0,2,172,46.0,184
58,36.0,39456.0,10020.0,40080.0,0,171,45.25,181
59,33804.0,36882.0,35517.0,142068.0,173,174,173.75,695
60,120.0,34992.0,9059.75,36239.0,2,170,47.0,188
61,120.0,36300.0,9372.75,37491.0,2,171,47.0,188
62,87.0,711.0,255.25,1021.0,1,17,5.75,23
63,33360.0,36528.0,35178.0,140712.0,174,175,174.25,697
64,36.0,104346.0,42237.25,168949.0,0,178,86.5,346
65,36.0,1128.0,371.0,1484.0,0,16,5.75,23
66,36.0,39906.0,10099.5,40398.0,0,172,45.5,182
67,36.0,26730.0,6732.0,26928.0,0,172,43.5,174
68,47.0,336.0,197.5,790.0,1,6,3.5,14
69,81.0,300.0,171.75,687.0,1,6,3.25,13
70,63.0,40962.0,10872.5,43490.0,1,170,49.75,199
71,39600.0,42390.0,41037.0,164148.0,174,175,174.75,699
72,108.0,49776.0,16679.0,66716.0,2,173,62.5,250
73,69.0,39012.0,10057.5,40230.0,1,175,49.0,196
74,87.0,42012.0,12502.5,50010.0,1,173,55.75,223
75,63.0,39690.0,10109.75,40439.0,1,172,46.25,185
76,81.0,40566.0,10222.25,40889.0,1,175,45.5,182
77,36.0,35844.0,10308.75,41235.0,0,174,54.25,217
78,41964.0,44982.0,43723.5,174894.0,175,175,175.0,700
79,132.0,52728.0,19223.0,76892.0,2,172,69.0,276
80,279.0,43242.0,11355.0,45420.0,5,173,51.0,204
81,80.0,41598.0,10474.25,41897.0,1,171,44.0,176
82,36.0,39006.0,10281.0,41124.0,0,172,49.0,196
83,81.0,38202.0,9774.75,39099.0,1,169,45.5,182
84,36.0,129.0,90.0,360.0,0,3,1.5,6
85,75.0,792.0,269.5,1078.0,1,15,5.25,21
86,53.0,37728.0,9544.25,38177.0,1,171,44.5,178
87,42.0,81606.0,20604.0,82416.0,0,188,50.75,203
88,122.0,40728.0,10485.25,41941.0,2,174,48.0,192
89,135.0,44004.0,12287.25,49149.0,3,173,54.25,217
90,47.0,41208.0,11782.0,47128.0,1,171,53.25,213
91,114.0,103914.0,26101.5,104406.0,2,193,50.75,203
92,528.0,672.0,576.0,2304.0,9,11,10.0,40
93,63.0,282.0,142.0,568.0,1,4,2.5,10
94,153.0,40656.0,11664.75,46659.0,3,173,57.75,231
95,147.0,36414.0,9441.0,37764.0,3,171,47.25,189
96,63.0,1908.0,535.5,2142.0,1,32,9.0,36
97,41.0,170.0,107.5,430.0,1,4,2.0,8
98,36.0,43440.0,12674.25,50697.0,0,171,55.0,220
99,59.0,40872.0,10330.0,41320.0,1,173,45.75,183
100,189.0,37158.0,9676.5,38706.0,3,175,49.25,197
101,47.0,36432.0,9181.25,36725.0,1,172,44.25,177
102,37554.0,40572.0,39382.5,157530.0,173,174,173.75,695
103,37086.0,40038.0,38674.5,154698.0,174,175,174.5,698
104,36.0,37146.0,9350.0,37400.0,0,175,44.75,179
105,53.0,44364.0,14093.75,56375.0,1,170,62.5,250
106,210.0,77730.0,30936.5,123746.0,4,173,78.25,313
107,137.0,38670.0,10954.25,43817.0,3,169,53.25,213
108,747.0,37728.0,10591.5,42366.0,11,173,56.75,227
109,114.0,49140.0,16015.25,64061.0,2,174,62.25,249
110,69.0,138.0,107.25,429.0,1,2,1.75,7
111,102.0,64434.0,16326.75,65307.0,2,189,51.75,207
112,38472.0,41772.0,40405.5,161622.0,173,174,173.75,695
113,59.0,39570.0,10848.25,43393.0,1,172,51.75,207
114,36.0,73794.0,27457.25,109829.0,0,171,72.0,288
115,63.0,44700.0,12311.25,49245.0,1,175,52.75,211
116,104.0,39576.0,10115.75,40463.0,2,173,47.25,189
117,92.0,39558.0,9968.5,39874.0,2,173,44.75,179
118,90.0,35772.0,9032.5,36130.0,2,174,45.5,182
119,65.0,34194.0,8760.25,35041.0,1,170,45.75,183
120,57.0,141.0,95.25,381.0,1,3,1.75,7
121,63.0,42654.0,11977.25,47909.0,1,176,54.25,217
122,69.0,36648.0,9384.0,37536.0,1,176,47.5,190
123,114.0,41448.0,10548.25,42193.0,2,172,46.5,186
124,87.0,153.0,117.75,471.0,1,3,2.25,9
125,36.0,41334.0,10385.75,41543.0,0,172,43.75,175
126,47.0,36486.0,9206.0,36824.0,1,172,44.5,178
127,251.0,41502.0,11073.5,44294.0,7,173,54.25,217
128,36.0,164.0,92.0,368.0,0,4,1.5,6
129,47.0,333.0,155.0,620.0,1,7,3.0,12
130,261.0,45096.0,15002.0,60008.0,5,171,63.75,255
131,90.0,39312.0,9963.75,39855.0,2,172,45.5,182
132,35994.0,39078.0,37777.5,151110.0,174,176,174.75,699
133,93.0,37956.0,9792.5,39170.0,1,172,48.0,192
134,36.0,6663.0,1722.5,6890.0,0,76,19.75,79
135,36.0,38718.0,9784.25,39137.0,0,173,45.0,180
136,318.0,57804.0,14831.0,59324.0,6,184,53.0,212
137,57.0,37122.0,9424.25,37697.0,1,171,45.25,181
138,81.0,831.0,320.75,1283.0,1,13,5.25,21
139,47.0,40032.0,10115.0,40460.0,1,171,44.25,177
140,107.0,38076.0,9615.5,38462.0,2,172,45.0,180
141,36.0,34218.0,8760.5,35042.0,0,171,46.25,185
142,36.0,39108.0,9818.0,39272.0,0,173,43.75,175
143,84.0,37284.0,9470.75,37883.0,2,170,45.25,181
144,36.0,38148.0,9722.25,38889.0,0,171,45.5,182
145,102.0,37572.0,9860.25,39441.0,2,175,51.5,206
146,92.0,41448.0,12525.25,50101.0,3,172,56.0,224
147,195.0,7644.0,3855.5,15422.0,3,52,28.75,115
148,92.0,240.0,170.0,680.0,2,4,3.0,12
149,312.0,35394.0,9447.75,37791.0,8,171,53.0,212
150,36654.0,40278.0,38794.5,155178.0,173,174,173.25,693
151,57.0,41988.0,10702.75,42811.0,1,173,46.25,185
152,120.0,86364.0,21709.5,86838.0,2,194,51.0,204
153,63.0,222.0,146.0,584.0,1,4,2.5,10
154,441.0,45168.0,15217.5,60870.0,7,168,64.5,258
155,98.0,41526.0,11194.0,44776.0,2,174,51.25,205
156,41700.0,44688.0,43530.0,174120.0,174,175,174.5,698
157,36.0,114.0,68.25,273.0,0,2,0.75,3
158,36.0,37602.0,9809.25,39237.0,0,173,48.5,194
159,37302.0,40494.0,39138.0,156552.0,174,175,174.75,699
160,42.0,132.0,98.25,393.0,0,3,1.75,7
161,36.0,114510.0,46798.25,187193.0,0,174,80.75,323
162,120.0,37866.0,9754.25,39017.0,2,175,49.25,197
163,47.0,36462.0,9356.75,37427.0,1,172,46.25,185
164,36.0,39732.0,10048.5,40194.0,0,174,45.5,182
165,57.0,38586.0,9707.0,38828.0,1,171,43.75,175
166,47.0,54240.0,18094.25,72377.0,1,174,63.5,254
167,90.0,222.0,173.25,693.0,2,4,3.25,13
168,39798.0,42972.0,41592.0,166368.0,173,175,174.0,696
169,384.0,66708.0,25685.0,102740.0,8,172,76.25,305
170,411.0,35706.0,9493.5,37974.0,7,171,51.0,204
171,102.0,51060.0,13014.0,52056.0,2,181,50.75,203
172,33834.0,36582.0,35437.5,141750.0,173,175,173.75,695
173,57.0,40158.0,10189.75,40759.0,1,171,45.5,182
174,36.0,37728.0,9491.75,37967.0,0,171,44.0,176
175,36.0,198.0,118.5,474.0,0,6,2.5,10
176,47.0,52926.0,17761.0,71044.0,1,170,63.0,252
177,108.0,42888.0,11227.25,44909.0,2,173,48.75,195
178,36888.0,40290.0,38880.0,155520.0,174,175,174.25,697
179,171.0,44826.0,13542.0,54168.0,3,173,58.0,232
180,42.0,43824.0,12189.0,48756.0,0,171,52.0,208
181,93.0,43956.0,11199.5,44798.0,1,172,46.0,184
182,36.0,228.0,113.25,453.0,0,4,1.75,7
183,36.0,40410.0,10278.0,41112.0,0,170,45.0,180
184,36.0,36654.0,9204.5,36818.0,0,171,43.25,173
185,36.0,37260.0,9380.75,37523.0,0,170,43.75,175
186,96.0,39618.0,10236.0,40944.0,2,173,51.25,205
187,36.0,36954.0,9436.0,37744.0,0,173,46.0,184
188,36.0,38508.0,9666.5,38666.0,0,175,44.25,177
189,86.0,4776.0,1284.5,5138.0,2,66,18.0,72
190,36.0,39462.0,9966.75,39867.0,0,174,45.25,181
191,102.0,38040.0,9648.75,38595.0,2,169,44.5,178
192,36.0,55164.0,19202.5,76810.0,0,175,66.0,264
193,36.0,62046.0,15615.5,62462.0,0,185,48.25,193
194,248.0,39726.0,11537.0,46148.0,5,174,57.5,230
195,36.0,83712.0,32878.0,131512.0,0,174,77.75,311
196,39588.0,42756.0,41446.5,165786.0,173,175,174.25,697
197,188.0,37110.0,9667.0,38668.0,4,173,51.25,205
198,143.0,40206.0,10246.25,40985.0,2,173,46.5,186
199,108.0,582.0,257.0,1028.0,2,8,4.0,16
200,42.0,3789.0,1843.5,7374.0,0,44,23.5,94
201,36.0,37254.0,9353.0,37412.0,0,170,43.0,172
202,108.0,462.0,290.75,1163.0,2,9,4.75,19
203,41.0,768.0,249.5,998.0,1,14,4.5,18
204,42.0,40680.0,10285.5,41142.0,0,171,44.25,177
205,36.0,41214.0,11770.5,47082.0,0,175,53.75,215
206,36.0,77574.0,19449.75,77799.0,0,187,47.5,190
207,36.0,42576.0,11973.75,47895.0,0,168,51.0,204
208,81.0,41880.0,11414.0,45656.0,1,169,50.75,203
209,36.0,38052.0,9560.75,38243.0,0,171,43.5,174
210,147.0,31284.0,8172.75,32691.0,3,173,48.0,192
211,36.0,40152.0,10074.75,40299.0,0,173,43.5,174
212,36.0,41760.0,10493.5,41974.0,0,173,44.25,177
213,123.0,32712.0,8379.0,33516.0,3,170,46.75,187
214,47.0,36426.0,9219.5,36878.0,1,173,45.25,181
215,63.0,40986.0,13819.5,55278.0,1,173,61.25,245
216,80.0,39252.0,11335.75,45343.0,2,171,54.5,218
217,47.0,566.0,202.0,808.0,1,12,4.0,16
218,36.0,38982.0,9806.0,39224.0,0,174,44.5,178
219,36.0,40854.0,12066.0,48264.0,0,173,54.75,219
220,75.0,7689.0,2001.25,8005.0,1,92,24.5,98
221,186.0,37728.0,11505.75,46023.0,4,172,60.75,243
222,36.0,42438.0,10667.25,42669.0,0,173,44.0,176
223,40878.0,43680.0,42544.5,170178.0,173,173,173.0,692
224,591.0,41160.0,11389.5,45558.0,10,173,56.0,224
225,69.0,39918.0,10110.0,40440.0,1,172,45.25,181
226,108.0,37872.0,9588.0,38352.0,2,170,44.5,178
227,276.0,47322.0,15067.5,60270.0,6,174,62.75,251
228,162.0,113172.0,29007.0,116028.0,2,202,58.75,235
229,36.0,40968.0,10752.5,43010.0,0,173,48.5,194
230,36.0,40938.0,10439.25,41757.0,0,171,45.5,182
231,165.0,40860.0,11706.0,46824.0,3,172,54.75,219
232,90.0,36918.0,9369.0,37476.0,2,173,45.75,183
233,42.0,2211.0,593.75,2375.0,0,30,8.0,32
234,38868.0,42312.0,40857.0,163428.0,174,175,174.25,697
235,108.0,109746.0,50052.0,200208.0,2,199,100.0,400
236,53.0,39924.0,10572.5,42290.0,1,173,49.5,198
237,36.0,42114.0,10744.25,42977.0,0,169,45.0,180
238,86.0,41202.0,10525.25,42101.0,1,172,46.5,186
239,114.0,38592.0,9918.0,39672.0,2,172,48.0,192
240,119.0,4038.0,1399.25,5597.0,3,52,20.0,80
241,69.0,41748.0,13528.25,54113.0,1,173,62.5,250
242,123.0,40116.0,10175.0,40700.0,3,172,46.0,184
243,36.0,43002.0,12472.5,49890.0,0,170,53.75,215
244,36.0,381.0,213.5,854.0,0,8,3.75,15
245,36.0,37578.0,9801.75,39207.0,0,170,47.5,190
246,147.0,39564.0,10129.5,40518.0,3,173,47.5,190
247,99.0,40560.0,13253.0,53012.0,1,171,61.25,245
248,57.0,92.0,80.0,320.0,1,2,1.5,6
249,36.0,34404.0,9303.0,37212.0,0,171,49.75,199
250,59.0,44034.0,14153.5,56614.0,1,170,58.25,233
251,116.0,55050.0,13876.75,55507.0,2,182,47.75,191
252,1872.0,33936.0,11362.5,45450.0,30,174,76.0,304
253,102.0,36564.0,9390.75,37563.0,2,171,47.0,188
254,75.0,37704.0,9557.75,38231.0,1,170,44.75,179
255,165.0,38790.0,10871.25,43485.0,3,172,52.5,210
256,53.0,42174.0,12597.25,50389.0,1,170,54.75,219
257,324.0,37602.0,9866.25,39465.0,6,172,50.75,203
258,141.0,39006.0,9947.0,39788.0,3,173,47.5,190
259,36.0,38574.0,10033.5,40134.0,0,172,47.75,191
260,138.0,37392.0,9519.75,38079.0,2,171,45.5,182
261,63.0,91788.0,23022.25,92089.0,1,194,50.0,200
262,42.0,384.0,192.75,771.0,0,6,3.25,13
263,41790.0,44778.0,43419.0,173676.0,173,174,173.5,694
264,57.0,38640.0,9718.25,38873.0,1,170,43.75,175
265,108.0,38214.0,10861.5,43446.0,2,174,54.0,216
266,36.0,213.0,103.5,414.0,0,3,1.5,6
267,42.0,39834.0,10202.25,40809.0,0,171,46.75,187
268,36.0,87984.0,22139.0,88556.0,0,190,50.5,202
269,93.0,36582.0,9353.75,37415.0,1,172,46.5,186
270,87.0,231.0,149.0,596.0,1,5,3.0,12
271,207.0,73746.0,18619.25,74477.0,3,186,49.75,199
272,341.0,38028.0,9857.75,39431.0,7,172,49.25,197
273,36.0,38118.0,9654.5,38618.0,0,173,45.0,180
274,37362.0,40680.0,39238.5,156954.0,174,175,174.25,697
275,36.0,44892.0,12809.25,51237.0,0,174,54.5,218
276,81.0,36438.0,9834.5,39338.0,1,171,50.5,202
277,114.0,61938.0,22510.25,90041.0,2,173,71.0,284
278,75.0,39996.0,10120.5,40482.0,1,170,44.0,176
279,153.0,1368.0,558.75,2235.0,3,19,9.0,36
280,102.0,40440.0,10195.5,40782.0,2,174,45.5,182
281,36.0,35244.0,8907.75,35631.0,0,175,45.0,180
282,36.0,46236.0,13535.75,54143.0,0,172,54.5,218
283,125.0,36174.0,9171.25,36685.0,3,173,46.0,184
284,87.0,41532.0,11820.75,47283.0,1,174,54.25,217
285,75.0,40470.0,10442.75,41771.0,1,173,48.25,193
286,206.0,1572.0,683.75,2735.0,6,24,11.75,47
287,41.0,40212.0,10114.75,40459.0,1,172,44.25,177
288,74.0,36948.0,9373.25,37493.0,2,171,45.0,180
289,42156.0,45438.0,43977.0,175908.0,173,174,173.5,694
290,36.0,43314.0,12519.0,50076.0,0,172,54.5,218
291,36.0,36150.0,9085.0,36340.0,0,170,43.5,174
292,165.0,40278.0,10428.0,41712.0,3,175,49.5,198
293,69.0,39360.0,10696.5,42786.0,1,172,51.75,207
294,63.0,47046.0,14707.5,58830.0,1,173,59.75,239
295,47.0,942.0,283.5,1134.0,1,16,5.0,20
296,149.0,37818.0,9625.75,38503.0,3,172,46.25,185
297,57.0,35172.0,9235.25,36941.0,1,174,49.0,196
298,86.0,546.0,349.25,1397.0,2,8,6.0,24
299,42.0,39354.0,10073.0,40292.0,0,172,46.0,184
300,35586.0,38958.0,37596.0,150384.0,173,174,173.5,694
301,75.0,7737.0,2078.0,8312.0,1,72,20.75,83
302,37692.0,40896.0,39489.0,157956.0,173,173,173.0,692
303,119.0,41664.0,10631.0,42524.0,3,170,46.5,186
304,36.0,114.0,76.25,305.0,0,2,1.25,5
305,96.0,36978.0,9425.0,37700.0,2,171,46.25,185
306,36.0,48870.0,14771.0,59084.0,0,174,56.75,227
307,42.0,273.0,128.25,513.0,0,5,2.25,9
308,108.0,42318.0,11979.75,47919.0,2,174,53.5,214
309,113.0,522.0,254.0,1016.0,3,10,5.0,20
310,80.0,37938.0,9609.25,38437.0,2,173,46.0,184
311,81.0,38526.0,10513.5,42054.0,1,171,50.75,203
312,126.0,47328.0,15256.5,61026.0,2,173,62.0,248
313,87.0,38196.0,9636.5,38546.0,1,174,45.5,182
314,39216.0,42300.0,40965.0,163860.0,173,174,173.75,695
315,108.0,28050.0,7110.75,28443.0,2,172,44.75,179
316,42.0,61602.0,22740.25,90961.0,0,170,66.75,267
317,68.0,35082.0,9553.75,38215.0,2,176,52.5,210
318,930.0,37560.0,11172.0,44688.0,14,171,62.25,249
319,68.0,37488.0,9474.25,37897.0,2,172,45.75,183
320,167.0,40392.0,13181.5,52726.0,3,171,59.5,238
321,176.0,40746.0,11941.25,47765.0,4,173,55.75,223
322,302.0,41244.0,11060.75,44243.0,6,175,53.75,215
323,42.0,47646.0,15171.5,60686.0,0,171,58.75,235
324,41.0,36840.0,10916.5,43666.0,1,173,55.5,222
325,114.0,40500.0,11223.75,44895.0,2,172,53.5,214
326,36.0,531.0,302.75,1211.0,0,8,4.75,19
327,210.0,38052.0,9809.0,39236.0,4,171,48.25,193
328,126.0,44688.0,14059.25,56237.0,2,172,60.75,243
329,114.0,37038.0,9392.5,37570.0,2,171,45.25,181
330,57.0,36576.0,9203.75,36815.0,1,172,44.25,177
331,125.0,39402.0,10052.5,40210.0,2,174,47.25,189
332,86.0,41730.0,11117.0,44468.0,2,174,51.75,207
333,36.0,40218.0,10176.5,40706.0,0,173,45.5,182
334,36.0,40026.0,10184.25,40737.0,0,171,45.5,182
335,36.0,38826.0,9821.0,39284.0,0,170,44.5,178
336,36.0,36900.0,10623.0,42492.0,0,173,53.25,213
337,176.0,2694.0,921.25,3685.0,4,39,15.0,60
338,324.0,43734.0,13457.25,53829.0,6,170,58.25,233
339,36.0,36828.0,9297.0,37188.0,0,172,44.5,178
340,75.0,44502.0,11259.0,45036.0,1,172,45.0,180
341,354.0,36348.0,9403.5,37614.0,6,172,49.5,198
342,36.0,39060.0,11727.75,46911.0,0,172,56.25,225
343,53.0,48756.0,14882.5,59530.0,1,172,57.25,229
344,36.0,56502.0,18539.5,74158.0,0,172,61.75,247
345,81.0,38670.0,10431.75,41727.0,1,174,51.0,204
346,459.0,40236.0,10666.5,42666.0,9,172,52.75,211
347,36.0,43434.0,11006.75,44027.0,0,172,45.0,180
348,119.0,35796.0,9185.0,36740.0,3,173,48.0,192
349,36.0,42792.0,10890.0,43560.0,0,174,47.0,188
350,39318.0,42444.0,41083.5,164334.0,172,174,173.0,692
351,165.0,38958.0,10501.5,42006.0,3,173,53.0,212
352,183.0,61614.0,16290.5,65162.0,3,184,58.0,232
353,108.0,38166.0,9785.0,39140.0,2,169,47.0,188
354,59.0,41022.0,10946.0,43784.0,1,173,49.75,199
355,86.0,42906.0,12101.75,48407.0,2,174,54.25,217
356,87.0,37248.0,9450.0,37800.0,1,173,45.25,181
357,93.0,1125.0,407.25,1629.0,1,15,5.75,23
358,63.0,4356.0,1149.0,4596.0,1,58,15.5,62
359,36.0,41532.0,10493.25,41973.0,0,172,44.75,179
360,126.0,23136.0,6081.0,24324.0,2,172,47.0,188
361,84.0,44736.0,13433.25,53733.0,2,170,56.5,226
362,57.0,50694.0,16730.75,66923.0,1,172,62.25,249
363,93.0,1116.0,577.25,2309.0,1,20,10.25,41
364,36.0,41172.0,10934.25,43737.0,0,171,48.75,195
365,120.0,37626.0,10977.75,43911.0,2,173,56.25,225
366,114.0,67836.0,17295.0,69180.0,2,186,52.75,211
367,36.0,43452.0,13522.75,54091.0,0,171,59.25,237
368,35850.0,38994.0,37714.5,150858.0,172,174,173.0,692
369,291.0,585.0,468.5,1874.0,7,9,8.5,34
370,75.0,39810.0,11513.75,46055.0,1,172,54.25,217
371,170.0,35778.0,9359.0,37436.0,4,170,49.75,199
372,38502.0,41580.0,40251.0,161004.0,173,174,173.5,694
373,170.0,83688.0,21123.0,84492.0,4,192,52.0,208
374,53.0,201.0,107.75,431.0,1,3,1.75,7
375,81.0,72264.0,18234.25,72937.0,1,188,50.25,201
376,137.0,46398.0,15793.5,63174.0,3,173,64.0,256
377,363.0,1392.0,749.25,2997.0,7,21,13.0,52
378,75.0,40326.0,10848.0,43392.0,1,172,50.5,202
379,168.0,36492.0,9780.75,39123.0,4,171,52.0,208
380,35820.0,38892.0,37644.0,150576.0,172,172,172.0,688
381,131.0,42606.0,11201.0,44804.0,3,171,49.25,197
382,228.0,38628.0,10057.5,40230.0,4,171,48.5,194
383,84.0,40542.0,10220.25,40881.0,2,171,44.5,178
384,174.0,39660.0,11164.5,44658.0,4,169,54.75,219
385,90.0,42174.0,11794.5,47178.0,2,175,53.75,215
386,108.0,38484.0,11322.75,45291.0,2,173,55.25,221
387,36.0,39132.0,9836.0,39344.0,0,173,44.25,177
388,42.0,72552.0,18451.5,73806.0,0,191,52.5,210
389,36.0,40794.0,11776.5,47106.0,0,172,55.25,221
390,153.0,45828.0,14457.75,57831.0,3,172,59.25,237
391,36.0,49698.0,17241.5,68966.0,0,170,64.0,256
392,75.0,39042.0,9838.25,39353.0,1,173,44.5,178
393,302.0,70998.0,18016.0,72064.0,6,188,52.5,210
394,42.0,80208.0,31036.25,124145.0,0,172,72.0,288
395,42.0,97806.0,24620.25,98481.0,0,195,51.75,207
396,81.0,53760.0,13936.5,55746.0,1,181,53.25,213
397,36.0,65592.0,16772.25,67089.0,0,188,51.25,205
398,198.0,443.0,271.25,1085.0,4,9,5.75,23
399,36.0,41082.0,10384.25,41537.0,0,173,45.25,181
400,210.0,45102.0,13267.25,53069.0,4,172,58.5,234
401,36.0,36996.0,10747.5,42990.0,0,168,52.5,210
402,74.0,80412.0,20196.25,80785.0,2,191,50.0,200
403,38670.0,42036.0,40689.0,162756.0,173,175,174.0,696
404,36.0,37734.0,9495.75,37983.0,0,173,44.0,176
405,36.0,33798.0,9229.5,36918.0,0,172,51.0,204
406,147.0,36324.0,9324.0,37296.0,3,174,47.5,190
407,233.0,34212.0,8863.0,35452.0,5,168,47.75,191
408,42.0,95190.0,23969.25,95877.0,0,200,52.75,211
409,164.0,37794.0,9664.75,38659.0,4,174,48.75,195
410,137.0,33498.0,9686.0,38744.0,3,172,56.0,224
411,59.0,12174.0,3146.75,12587.0,1,118,31.25,125
412,36.0,38766.0,9755.75,39023.0,0,172,44.0,176
413,38808.0,41964.0,40693.5,162774.0,173,174,173.25,693
414,33948.0,37326.0,35914.5,143658.0,173,174,173.5,694
415,42.0,58296.0,21092.25,84369.0,0,169,65.75,263
416,167.0,10623.0,3183.5,12734.0,3,92,30.75,123
417,144.0,60168.0,15275.25,61101.0,2,182,49.5,198
418,57.0,42696.0,10762.25,43049.0,1,172,44.25,177
419,143.0,44532.0,11410.75,45643.0,3,173,48.5,194
420,36.0,41178.0,10844.25,43377.0,0,171,48.25,193
421,126.0,71910.0,18320.25,73281.0,2,187,53.5,214
422,63.0,37380.0,9470.75,37883.0,1,173,45.5,182
423,96.0,36384.0,9929.75,39719.0,2,174,52.0,208
424,96.0,39288.0,9928.75,39715.0,2,175,46.0,184
425,35010.0,38442.0,37018.5,148074.0,173,174,173.25,693
426,63.0,21774.0,5789.25,23157.0,1,172,49.75,199
427,171.0,40368.0,10815.0,43260.0,3,173,52.25,209
428,41298.0,44904.0,43314.0,173256.0,172,173,172.75,691
429,108.0,2160.0,743.25,2973.0,2,38,13.25,53
430,36.0,38442.0,9648.75,38595.0,0,172,43.25,173
431,36.0,42822.0,11049.75,44199.0,0,172,47.0,188
432,74.0,36144.0,9121.25,36485.0,2,172,44.75,179
433,36.0,42420.0,10818.75,43275.0,0,174,46.75,187
434,80.0,318.0,152.75,611.0,1,6,2.75,11
435,42.0,588.0,245.25,981.0,0,8,3.75,15
436,108.0,77646.0,19617.0,78468.0,2,186,49.75,199
437,159.0,35946.0,9225.75,36903.0,3,171,46.75,187
438,348.0,39654.0,10422.0,41688.0,6,172,51.0,204
439,213.0,42648.0,12550.5,50202.0,5,171,58.5,234
440,36084.0,39096.0,37864.5,151458.0,174,175,174.25,697
441,36.0,35712.0,9081.5,36326.0,0,173,45.25,181
442,74.0,32172.0,8153.5,32614.0,2,172,45.5,182
443,95.0,34230.0,8753.5,35014.0,3,171,46.5,186
444,110.0,37446.0,9550.25,38201.0,2,173,46.0,184
445,80.0,134322.0,56895.25,227581.0,2,185,92.0,368
446,36.0,37872.0,11195.0,44780.0,0,173,56.75,227
447,170.0,33450.0,8807.75,35231.0,4,174,49.25,197
448,300.0,39534.0,10451.25,41805.0,6,171,52.0,208
449,36.0,33732.0,8834.25,35337.0,0,171,47.25,189
450,426.0,42936.0,13400.25,53601.0,8,173,62.0,248
451,53.0,40776.0,10295.75,41183.0,1,173,45.0,180
452,36.0,43488.0,11000.25,44001.0,0,173,45.5,182
453,36.0,7569.0,2037.5,8150.0,0,66,18.75,75
454,36.0,6861.0,1749.0,6996.0,0,63,16.0,64
455,183.0,42750.0,13416.75,53667.0,3,172,61.5,246
456,36.0,41808.0,10491.5,41966.0,0,172,43.5,174
457,42.0,38898.0,10337.25,41349.0,0,171,49.25,197
458,69.0,25200.0,6354.75,25419.0,1,170,43.25,173
459,42.0,35316.0,9246.75,36987.0,0,172,46.75,187
460,98.0,38346.0,9787.25,39149.0,3,174,47.0,188
461,36.0,37632.0,9489.0,37956.0,0,175,44.75,179
462,36.0,40896.0,11632.5,46530.0,0,171,54.5,218
463,42.0,585.0,297.0,1188.0,0,11,6.0,24
464,36.0,182.0,132.5,530.0,0,4,2.5,10
465,99.0,76068.0,19118.0,76472.0,1,192,49.5,198
466,41544.0,44664.0,43450.5,173802.0,173,174,173.25,693
467,36.0,40410.0,10854.0,43416.0,0,172,51.75,207
468,120.0,84276.0,32602.5,130410.0,2,171,77.75,311
469,36.0,40692.0,10406.0,41624.0,0,175,47.0,188
470,92.0,35724.0,9101.5,36406.0,2,172,46.25,185
471,39876.0,42918.0,41691.0,166764.0,172,173,172.25,689
472,36.0,39516.0,10112.25,40449.0,0,174,47.5,190
473,36.0,38310.0,9620.5,38482.0,0,173,43.75,175
474,47.0,69834.0,17524.75,70099.0,1,188,48.25,193
475,75.0,35562.0,9029.25,36117.0,1,170,44.75,179
476,69.0,50868.0,18104.0,72416.0,1,173,66.75,267
477,74.0,41556.0,10514.75,42059.0,1,169,44.5,178
478,108.0,41346.0,10427.5,41710.0,2,175,45.5,182
479,75.0,45858.0,11555.0,46220.0,1,183,47.75,191
480,36.0,41652.0,10493.0,41972.0,0,173,44.5,178
481,159.0,300.0,203.5,814.0,3,6,4.5,18
482,69.0,194.0,130.5,522.0,1,4,2.5,10
483,243.0,5685.0,1953.75,7815.0,5,73,27.75,111
484,108.0,219.0,170.25,681.0,2,5,3.75,15
485,42.0,40410.0,10581.0,42324.0,1,176,51.75,207
486,108.0,33642.0,8516.75,34067.0,2,172,45.25,181
487,119.0,49488.0,13292.0,53168.0,3,174,54.0,216
488,87.0,45024.0,13446.5,53786.0,1,172,57.0,228
489,86.0,36864.0,9284.5,37138.0,2,172,44.5,178
490,36564.0,39504.0,38274.0,153096.0,173,175,173.75,695
491,36.0,321.0,157.5,630.0,0,7,2.5,10
492,224.0,39894.0,11078.0,44312.0,5,174,54.75,219
493,40134.0,43524.0,42171.0,168684.0,173,174,173.5,694
494,80.0,48798.0,16131.25,64525.0,1,172,64.5,258
495,74.0,41346.0,10547.75,42191.0,2,174,47.25,189
496,36.0,40728.0,10544.25,42177.0,0,174,47.75,191
497,195.0,46392.0,15185.25,60741.0,3,170,60.0,240
498,53.0,36960.0,9299.0,37196.0,1,171,44.0,176
499,126.0,35898.0,9225.75,36903.0,2,172,47.25,189
500,36.0,396.0,244.5,978.0,0,7,4.0,16
501,41.0,37872.0,9527.0,38108.0,1,175,44.75,179
502,153.0,30726.0,7974.75,31899.0,3,173,48.5,194
503,37512.0,40746.0,39417.0,157668.0,173,175,173.5,694
504,53.0,38634.0,9795.5,39182.0,1,174,46.0,184
505,168.0,64908.0,16422.75,65691.0,2,186,49.5,198
506,69.0,102.0,87.0,348.0,1,2,1.5,6
507,81.0,40608.0,10580.0,42320.0,1,173,48.25,193
508,159.0,26184.0,6868.5,27474.0,3,171,47.75,191
509,135.0,35070.0,9780.0,39120.0,3,174,54.25,217
510,170.0,47034.0,15340.0,61360.0,4,175,64.25,257
511,81.0,36552.0,9254.75,37019.0,1,172,45.75,183
512,36.0,77232.0,19432.0,77728.0,0,193,50.25,201
513,102.0,47352.0,16110.5,64442.0,2,171,65.5,262
514,141.0,279.0,183.5,734.0,3,5,4.0,16
515,36.0,39996.0,10755.75,43023.0,0,173,50.5,202
516,245.0,39048.0,9973.0,39892.0,5,174,48.0,192
517,36.0,42168.0,11815.5,47262.0,0,172,53.5,214
518,378.0,42390.0,12774.0,51096.0,8,171,59.25,237
519,90.0,39984.0,10239.75,40959.0,2,177,49.0,196
520,36.0,61458.0,21040.25,84161.0,0,173,64.0,256
521,92.0,237.0,147.0,588.0,2,5,3.0,12
522,36.0,42024.0,10604.75,42419.0,0,173,44.75,179
523,176.0,34026.0,8869.25,35477.0,4,172,49.25,197
524,42.0,76560.0,19265.25,77061.0,0,187,49.0,196
525,75.0,37482.0,9455.0,37820.0,1,173,44.75,179
526,147.0,38814.0,9840.5,39362.0,3,173,46.25,185
527,63.0,40512.0,11460.0,45840.0,1,171,53.0,212
528,146.0,36060.0,9162.0,36648.0,4,168,45.75,183
529,41982.0,45012.0,43645.5,174582.0,173,174,173.25,693
530,276.0,34230.0,8810.25,35241.0,6,174,48.25,193
531,132.0,38808.0,9878.75,39515.0,2,172,46.25,185
532,192.0,573.0,467.75,1871.0,4,12,9.25,37
533,63.0,37368.0,9499.25,37997.0,1,171,45.75,183
534,114.0,37692.0,9632.0,38528.0,2,172,46.5,186
535,47.0,39534.0,10928.0,43712.0,1,174,52.25,209
536,86.0,46722.0,15158.5,60634.0,1,172,60.0,240
537,87.0,41040.0,11573.25,46293.0,1,172,53.5,214
538,39102.0,42246.0,40903.5,163614.0,172,173,172.75,691
539,98.0,37608.0,9538.75,38155.0,2,174,46.25,185
540,36822.0,40050.0,38712.0,154848.0,173,174,173.25,693
541,36096.0,39258.0,37933.5,151734.0,173,173,173.0,692
542,219.0,44976.0,14735.0,58940.0,5,173,63.75,255
543,59.0,37332.0,9650.0,38600.0,1,173,47.25,189
544,102.0,89148.0,34675.25,138701.0,2,173,77.75,311
545,324.0,40938.0,12014.25,48057.0,6,171,59.0,236
546,216.0,53400.0,13589.0,54356.0,4,182,50.0,200
547,59.0,40644.0,11113.25,44453.0,1,174,51.5,206
548,81.0,32436.0,8182.5,32730.0,1,175,44.75,179
549,125.0,39180.0,9941.75,39767.0,3,170,45.25,181
550,87.0,41352.0,11399.25,45597.0,1,170,51.5,206
551,162.0,39552.0,11760.0,47040.0,4,175,59.25,237
552,137.0,39630.0,10353.5,41414.0,3,174,49.5,198
553,63.0,39948.0,10720.5,42882.0,1,173,50.5,202
554,38130.0,41208.0,39855.0,159420.0,173,174,173.25,693
555,68.0,174.0,137.5,550.0,2,4,3.0,12
556,36.0,83658.0,20949.5,83798.0,0,189,47.75,191
557,37140.0,40236.0,38869.5,155478.0,173,174,173.5,694
558,42.0,40128.0,10160.75,40643.0,0,171,45.0,180
559,137.0,40158.0,11364.5,45458.0,2,173,53.5,214
560,102.0,40434.0,10208.25,40833.0,2,173,45.0,180
561,267.0,41472.0,12572.25,50289.0,5,176,61.0,244
562,36.0,37164.0,9440.0,37760.0,0,174,45.75,183
563,125.0,44028.0,11303.0,45212.0,3,173,48.5,194
564,36.0,40122.0,10082.75,40331.0,0,172,43.75,175
565,108.0,246.0,175.5,702.0,2,6,3.5,14
566,489.0,36378.0,9890.25,39561.0,9,171,54.5,218
567,351.0,1995.0,823.5,3294.0,7,29,12.75,51
568,93.0,71694.0,18103.25,72413.0,1,189,50.5,202
569,42.0,36612.0,9299.0,37196.0,0,174,46.0,184
570,81.0,45714.0,14201.0,56804.0,1,171,58.25,233
571,36840.0,39954.0,38671.5,154686.0,173,174,173.75,695
572,80.0,399.0,232.0,928.0,2,7,4.5,18
573,86.0,19284.0,5074.25,20297.0,2,164,45.75,183
574,42.0,384.0,160.75,643.0,0,8,3.25,13
575,41.0,37836.0,9525.5,38102.0,1,173,44.25,177
576,102.0,16173.0,4143.0,16572.0,2,151,39.5,158
577,36.0,165.0,105.75,423.0,0,3,1.75,7
578,125.0,45078.0,15499.0,61996.0,2,173,64.75,259
579,41.0,40692.0,10266.5,41066.0,1,173,44.75,179
580,47.0,48042.0,14707.25,58829.0,1,172,57.75,231
581,38184.0,41364.0,40000.5,160002.0,173,174,173.75,695
582,36660.0,39750.0,38491.5,153966.0,173,174,173.5,694
583,90.0,12783.0,3424.5,13698.0,2,122,34.25,137
584,38256.0,41316.0,40015.5,160062.0,172,173,172.5,690
585,36.0,42936.0,10885.5,43542.0,0,172,45.0,180
586,200.0,35970.0,9151.25,36605.0,3,173,46.0,184
587,36.0,36852.0,9265.25,37061.0,0,170,43.5,174
588,75.0,39738.0,10731.75,42927.0,1,175,51.25,205
589,36.0,866.0,270.25,1081.0,0,18,5.25,21
590,80.0,38028.0,9575.75,38303.0,1,170,43.75,175
591,36.0,39498.0,9934.25,39737.0,0,173,44.25,177
592,90.0,780.0,273.5,1094.0,1,14,5.0,20
593,291.0,35976.0,10265.0,41060.0,7,171,56.0,224
594,36.0,40050.0,10062.75,40251.0,0,171,43.5,174
595,47.0,39288.0,9925.0,39700.0,1,174,45.25,181
596,36.0,42066.0,10739.25,42957.0,0,173,46.25,185
597,36.0,40962.0,10458.0,41832.0,0,174,46.75,187
598,57.0,39852.0,10040.5,40162.0,1,173,44.75,179
599,36.0,26220.0,6909.0,27636.0,0,173,49.25,197
600,150.0,1773.0,1006.5,4026.0,2,19,13.0,52
601,546.0,60636.0,21626.0,86504.0,10,173,71.5,286
602,65.0,38052.0,9812.0,39248.0,1,173,48.75,195
603,108.0,68346.0,24629.0,98516.0,2,172,69.25,277
604,126.0,19974.0,5109.5,20438.0,2,171,44.75,179
605,177.0,43170.0,11055.75,44223.0,3,168,46.0,184
606,36.0,40560.0,10169.75,40679.0,0,174,43.75,175
607,69.0,35508.0,9152.75,36611.0,1,170,47.25,189
608,159.0,4158.0,1182.5,4730.0,3,63,18.25,73
609,87.0,39228.0,10006.5,40026.0,1,172,46.25,185
610,36.0,42288.0,11007.75,44031.0,0,172,48.5,194
611,42.0,39696.0,12079.5,48318.0,0,170,56.5,226
612,42.0,84432.0,21170.75,84683.0,0,192,48.75,195
613,138.0,41100.0,11088.0,44352.0,2,173,52.25,209
614,158.0,87468.0,22022.5,88090.0,4,188,50.5,202
615,153.0,63486.0,16035.5,64142.0,3,182,48.75,195
616,36.0,54174.0,18196.0,72784.0,0,176,62.75,251
617,42.0,20940.0,5291.0,21164.0,0,170,43.5,174
618,87.0,38130.0,9664.25,38657.0,1,173,45.75,183
619,81.0,39720.0,10016.25,40065.0,1,173,44.5,178
620,246.0,33414.0,8573.75,34295.0,6,171,47.25,189
621,315.0,34974.0,9090.0,36360.0,7,172,50.0,200
622,81.0,41262.0,10916.25,43665.0,1,173,49.25,197
623,114.0,34710.0,9179.25,36717.0,2,169,48.25,193
624,69.0,375.0,204.0,816.0,1,7,4.0,16
625,237.0,43878.0,13291.5,53166.0,5,169,57.75,231
626,47.0,37158.0,9421.75,37687.0,1,172,45.0,180
627,36336.0,39738.0,38458.5,153834.0,173,174,173.75,695
628,420.0,36648.0,10734.75,42939.0,8,171,59.75,239
629,38886.0,42066.0,40633.5,162534.0,174,174,174.0,696
630,36420.0,39426.0,38106.0,152424.0,173,175,174.0,696
631,153.0,348.0,236.75,947.0,3,6,4.75,19
632,185.0,8931.0,2430.5,9722.0,5,109,31.5,126
633,147.0,37314.0,11118.75,44475.0,3,171,56.75,227
634,47.0,34266.0,8687.75,34751.0,1,174,45.5,182
635,36.0,50976.0,16547.75,66191.0,0,169,59.5,238
636,354.0,48720.0,16324.25,65297.0,7,173,65.75,263
637,36.0,189.0,98.75,395.0,0,3,1.75,7
638,47.0,40488.0,10170.0,40680.0,1,172,44.0,176
639,87.0,40578.0,11619.0,46476.0,1,173,56.0,224
640,47.0,41130.0,10369.25,41477.0,1,173,44.5,178
641,243.0,45840.0,13247.75,52991.0,5,168,55.25,221
642,53.0,41214.0,10496.0,41984.0,1,173,47.0,188
643,42.0,315.0,175.5,702.0,0,5,3.0,12
644,41190.0,44352.0,43014.0,172056.0,173,175,174.0,696
645,81.0,60546.0,15204.75,60819.0,1,186,47.75,191
646,35238.0,38526.0,37026.0,148104.0,174,176,174.5,698
647,42.0,36048.0,9318.75,37275.0,0,171,46.5,186
648,36.0,33078.0,8601.0,34404.0,0,171,46.25,185
649,36.0,39000.0,9850.25,39401.0,0,174,45.75,183
650,42.0,84678.0,21307.5,85230.0,0,189,48.75,195
651,120.0,39336.0,10941.0,43764.0,2,174,54.0,216
652,42.0,41094.0,10461.5,41846.0,0,171,45.5,182
653,141.0,83622.0,21063.25,84253.0,3,195,52.5,210
654,497.0,37764.0,10194.5,40778.0,11,169,53.75,215
655,369.0,40716.0,10932.0,43728.0,7,173,53.75,215
656,228.0,40830.0,10571.25,42285.0,4,172,49.5,198
657,87.0,37104.0,9705.0,38820.0,1,174,49.25,197
658,87.0,39222.0,9952.5,39810.0,1,171,45.25,181
659,75.0,44082.0,12834.75,51339.0,1,171,55.75,223
660,36.0,89994.0,35692.0,142768.0,0,173,78.0,312
661,36.0,38076.0,11026.5,44106.0,0,170,54.25,217
662,57.0,40926.0,11359.5,45438.0,1,173,53.25,213
663,81.0,23172.0,5910.0,23640.0,1,171,44.75,179
664,71.0,39540.0,11036.0,44144.0,1,173,52.0,208
665,216.0,36792.0,9686.0,38744.0,4,171,51.0,204
666,80.0,43236.0,10894.25,43577.0,2,173,45.0,180
667,38970.0,42000.0,40737.0,162948.0,172,173,172.25,689
668,153.0,55104.0,20092.25,80369.0,3,174,70.25,281
669,36.0,38160.0,9600.5,38402.0,0,170,43.5,174
670,36.0,63228.0,15861.25,63445.0,0,181,46.0,184
671,40356.0,43680.0,42181.5,168726.0,172,173,172.5,690
672,96.0,38118.0,9618.75,38475.0,2,174,45.25,181
673,41.0,42270.0,10622.0,42488.0,1,173,44.25,177
674,120.0,37704.0,9682.25,38729.0,2,171,47.0,188
675,1098.0,43092.0,12523.5,50094.0,16,174,62.25,249
676,267.0,2502.0,965.25,3861.0,5,32,13.75,55
677,36.0,330.0,140.75,563.0,0,6,2.25,9
678,36876.0,40308.0,38751.0,155004.0,173,175,173.75,695
679,339.0,50358.0,14238.0,56952.0,5,187,67.0,268
680,36.0,42258.0,10614.25,42457.0,0,171,43.5,174
681,42.0,35376.0,9106.25,36425.0,0,173,47.5,190
682,156.0,38178.0,9828.75,39315.0,2,172,47.25,189
683,69.0,39720.0,10027.25,40109.0,1,174,45.25,181
684,36.0,38166.0,9885.0,39540.0,0,170,47.75,191
685,197.0,7593.0,2141.0,8564.0,4,81,24.25,97
686,36.0,39630.0,10023.5,40094.0,0,173,45.25,181
687,36084.0,39354.0,37866.0,151464.0,173,175,174.0,696
688,41.0,234.0,106.5,426.0,1,6,2.5,10
689,63.0,38634.0,9876.25,39505.0,1,174,47.25,189
690,108.0,369.0,243.0,972.0,2,7,4.5,18
691,41.0,42786.0,10885.0,43540.0,1,171,46.0,184
692,36.0,420.0,201.0,804.0,0,6,3.0,12
693,80.0,39234.0,9878.75,39515.0,1,173,44.5,178
694,36.0,44226.0,13402.5,53610.0,0,173,57.75,231
695,138.0,74484.0,19304.25,77217.0,2,188,57.25,229
696,36.0,39108.0,10255.5,41022.0,0,171,48.75,195
697,36.0,38778.0,9987.0,39948.0,0,173,47.25,189
698,57.0,39012.0,9887.75,39551.0,1,170,45.0,180
699,81.0,21845.0,5631.5,22526.0,1,135,36.5,146
700,41.0,120.0,80.25,321.0,1,3,1.75,7
701,207.0,42180.0,11322.0,45288.0,5,175,52.75,211
702,128.0,41466.0,10932.25,43729.0,3,173,50.5,202
703,197.0,31158.0,8000.0,32000.0,4,173,47.0,188
704,47.0,40266.0,10117.75,40471.0,1,173,44.0,176
705,150.0,51702.0,17587.25,70349.0,2,171,61.5,246
706,63.0,35286.0,9512.25,38049.0,1,171,50.5,202
707,108.0,66138.0,16714.25,66857.0,2,184,49.25,197
708,36.0,50256.0,17058.0,68232.0,0,171,64.0,256
709,63.0,39318.0,9933.0,39732.0,1,170,44.0,176
710,36.0,39738.0,10016.0,40064.0,0,171,44.25,177
711,47.0,39444.0,10069.25,40277.0,1,175,47.0,188
712,111.0,279.0,161.25,645.0,2,7,3.75,15
713,40218.0,43428.0,42012.0,168048.0,173,175,173.75,695
714,36.0,47910.0,12333.75,49335.0,0,177,50.0,200
715,375.0,34524.0,8975.0,35900.0,8,171,49.75,199
716,81.0,255.0,162.75,651.0,1,5,3.25,13
717,147.0,37386.0,9635.25,38541.0,3,171,47.5,190
718,36.0,86.0,64.0,256.0,0,2,1.0,4
719,36.0,37224.0,9425.75,37703.0,0,173,45.25,181
720,312.0,41436.0,13757.0,55028.0,6,173,65.0,260
721,108.0,35628.0,9159.5,36638.0,2,173,47.75,191
722,126.0,52308.0,17511.5,70046.0,2,172,63.0,252
723,36.0,114.0,68.0,272.0,0,2,1.0,4
724,81.0,41946.0,11618.25,46473.0,1,172,52.5,210
725,36.0,32718.0,8753.75,35015.0,0,173,52.75,211
726,63.0,228.0,128.75,515.0,1,4,2.75,11
727,47.0,30714.0,7814.0,31256.0,1,173,45.75,183
728,110.0,1134.0,651.5,2606.0,2,13,9.5,38
729,65.0,29802.0,8750.0,35000.0,1,173,55.25,221
730,384.0,88044.0,34466.0,137864.0,7,175,78.75,315
731,38790.0,42108.0,40702.5,162810.0,174,175,174.25,697
732,63.0,41250.0,12105.0,48420.0,1,172,54.5,218
733,86.0,42624.0,10740.5,42962.0,1,175,45.25,181
734,171.0,42258.0,11511.75,46047.0,3,170,52.5,210
735,792.0,37446.0,10347.75,41391.0,14,169,55.75,223
736,42.0,3642.0,979.75,3919.0,0,35,10.0,40
737,93.0,42036.0,12232.5,48930.0,1,179,69.5,278
738,86.0,39468.0,9947.5,39790.0,2,177,46.25,185
739,69.0,36444.0,9543.0,38172.0,1,173,49.0,196
740,36.0,35346.0,9034.5,36138.0,0,173,46.0,184
741,260.0,61446.0,15596.5,62386.0,6,182,51.0,204
742,69.0,279.0,194.75,779.0,1,5,3.25,13
743,36.0,40302.0,10233.75,40935.0,0,172,45.5,182
744,87.0,41754.0,10959.0,43836.0,1,173,49.0,196
745,69.0,42222.0,12327.5,49310.0,1,173,55.25,221
746,155.0,719.0,302.5,1210.0,3,17,6.5,26
747,161.0,88338.0,35342.5,141370.0,3,173,80.0,320
748,92.0,39258.0,10252.75,41011.0,2,176,49.75,199
749,63.0,61386.0,22565.0,90260.0,1,172,70.25,281
750,240.0,1044.0,533.5,2134.0,6,19,10.75,43
751,87.0,41244.0,10914.75,43659.0,1,172,49.75,199
752,36.0,40572.0,10340.75,41363.0,0,172,45.75,183
753,240.0,41340.0,12859.25,51437.0,6,173,61.25,245
754,377.0,33372.0,8796.5,35186.0,7,171,51.25,205
755,47.0,42468.0,10761.25,43045.0,1,172,46.25,185
756,117.0,42354.0,11151.75,44607.0,3,174,50.0,200
757,39714.0,42900.0,41646.0,166584.0,174,175,174.25,697
758,153.0,555.0,341.25,1365.0,3,9,6.75,27
759,36.0,41958.0,10638.5,42554.0,0,173,45.25,181
760,92.0,46716.0,16153.5,64614.0,2,175,64.0,256
761,74.0,39618.0,9971.5,39886.0,1,169,43.75,175
762,75.0,42018.0,11542.5,46170.0,1,172,51.0,204
763,39882.0,43308.0,41880.0,167520.0,174,174,174.0,696
764,240.0,39294.0,10573.5,42294.0,4,172,51.0,204
765,47.0,26268.0,6639.5,26558.0,1,171,43.75,175
766,36.0,78798.0,19749.5,78998.0,0,189,47.75,191
767,36.0,81.0,55.25,221.0,0,2,0.75,3
768,101.0,156.0,136.25,545.0,2,3,2.75,11
769,273.0,41184.0,11947.5,47790.0,5,170,54.75,219
770,86.0,39798.0,10157.0,40628.0,2,170,46.5,186
771,36.0,33834.0,8666.25,34665.0,0,174,46.25,185
772,36.0,92484.0,23163.5,92654.0,0,195,49.25,197
773,42.0,54888.0,18480.5,73922.0,0,169,60.5,242
774,249.0,46392.0,15215.75,60863.0,5,174,62.5,250
775,75.0,252.0,142.25,569.0,1,6,2.75,11
776,47.0,36150.0,11078.75,44315.0,1,174,56.5,226
777,36.0,38508.0,9699.0,38796.0,0,171,43.75,175
778,69.0,42216.0,10693.25,42773.0,1,173,45.5,182
779,36.0,96252.0,38084.0,152336.0,0,171,77.25,309
780,87.0,2091.0,696.75,2787.0,1,35,11.25,45
781,131.0,41898.0,11420.0,45680.0,3,173,54.0,216
782,248.0,5586.0,1770.25,7081.0,6,52,20.25,81
783,47.0,39756.0,10087.25,40349.0,1,172,45.25,181
784,141.0,41184.0,11311.25,45245.0,3,171,53.0,212
785,36.0,39618.0,10030.5,40122.0,0,171,44.5,178
786,36.0,34656.0,8850.5,35402.0,0,173,46.25,185
787,36.0,78942.0,19787.25,79149.0,0,187,47.5,190
788,243.0,43680.0,12784.5,51138.0,4,175,56.75,227
789,126.0,39258.0,9929.0,39716.0,2,172,45.0,180
790,119.0,54906.0,18359.75,73439.0,2,174,64.25,257
791,36.0,38256.0,10785.75,43143.0,0,171,53.0,212
792,129.0,40488.0,10223.0,40892.0,2,171,44.75,179
793,204.0,38562.0,9947.75,39791.0,4,170,48.25,193
794,36.0,36522.0,9275.75,37103.0,0,175,45.75,183
795,36.0,41796.0,10615.25,42461.0,0,175,47.5,190
796,63.0,120.0,92.75,371.0,1,3,1.75,7
797,87.0,38256.0,9713.0,38852.0,1,176,46.25,185
798,39090.0,42126.0,40810.5,163242.0,173,173,173.0,692
799,36.0,76092.0,19062.75,76251.0,0,186,46.75,187
800,36.0,6315.0,1622.75,6491.0,0,78,20.25,81
801,42.0,42798.0,10879.25,43517.0,0,172,45.5,182
802,102.0,33180.0,8578.25,34313.0,2,172,48.5,194
803,36.0,15621.0,4465.5,17862.0,0,130,41.25,165
804,63.0,29364.0,7581.5,30326.0,1,173,46.5,186
805,69.0,38508.0,9881.25,39525.0,1,169,46.5,186
806,113.0,40704.0,11339.0,45356.0,2,172,53.5,214
807,36.0,60540.0,15238.25,60953.0,0,187,48.5,194
808,47.0,35718.0,9011.5,36046.0,1,169,43.75,175
809,42.0,42954.0,10908.0,43632.0,0,171,45.25,181
810,36894.0,40140.0,38634.0,154536.0,173,174,173.75,695
811,158.0,39198.0,10835.5,43342.0,4,171,53.75,215
812,42.0,140826.0,63410.0,253640.0,0,207,101.75,407
813,75.0,40368.0,10214.75,40859.0,1,172,45.75,183
814,42.0,54888.0,18664.25,74657.0,0,170,62.0,248
815,198.0,36390.0,9717.75,38871.0,4,171,50.75,203
816,147.0,67194.0,24628.25,98513.0,3,173,71.75,287
817,36.0,38196.0,9658.5,38634.0,0,175,44.75,179
818,36.0,314.0,158.5,634.0,0,6,3.0,12
819,75.0,40836.0,10391.75,41567.0,1,172,46.0,184
820,195.0,260.0,222.5,890.0,3,6,4.0,16
821,101.0,39270.0,10228.25,40913.0,3,173,48.75,195
822,47.0,99990.0,25156.75,100627.0,1,195,52.0,208
823,63.0,35778.0,9334.5,37338.0,1,175,48.5,194
824,36.0,39828.0,10433.25,41733.0,0,168,47.5,190
825,96.0,40914.0,10378.5,41514.0,2,172,45.5,182
826,38586.0,41400.0,40191.0,160764.0,172,174,173.0,692
827,36.0,38958.0,10038.0,40152.0,0,173,48.25,193
828,108.0,276.0,183.75,735.0,2,6,3.75,15
829,104.0,39240.0,12084.25,48337.0,2,170,58.75,235
830,59.0,39888.0,11436.25,45745.0,1,169,54.0,216
831,90.0,43866.0,14117.25,56469.0,2,174,62.0,248
832,92.0,42726.0,10808.75,43235.0,2,173,45.5,182
833,63.0,40548.0,11907.75,47631.0,1,172,56.25,225
834,81.0,69504.0,17492.0,69968.0,1,186,49.0,196
835,36.0,42276.0,10700.25,42801.0,0,174,45.75,183
836,1140.0,36180.0,10236.75,40947.0,20,173,61.25,245
837,47.0,41430.0,11024.5,44098.0,1,174,49.75,199
838,36.0,38196.0,12344.0,49376.0,0,169,60.0,240
839,239.0,35658.0,9230.0,36920.0,6,170,48.75,195
840,143.0,52638.0,18586.75,74347.0,3,173,65.5,262
841,69.0,40158.0,10917.0,43668.0,1,174,53.25,213
842,132.0,39384.0,10203.5,40814.0,2,173,48.25,193
843,47.0,33444.0,8515.25,34061.0,1,170,45.0,180
844,74.0,70740.0,17798.0,71192.0,2,188,49.0,196
845,36.0,38700.0,10278.75,41115.0,0,173,50.25,201
846,35496.0,38928.0,37515.0,150060.0,172,173,172.25,689
847,174.0,40878.0,10466.25,41865.0,4,173,47.5,190
848,414.0,67440.0,26121.25,104485.0,8,171,76.75,307
849,53.0,41118.0,10401.5,41606.0,1,172,45.25,181
850,69.0,39078.0,9873.25,39493.0,1,175,45.75,183
851,36.0,37554.0,9990.5,39962.0,0,170,49.0,196
852,42.0,36852.0,9420.5,37682.0,0,172,45.75,183
853,59.0,42828.0,11137.25,44549.0,1,175,49.25,197
854,40590.0,44004.0,42559.5,170238.0,173,175,174.0,696
855,119.0,34002.0,8601.25,34405.0,3,171,45.0,180
856,75.0,41334.0,11414.0,45656.0,1,173,53.25,213
857,47.0,38010.0,9727.75,38911.0,1,173,46.75,187
858,59.0,40746.0,11385.5,45542.0,1,171,52.5,210
859,69.0,39798.0,11484.0,45936.0,1,174,53.25,213
860,96.0,37572.0,9629.25,38517.0,2,173,47.0,188
861,80.0,56070.0,20750.5,83002.0,2,168,68.75,275
862,42.0,42096.0,10668.75,42675.0,0,173,45.0,180
863,96.0,41766.0,10634.75,42539.0,2,172,46.5,186
864,429.0,42270.0,11907.75,47631.0,7,173,55.75,223
865,96.0,40056.0,11843.0,47372.0,2,171,55.0,220
866,192.0,42222.0,10875.75,43503.0,4,173,48.0,192
867,57.0,1656.0,475.5,1902.0,1,29,8.25,33
868,75.0,38916.0,11389.25,45557.0,1,168,54.5,218
869,114.0,39342.0,10038.75,40155.0,2,173,46.0,184
870,69.0,42990.0,12543.75,50175.0,1,171,55.25,221
871,114.0,38310.0,10058.0,40232.0,2,175,49.25,197
872,34044.0,37206.0,35952.0,143808.0,172,173,172.75,691
873,42.0,77328.0,19610.75,78443.0,0,190,53.0,212
874,93.0,38994.0,10239.75,40959.0,1,172,48.25,193
875,102.0,41628.0,10563.5,42254.0,2,172,46.0,184
876,63.0,37164.0,9405.75,37623.0,1,172,44.75,179
877,36.0,41190.0,11645.75,46583.0,0,175,54.0,216
878,87.0,76908.0,19336.5,77346.0,1,186,49.0,196
879,41.0,114.0,87.25,349.0,1,2,1.75,7
880,507.0,42438.0,11236.5,44946.0,9,173,52.75,211
881,182.0,40668.0,11975.0,47900.0,3,171,55.5,222
882,215.0,36048.0,10085.0,40340.0,4,174,53.25,213
883,36.0,3993.0,1046.5,4186.0,0,61,16.0,64
884,155.0,38208.0,9771.5,39086.0,3,170,47.0,188
885,69.0,70866.0,17904.0,71616.0,1,188,50.0,200
886,75.0,60318.0,22574.75,90299.0,1,172,71.0,284
887,39462.0,43044.0,41593.5,166374.0,173,175,174.0,696
888,36.0,34740.0,8927.75,35711.0,0,173,47.5,190
889,80.0,579.0,330.5,1322.0,2,7,4.5,18
890,92.0,43692.0,11606.0,46424.0,2,173,50.75,203
891,357.0,39192.0,10377.75,41511.0,7,172,51.25,205
892,129.0,47610.0,14661.5,58646.0,3,173,58.75,235
893,53.0,39246.0,10138.25,40553.0,1,172,47.25,189
894,462.0,36690.0,9824.25,39297.0,8,175,53.25,213
895,36.0,39306.0,9910.5,39642.0,0,172,44.0,176
896,39132.0,42108.0,40845.0,163380.0,174,175,174.75,699
897,41118.0,44376.0,42945.0,171780.0,173,174,173.25,693
898,192.0,37128.0,9472.25,37889.0,6,172,47.75,191
899,324.0,45294.0,13233.0,52932.0,6,172,59.5,238
900,36.0,201.0,98.0,392.0,0,3,1.5,6
901,138.0,41154.0,10818.5,43274.0,2,173,50.5,202
902,36.0,39990.0,11061.0,44244.0,0,169,50.0,200
903,228.0,405.0,306.5,1226.0,4,7,5.75,23
904,47.0,573.0,191.25,765.0,1,9,3.25,13
905,96.0,41652.0,10584.0,42336.0,2,173,46.25,185
906,69.0,46680.0,12636.75,50547.0,1,176,55.25,221
907,141.0,31170.0,8099.25,32397.0,3,170,46.75,187
908,36.0,40224.0,10092.5,40370.0,0,171,43.25,173
909,75.0,40266.0,10289.0,41156.0,1,174,48.0,192
910,81.0,37698.0,9745.5,38982.0,1,173,47.25,189
911,53.0,34638.0,9135.5,36542.0,1,173,49.0,196
912,36.0,25092.0,6311.0,25244.0,0,170,43.0,172
913,41274.0,44502.0,42988.5,171954.0,173,175,174.0,696
914,246.0,48702.0,17989.25,71957.0,4,172,67.0,268
915,57.0,37638.0,9726.0,38904.0,1,169,46.75,187
916,81.0,40758.0,10578.75,42315.0,1,173,48.0,192
917,36.0,79332.0,19941.25,79765.0,0,189,49.0,196
918,74.0,39672.0,9975.5,39902.0,1,170,43.5,174
919,42.0,72396.0,18212.75,72851.0,0,189,49.0,196
920,47.0,44028.0,11069.0,44276.0,1,173,44.25,177
921,39000.0,42378.0,40885.5,163542.0,173,175,174.0,696
922,47.0,35106.0,8879.75,35519.0,1,171,44.75,179
923,63.0,39288.0,10046.25,40185.0,1,172,46.5,186
924,87.0,37974.0,9916.5,39666.0,1,171,48.25,193
925,468.0,38340.0,12321.75,49287.0,8,170,66.5,266
926,57.0,41364.0,10775.25,43101.0,1,171,48.0,192
927,36.0,876.0,251.75,1007.0,0,13,3.5,14
928,63.0,36786.0,9387.5,37550.0,1,173,46.75,187
929,36.0,39756.0,10241.25,40965.0,0,171,47.25,189
930,53.0,36732.0,9258.0,37032.0,1,169,44.25,177
931,155.0,462.0,262.25,1049.0,3,8,4.75,19
932,69.0,41802.0,10621.25,42485.0,1,176,47.5,190
933,36.0,40356.0,10131.0,40524.0,0,168,42.5,170
934,36.0,37704.0,11010.0,44040.0,0,170,54.0,216
935,180.0,42528.0,12006.75,48027.0,4,173,56.5,226
936,114.0,171.0,141.5,566.0,2,4,3.0,12
937,75.0,34260.0,9070.5,36282.0,1,173,48.75,195
938,36.0,34392.0,8691.0,34764.0,0,173,44.5,178
939,165.0,5313.0,1682.25,6729.0,3,51,19.25,77
940,69.0,43722.0,11928.0,47712.0,1,175,53.25,213
941,69.0,37302.0,9435.5,37742.0,1,173,45.0,180
942,69.0,308.0,174.25,697.0,1,6,3.5,14
943,80.0,41142.0,11049.5,44198.0,2,172,52.75,211
944,36.0,37866.0,9534.75,38139.0,0,172,43.75,175
945,38100.0,41172.0,39765.0,159060.0,174,175,174.25,697
946,158.0,42510.0,13100.0,52400.0,3,170,59.75,239
947,36.0,240.0,114.25,457.0,0,4,1.75,7
948,75.0,43866.0,11514.0,46056.0,1,169,48.0,192
949,221.0,122028.0,55765.75,223063.0,5,207,104.0,416
950,90.0,38274.0,10556.0,42224.0,2,170,51.5,206
951,240.0,39234.0,10101.75,40407.0,6,173,49.25,197
952,108.0,39882.0,10535.25,42141.0,2,170,49.0,196
953,74.0,36744.0,9275.5,37102.0,2,172,45.25,181
954,63.0,39060.0,11131.5,44526.0,1,174,53.0,212
955,120.0,39324.0,10044.0,40176.0,2,171,46.0,184
956,36.0,38388.0,9713.75,38855.0,0,171,45.25,181
957,198.0,38772.0,9905.75,39623.0,4,172,47.75,191
958,36.0,39162.0,9868.5,39474.0,0,174,44.5,178
959,39414.0,42870.0,41328.0,165312.0,172,174,173.0,692
960,86.0,37050.0,9331.25,37325.0,1,173,44.5,178
961,41.0,39336.0,10352.5,41410.0,1,173,49.75,199
962,114.0,57300.0,20260.25,81041.0,2,172,64.75,259
963,59.0,46086.0,14830.5,59322.0,1,173,59.75,239
964,63.0,38724.0,9843.0,39372.0,1,175,45.75,183
965,36.0,37818.0,9627.5,38510.0,0,173,46.25,185
966,261.0,38556.0,10395.0,41580.0,5,175,53.25,213
967,125.0,38688.0,11225.0,44900.0,3,171,55.5,222
968,36.0,54516.0,19252.25,77009.0,0,171,63.0,252
969,37428.0,40512.0,39169.5,156678.0,173,175,173.5,694
970,96.0,42762.0,14401.0,57604.0,2,172,61.25,245
971,42.0,2826.0,797.0,3188.0,0,44,12.5,50
972,36.0,38718.0,9717.5,38870.0,0,172,43.5,174
973,47.0,42534.0,10687.5,42750.0,1,173,44.25,177
974,63.0,39774.0,10079.0,40316.0,1,172,45.25,181
975,36.0,55140.0,13930.5,55722.0,0,181,47.5,190
976,69.0,45294.0,12135.0,48540.0,1,174,50.75,203
977,41.0,40908.0,10264.75,41059.0,1,173,44.0,176
978,36.0,119.0,77.75,311.0,0,3,1.25,5
979,417.0,43782.0,13155.0,52620.0,6,172,59.0,236
980,38346.0,41304.0,39993.0,159972.0,173,174,173.75,695
981,149.0,40446.0,10798.25,43193.0,3,172,50.75,203
982,87.0,12066.0,3135.75,12543.0,1,92,24.75,99
983,636.0,36102.0,9695.25,38781.0,10,174,53.5,214
984,203.0,36186.0,9354.5,37418.0,5,174,49.0,196
985,36.0,42444.0,11649.0,46596.0,0,170,51.5,206
986,36.0,79656.0,20017.25,80069.0,0,188,49.25,197
987,41.0,5127.0,1360.75,5443.0,1,66,18.0,72
988,75.0,37308.0,9598.5,38394.0,1,175,47.75,191
989,90.0,329.0,218.0,872.0,2,9,5.0,20
990,57.0,34014.0,8879.75,35519.0,1,172,48.25,193
991,137.0,34476.0,9385.75,37543.0,3,173,54.5,218
992,36.0,75540.0,18956.0,75824.0,0,192,49.0,196
993,41.0,40890.0,10284.5,41138.0,1,168,43.0,172
994,36.0,42204.0,10964.0,43856.0,0,172,47.75,191
995,36.0,40350.0,10199.75,40799.0,0,172,44.5,178
996,71.0,37422.0,9440.5,37762.0,2,173,45.0,180
997,36.0,40686.0,11568.0,46272.0,0,173,53.5,214
998,47.0,36060.0,9091.75,36367.0,1,172,44.25,177
999,37662.0,40980.0,39577.5,158310.0,173,175,174.0,696
1000,42.0,27102.0,6815.75,27263.0,0,174,43.75,175
