episode,min_days,max_days,average_days,total_days,gini_days,min_berries,max_berries,average_berries,total_berries,gini_berries,min_days_survived,max_days_survived,average_days_survived,total_days_survived,gini_days_survived
1,36.0,69.0,40.85,817.0,0.09932680538555694,0,1,0.25,5,0.75,10,16,10.9,218,0.0701834862385321
2,36.0,63.0,41.05,821.0,0.09835566382460414,0,1,0.25,5,0.75,9,15,10.2,204,0.09411764705882353
3,36.0,69.0,39.3,786.0,0.07557251908396956,0,1,0.1,2,0.9,9,15,9.6,192,0.05625000000000002
4,36.0,75.0,40.05,801.0,0.08820224719101133,0,1,0.15,3,0.8500000000000001,9,15,9.9,198,0.07727272727272727
5,36.0,57.0,37.05,741.0,0.02692307692307705,0,1,0.05,1,0.9500000000000001,9,15,9.3,186,0.030645161290322687
6,36.0,93.0,41.85,837.0,0.12240143369175627,0,1,0.15,3,0.8500000000000001,9,15,9.9,198,0.07727272727272727
7,36.0,93.0,51.0,1020.0,0.19529411764705884,0,1,0.4,8,0.6000000000000001,9,15,11.4,228,0.12631578947368427
8,36.0,63.0,39.7,794.0,0.07871536523929479,0,1,0.2,4,0.8,9,15,9.9,198,0.07727272727272727
9,36.0,69.0,38.95,779.0,0.06797175866495508,0,1,0.15,3,0.8500000000000001,9,15,9.6,192,0.05625000000000002
10,36.0,81.0,42.85,857.0,0.12992998833138858,0,1,0.25,5,0.75,9,15,10.2,204,0.09411764705882353
11,36.0,69.0,40.65,813.0,0.09797047970479711,0,1,0.15,3,0.8500000000000001,9,15,9.9,198,0.07727272727272727
12,36.0,84.0,38.9,778.0,0.06889460154241644,0,2,0.2,4,0.875,9,21,9.6,192,0.05937500000000007
13,36.0,63.0,38.7,774.0,0.0627906976744187,0,1,0.1,2,0.9,9,15,9.6,192,0.05625000000000002
14,36.0,41.0,36.25,725.0,0.0065517241379311475,0,1,0.05,1,0.9500000000000001,9,9,9.0,180,0.0
15,36.0,75.0,39.3,786.0,0.07633587786259544,0,1,0.1,2,0.9,9,15,9.6,192,0.05625000000000002
16,36.0,75.0,41.65,833.0,0.11062424969988005,0,1,0.25,5,0.75,9,15,10.2,204,0.09411764705882353
17,36.0,81.0,44.55,891.0,0.14932659932659942,0,1,0.25,5,0.75,9,15,10.5,210,0.1071428571428572
18,36.0,41.0,36.5,730.0,0.012328767123287676,0,1,0.1,2,0.9,9,9,9.0,180,0.0
19,36.0,63.0,37.35,747.0,0.03433734939759048,0,1,0.05,1,0.9500000000000001,9,15,9.3,186,0.030645161290322687
20,36.0,63.0,38.4,768.0,0.056640625,0,1,0.1,2,0.9,9,15,9.6,192,0.05625000000000002
21,36.0,87.0,39.9,798.0,0.08947368421052637,0,1,0.1,2,0.9,9,15,9.6,192,0.05625000000000002
22,36.0,87.0,41.2,824.0,0.10970873786407775,0,1,0.2,4,0.8,9,15,9.9,198,0.07727272727272727
23,36.0,63.0,37.6,752.0,0.03976063829787235,0,1,0.1,2,0.9,9,15,9.3,186,0.030645161290322687
24,36.0,90.0,38.95,779.0,0.07130937098844681,0,2,0.15,3,0.9166666666666667,9,21,9.6,192,0.05937500000000007
25,36.0,75.0,39.3,786.0,0.07633587786259544,0,1,0.1,2,0.9,9,15,9.6,192,0.05625000000000002
26,36.0,81.0,41.85,837.0,0.12025089605734773,0,1,0.15,3,0.8500000000000001,9,15,9.9,198,0.07727272727272727
27,36.0,63.0,37.35,747.0,0.03433734939759048,0,1,0.05,1,0.9500000000000001,9,15,9.3,186,0.030645161290322687
28,36.0,75.0,42.6,852.0,0.12676056338028174,0,1,0.2,4,0.8,9,15,10.2,204,0.09411764705882353
29,36.0,87.0,44.35,887.0,0.1542841037204059,0,1,0.25,5,0.75,9,15,10.2,204,0.09411764705882353
30,36.0,75.0,43.35,867.0,0.1333910034602076,0,2,0.35,7,0.7357142857142858,9,15,10.2,204,0.09411764705882353
31,36.0,81.0,42.6,852.0,0.12887323943661977,0,1,0.2,4,0.8,9,15,10.2,204,0.09411764705882353
32,36.0,63.0,37.35,747.0,0.03433734939759048,0,1,0.05,1,0.9500000000000001,9,15,9.3,186,0.030645161290322687
33,36.0,81.0,44.2,884.0,0.1460407239819005,0,2,0.3,6,0.7833333333333334,9,15,10.5,210,0.1071428571428572
34,36.0,81.0,40.6,812.0,0.10123152709359606,0,2,0.2,4,0.875,9,21,9.9,198,0.08333333333333337
35,36.0,87.0,44.55,891.0,0.15202020202020206,0,1,0.25,5,0.75,9,15,10.5,210,0.1071428571428572
36,36.0,69.0,40.05,801.0,0.08745318352059928,0,1,0.15,3,0.8500000000000001,9,15,9.9,198,0.07727272727272727
37,36.0,87.0,41.05,821.0,0.11017052375152259,0,1,0.15,3,0.8500000000000001,9,15,9.6,192,0.05625000000000002
38,36.0,92.0,44.8,896.0,0.1584821428571429,0,2,0.3,6,0.7833333333333334,9,15,10.5,210,0.1071428571428572
39,36.0,63.0,40.0,800.0,0.08450000000000002,0,1,0.2,4,0.8,9,15,9.9,198,0.07727272727272727
40,36.0,75.0,40.65,813.0,0.09944649446494469,0,1,0.15,3,0.8500000000000001,9,15,9.9,198,0.07727272727272727
41,36.0,63.0,37.35,747.0,0.03433734939759048,0,1,0.05,1,0.9500000000000001,9,15,9.3,186,0.030645161290322687
42,36.0,75.0,41.2,824.0,0.10752427184466029,0,1,0.2,4,0.8,9,15,9.9,198,0.07727272727272727
43,36.0,69.0,37.65,753.0,0.041633466135458264,0,1,0.05,1,0.9500000000000001,9,15,9.3,186,0.030645161290322687
44,36.0,81.0,40.2,804.0,0.09440298507462686,0,1,0.1,2,0.9,9,15,9.6,192,0.05625000000000002
45,36.0,57.0,37.55,751.0,0.037217043941411454,0,1,0.15,3,0.8500000000000001,9,15,9.3,186,0.030645161290322687
46,36.0,69.0,40.3,806.0,0.09094292803970228,0,1,0.2,4,0.8,9,15,9.9,198,0.07727272727272727
47,36.0,84.0,41.35,827.0,0.11203143893591294,0,2,0.25,5,0.8300000000000001,9,21,10.2,204,0.10294117647058831
48,36.0,81.0,44.2,884.0,0.14219457013574666,0,1,0.3,6,0.7000000000000001,9,15,10.5,210,0.1071428571428572
49,36.0,87.0,43.7,874.0,0.1430205949656751,0,1,0.3,6,0.7000000000000001,9,15,10.2,204,0.09411764705882353
50,36.0,87.0,38.55,771.0,0.06284046692607004,0,1,0.05,1,0.9500000000000001,9,15,9.3,186,0.030645161290322687
51,36.0,81.0,38.5,770.0,0.061038961038961115,0,1,0.1,2,0.9,9,15,9.3,186,0.030645161290322687
52,36.0,81.0,39.3,786.0,0.07709923664122142,0,1,0.1,2,0.9,9,15,9.6,192,0.05625000000000002
53,36.0,69.0,41.7,834.0,0.11043165467625904,0,1,0.2,4,0.8,9,15,10.2,204,0.09411764705882353
54,36.0,81.0,39.55,791.0,0.08135271807838185,0,1,0.15,3,0.8500000000000001,9,15,9.6,192,0.05625000000000002
55,36.0,69.0,40.05,801.0,0.08745318352059928,0,1,0.15,3,0.8500000000000001,9,15,9.9,198,0.07727272727272727
56,36.0,36.0,36.0,720.0,0.0,0,0,0.0,0,0.0,9,9,9.0,180,0.0
57,36.0,69.0,40.6,812.0,0.09581280788177349,0,1,0.2,4,0.8,9,15,9.9,198,0.07727272727272727
58,36.0,69.0,37.65,753.0,0.041633466135458264,0,1,0.05,1,0.9500000000000001,9,15,9.3,186,0.030645161290322687
59,36.0,75.0,39.0,780.0,0.07038461538461538,0,1,0.1,2,0.9,9,15,9.6,192,0.05625000000000002
60,36.0,87.0,42.0,840.0,0.125,0,2,0.2,4,0.875,9,21,10.2,204,0.10294117647058831
61,36.0,75.0,40.1,802.0,0.0899002493765586,0,1,0.2,4,0.8,9,15,9.6,192,0.05625000000000002
62,36.0,63.0,39.45,789.0,0.07509505703422059,0,1,0.15,3,0.8500000000000001,9,15,9.9,198,0.07727272727272727
63,36.0,75.0,41.4,828.0,0.1079710144927537,0,1,0.2,4,0.8,9,15,10.2,204,0.09411764705882353
64,36.0,81.0,41.55,831.0,0.11570397111913366,0,1,0.15,3,0.8500000000000001,9,15,9.9,198,0.07727272727272727
65,36.0,75.0,37.95,759.0,0.04881422924901191,0,1,0.05,1,0.9500000000000001,9,15,9.3,186,0.030645161290322687
66,36.0,69.0,38.95,779.0,0.06797175866495508,0,1,0.15,3,0.8500000000000001,9,15,9.6,192,0.05625000000000002
67,36.0,93.0,41.85,837.0,0.12240143369175627,0,1,0.15,3,0.8500000000000001,9,15,9.9,198,0.07727272727272727
68,36.0,69.0,39.0,780.0,0.06961538461538463,0,1,0.1,2,0.9,9,15,9.6,192,0.05625000000000002
69,36.0,81.0,42.65,853.0,0.1303048065650645,0,1,0.25,5,0.75,9,15,9.9,198,0.07727272727272727
70,36.0,87.0,43.85,877.0,0.15000000000000002,0,1,0.25,5,0.75,9,15,9.9,198,0.07727272727272727
71,36.0,93.0,39.1,782.0,0.07468030690537086,0,1,0.1,2,0.9,9,15,9.3,186,0.030645161290322687
72,36.0,87.0,45.25,905.0,0.15143646408839784,0,1,0.35,7,0.65,9,15,10.8,216,0.1166666666666667
73,36.0,75.0,40.9,818.0,0.10281173594132031,0,1,0.2,4,0.8,9,15,9.9,198,0.07727272727272727
74,36.0,81.0,39.6,792.0,0.0829545454545455,0,1,0.1,2,0.9,9,15,9.6,192,0.05625000000000002
75,36.0,57.0,37.3,746.0,0.03243967828418226,0,1,0.1,2,0.9,9,15,9.3,186,0.030645161290322687
76,36.0,63.0,38.4,768.0,0.056640625,0,1,0.1,2,0.9,9,15,9.6,192,0.05625000000000002
77,36.0,87.0,40.4,808.0,0.09702970297029712,0,1,0.2,4,0.8,9,15,9.6,192,0.05625000000000002
78,36.0,57.0,37.05,741.0,0.02692307692307705,0,1,0.05,1,0.9500000000000001,9,15,9.3,186,0.030645161290322687
79,36.0,87.0,42.55,851.0,0.12696827262044663,0,1,0.25,5,0.75,9,15,10.2,204,0.09411764705882353
80,36.0,75.0,39.55,791.0,0.08059418457648548,0,1,0.15,3,0.8500000000000001,9,15,9.6,192,0.05625000000000002
81,36.0,87.0,38.55,771.0,0.06284046692607004,0,1,0.05,1,0.9500000000000001,9,15,9.3,186,0.030645161290322687
82,36.0,69.0,42.3,846.0,0.1202127659574469,0,1,0.2,4,0.8,9,15,10.2,204,0.09411764705882353
83,36.0,81.0,39.6,792.0,0.0829545454545455,0,1,0.1,2,0.9,9,15,9.6,192,0.05625000000000002
84,36.0,41.0,36.25,725.0,0.0065517241379311475,0,1,0.05,1,0.9500000000000001,9,9,9.0,180,0.0
85,36.0,87.0,42.0,840.0,0.11964285714285716,0,1,0.3,6,0.7000000000000001,9,15,9.9,198,0.07727272727272727
86,36.0,68.0,37.6,752.0,0.04042553191489362,0,2,0.1,2,0.9500000000000001,9,15,9.3,186,0.030645161290322687
87,36.0,87.0,41.5,830.0,0.11506024096385548,0,1,0.2,4,0.8,9,15,9.9,198,0.07727272727272727
88,36.0,87.0,40.8,816.0,0.10625000000000007,0,1,0.1,2,0.9,9,15,9.6,192,0.05625000000000002
89,36.0,81.0,38.5,770.0,0.061038961038961115,0,1,0.1,2,0.9,9,15,9.3,186,0.030645161290322687
90,36.0,81.0,39.55,791.0,0.08135271807838185,0,1,0.15,3,0.8500000000000001,9,15,9.6,192,0.05625000000000002
91,36.0,96.0,40.35,807.0,0.09907063197026023,0,2,0.15,3,0.9166666666666667,9,21,9.9,198,0.08333333333333337
92,36.0,75.0,40.6,812.0,0.09729064039408875,0,1,0.2,4,0.8,9,15,9.9,198,0.07727272727272727
93,36.0,69.0,37.65,753.0,0.041633466135458264,0,1,0.05,1,0.9500000000000001,9,15,9.3,186,0.030645161290322687
94,36.0,132.0,40.8,816.0,0.11176470588235299,0,2,0.1,2,0.9500000000000001,9,21,9.6,192,0.05937500000000007
95,36.0,75.0,37.95,759.0,0.04881422924901191,0,1,0.05,1,0.9500000000000001,9,15,9.3,186,0.030645161290322687
96,36.0,81.0,43.65,873.0,0.1376288659793815,0,1,0.25,5,0.75,9,15,10.5,210,0.1071428571428572
97,36.0,123.0,40.6,812.0,0.10701970443349762,0,3,0.2,4,0.925,9,27,9.9,198,0.08636363636363642
98,36.0,63.0,38.65,773.0,0.06112548512289784,0,1,0.15,3,0.8500000000000001,9,15,9.6,192,0.05625000000000002
99,36.0,41.0,36.75,735.0,0.0173469387755103,0,1,0.15,3,0.8500000000000001,9,9,9.0,180,0.0
100,36.0,102.0,41.5,830.0,0.12,0,2,0.2,4,0.875,9,21,9.9,198,0.08333333333333337
101,36.0,81.0,40.9,818.0,0.10354523227383872,0,1,0.2,4,0.8,9,15,9.9,198,0.07727272727272727
102,36.0,69.0,40.65,813.0,0.09797047970479711,0,1,0.15,3,0.8500000000000001,9,15,9.9,198,0.07727272727272727
103,36.0,57.0,37.05,741.0,0.02692307692307705,0,1,0.05,1,0.9500000000000001,9,15,9.3,186,0.030645161290322687
104,36.0,63.0,38.7,774.0,0.0627906976744187,0,1,0.1,2,0.9,9,15,9.6,192,0.05625000000000002
105,36.0,75.0,42.6,852.0,0.12676056338028174,0,1,0.2,4,0.8,9,15,10.2,204,0.09411764705882353
106,36.0,63.0,38.65,773.0,0.06112548512289784,0,1,0.15,3,0.8500000000000001,9,15,9.6,192,0.05625000000000002
107,36.0,87.0,42.1,842.0,0.12553444180522566,0,1,0.2,4,0.8,9,15,9.9,198,0.07727272727272727
108,36.0,78.0,39.15,783.0,0.07375478927203072,0,2,0.15,3,0.9166666666666667,9,21,9.9,198,0.08333333333333337
109,36.0,75.0,37.95,759.0,0.04881422924901191,0,1,0.05,1,0.9500000000000001,9,15,9.3,186,0.030645161290322687
110,36.0,81.0,43.6,872.0,0.13589449541284404,0,1,0.3,6,0.7000000000000001,9,15,10.5,210,0.1071428571428572
111,36.0,69.0,40.35,807.0,0.09237918215613383,0,1,0.15,3,0.8500000000000001,9,15,9.9,198,0.07727272727272727
112,36.0,98.0,46.25,925.0,0.17410810810810817,0,2,0.35,7,0.7357142857142858,9,15,10.5,210,0.1071428571428572
113,36.0,63.0,37.6,752.0,0.03976063829787235,0,1,0.1,2,0.9,9,15,9.3,186,0.030645161290322687
114,36.0,81.0,41.2,824.0,0.10825242718446604,0,1,0.2,4,0.8,9,15,9.9,198,0.07727272727272727
115,36.0,75.0,43.65,873.0,0.13625429553264612,0,1,0.25,5,0.75,9,15,10.5,210,0.1071428571428572
116,36.0,75.0,39.85,797.0,0.08638644918444172,0,1,0.15,3,0.8500000000000001,9,15,9.6,192,0.05625000000000002
117,36.0,75.0,39.85,797.0,0.08638644918444172,0,1,0.15,3,0.8500000000000001,9,15,9.6,192,0.05625000000000002
118,36.0,87.0,41.5,830.0,0.11506024096385548,0,1,0.2,4,0.8,9,15,9.9,198,0.07727272727272727
119,36.0,81.0,45.85,917.0,0.1579607415485279,0,1,0.35,7,0.65,9,15,10.8,216,0.1166666666666667
120,36.0,69.0,37.9,758.0,0.04696569920844329,0,1,0.1,2,0.9,9,15,9.3,186,0.030645161290322687
121,36.0,57.0,37.3,746.0,0.03243967828418226,0,1,0.1,2,0.9,9,15,9.3,186,0.030645161290322687
122,36.0,87.0,42.9,858.0,0.133916083916084,0,1,0.2,4,0.8,9,15,10.2,204,0.09411764705882353
123,36.0,75.0,40.15,803.0,0.09209215442092156,0,1,0.15,3,0.8500000000000001,9,15,9.6,192,0.05625000000000002
124,36.0,57.0,37.05,741.0,0.02692307692307705,0,1,0.05,1,0.9500000000000001,9,15,9.3,186,0.030645161290322687
125,36.0,69.0,41.1,822.0,0.10182481751824823,0,1,0.2,4,0.8,9,15,10.2,204,0.09411764705882353
126,36.0,75.0,38.2,764.0,0.054057591623036694,0,1,0.1,2,0.9,9,15,9.3,186,0.030645161290322687
127,36.0,81.0,43.9,878.0,0.1394077448747153,0,1,0.3,6,0.7000000000000001,9,15,10.5,210,0.1071428571428572
128,36.0,87.0,43.5,870.0,0.1437931034482759,0,1,0.2,4,0.8,9,15,10.2,204,0.09411764705882353
129,36.0,86.0,42.4,848.0,0.13030660377358494,0,2,0.2,4,0.875,9,15,9.9,198,0.07727272727272727
130,36.0,63.0,37.6,752.0,0.03976063829787235,0,1,0.1,2,0.9,9,15,9.3,186,0.030645161290322687
131,36.0,81.0,43.2,864.0,0.13680555555555562,0,1,0.2,4,0.8,9,15,10.2,204,0.09411764705882353
132,36.0,93.0,43.75,875.0,0.14542857142857146,0,1,0.25,5,0.75,9,15,10.2,204,0.09411764705882353
133,36.0,87.0,45.0,900.0,0.16200000000000003,0,1,0.2,4,0.8,9,15,10.2,204,0.09411764705882353
134,36.0,75.0,37.95,759.0,0.04881422924901191,0,1,0.05,1,0.9500000000000001,9,15,9.3,186,0.030645161290322687
135,36.0,87.0,43.15,863.0,0.13563151796060258,0,1,0.25,5,0.75,9,15,10.2,204,0.09411764705882353
136,36.0,69.0,43.6,872.0,0.13107798165137619,0,1,0.3,6,0.7000000000000001,9,15,10.5,210,0.1071428571428572
137,36.0,87.0,45.0,900.0,0.15200000000000002,0,1,0.4,8,0.6000000000000001,9,15,10.5,210,0.1071428571428572
138,36.0,81.0,39.6,792.0,0.0829545454545455,0,1,0.1,2,0.9,9,15,9.6,192,0.05625000000000002
139,36.0,81.0,43.2,864.0,0.13680555555555562,0,1,0.2,4,0.8,9,15,10.2,204,0.09411764705882353
140,36.0,114.0,40.4,808.0,0.10160891089108914,0,2,0.2,4,0.875,9,21,9.6,192,0.05937500000000007
141,36.0,63.0,37.6,752.0,0.03976063829787235,0,1,0.1,2,0.9,9,15,9.3,186,0.030645161290322687
142,36.0,69.0,41.1,822.0,0.10182481751824823,0,1,0.2,4,0.8,9,15,10.2,204,0.09411764705882353
143,36.0,75.0,40.6,812.0,0.09729064039408875,0,1,0.2,4,0.8,9,15,9.9,198,0.07727272727272727
144,36.0,69.0,37.9,758.0,0.04696569920844329,0,1,0.1,2,0.9,9,15,9.3,186,0.030645161290322687
145,36.0,75.0,43.5,870.0,0.12724137931034485,0,1,0.4,8,0.6000000000000001,9,15,10.5,210,0.1071428571428572
146,36.0,87.0,45.15,903.0,0.16063122923588047,0,1,0.25,5,0.75,9,15,10.5,210,0.1071428571428572
147,36.0,75.0,41.4,828.0,0.1079710144927537,0,1,0.2,4,0.8,9,15,10.2,204,0.09411764705882353
148,36.0,63.0,37.85,757.0,0.04445178335535016,0,1,0.15,3,0.8500000000000001,9,15,9.3,186,0.030645161290322687
149,36.0,75.0,42.5,850.0,0.11882352941176477,0,1,0.3,6,0.7000000000000001,9,15,10.2,204,0.09411764705882353
150,36.0,69.0,39.5,790.0,0.07759493670886075,0,1,0.2,4,0.8,9,15,9.6,192,0.05625000000000002
151,36.0,102.0,39.8,796.0,0.08881909547738698,0,2,0.2,4,0.875,9,21,9.6,192,0.05937500000000007
152,36.0,81.0,38.5,770.0,0.061038961038961115,0,1,0.1,2,0.9,9,15,9.3,186,0.030645161290322687
153,36.0,81.0,45.85,917.0,0.15632497273718649,0,2,0.35,7,0.7357142857142858,9,15,10.8,216,0.1166666666666667
154,36.0,78.0,38.35,767.0,0.057561929595827954,0,2,0.15,3,0.9166666666666667,9,21,9.6,192,0.05937500000000007
155,36.0,81.0,45.4,908.0,0.1609030837004406,0,1,0.3,6,0.7000000000000001,9,15,10.5,210,0.1071428571428572
156,36.0,87.0,41.0,820.0,0.10804878048780497,0,1,0.2,4,0.8,9,15,9.6,192,0.05625000000000002
157,36.0,81.0,40.45,809.0,0.09845488257107549,0,1,0.15,3,0.8500000000000001,9,15,9.6,192,0.05625000000000002
158,36.0,81.0,41.8,836.0,0.1188995215311005,0,1,0.2,4,0.8,9,15,9.9,198,0.07727272727272727
159,36.0,69.0,39.2,784.0,0.07168367346938775,0,1,0.2,4,0.8,9,15,9.6,192,0.05625000000000002
160,36.0,75.0,42.2,844.0,0.1178909952606636,0,1,0.3,6,0.7000000000000001,9,15,10.2,204,0.09411764705882353
161,36.0,36.0,36.0,720.0,0.0,0,0,0.0,0,0.0,9,9,9.0,180,0.0
162,36.0,69.0,38.15,763.0,0.051572739187418115,0,1,0.15,3,0.8500000000000001,9,15,9.3,186,0.030645161290322687
163,36.0,87.0,44.25,885.0,0.1479661016949153,0,1,0.25,5,0.75,9,15,10.5,210,0.1071428571428572
164,36.0,84.0,45.25,905.0,0.15762430939226524,0,2,0.35,7,0.7357142857142858,9,21,10.8,216,0.13055555555555565
165,36.0,57.0,38.1,762.0,0.049606299212598515,0,1,0.1,2,0.9,9,15,9.6,192,0.05625000000000002
166,36.0,75.0,38.45,769.0,0.058582574772431784,0,1,0.15,3,0.8500000000000001,9,15,9.3,186,0.030645161290322687
167,36.0,63.0,40.75,815.0,0.09282208588957064,0,1,0.25,5,0.75,9,15,10.2,204,0.09411764705882353
168,36.0,69.0,37.65,753.0,0.041633466135458264,0,1,0.05,1,0.9500000000000001,9,15,9.3,186,0.030645161290322687
169,36.0,75.0,38.7,774.0,0.06240310077519384,0,1,0.2,4,0.8,9,15,9.3,186,0.030645161290322687
170,36.0,87.0,44.05,881.0,0.14954597048808171,0,1,0.25,5,0.75,9,15,10.2,204,0.09411764705882353
171,36.0,63.0,38.95,779.0,0.06720154043645699,0,1,0.15,3,0.8500000000000001,9,15,9.6,192,0.05625000000000002
172,36.0,93.0,45.9,918.0,0.16470588235294126,0,1,0.3,6,0.7000000000000001,9,15,10.8,216,0.1166666666666667
173,36.0,69.0,37.9,758.0,0.04696569920844329,0,1,0.1,2,0.9,9,15,9.3,186,0.030645161290322687
174,36.0,69.0,40.8,816.0,0.09595588235294117,0,1,0.3,6,0.7000000000000001,9,15,9.9,198,0.07727272727272727
175,36.0,69.0,38.95,779.0,0.06797175866495508,0,1,0.15,3,0.8500000000000001,9,15,9.6,192,0.05625000000000002
176,36.0,90.0,44.95,899.0,0.15500556173526148,0,2,0.35,7,0.7357142857142858,9,21,10.8,216,0.13055555555555565
177,36.0,75.0,39.85,797.0,0.08638644918444172,0,1,0.15,3,0.8500000000000001,9,15,9.6,192,0.05625000000000002
178,36.0,75.0,40.6,812.0,0.09729064039408875,0,1,0.2,4,0.8,9,15,9.9,198,0.07727272727272727
179,36.0,81.0,41.5,830.0,0.1136144578313254,0,1,0.2,4,0.8,9,15,9.9,198,0.07727272727272727
180,36.0,81.0,41.85,837.0,0.12025089605734773,0,1,0.15,3,0.8500000000000001,9,15,9.9,198,0.07727272727272727
181,36.0,57.0,37.05,741.0,0.02692307692307705,0,1,0.05,1,0.9500000000000001,9,15,9.3,186,0.030645161290322687
182,36.0,69.0,39.75,795.0,0.08169811320754716,0,1,0.15,3,0.8500000000000001,9,15,9.9,198,0.07727272727272727
183,36.0,84.0,40.9,818.0,0.10709046454767734,0,2,0.2,4,0.875,9,21,9.9,198,0.08333333333333337
184,36.0,75.0,39.8,796.0,0.08417085427135684,0,1,0.2,4,0.8,9,15,9.6,192,0.05625000000000002
185,36.0,75.0,39.9,798.0,0.08796992481203014,0,1,0.1,2,0.9,9,15,9.6,192,0.05625000000000002
186,36.0,108.0,46.5,930.0,0.18290322580645169,0,2,0.3,6,0.7833333333333334,9,21,10.8,216,0.13055555555555565
187,36.0,87.0,42.15,843.0,0.12615658362989324,0,1,0.15,3,0.8500000000000001,9,15,9.9,198,0.07727272727272727
188,36.0,102.0,39.55,791.0,0.08463969658659931,0,2,0.15,3,0.9166666666666667,9,21,9.6,192,0.05937500000000007
189,36.0,80.0,42.5,850.0,0.126,0,2,0.3,6,0.7833333333333334,9,15,10.2,204,0.09411764705882353
190,36.0,57.0,37.55,751.0,0.037217043941411454,0,1,0.15,3,0.8500000000000001,9,15,9.3,186,0.030645161290322687
191,36.0,41.0,37.0,740.0,0.021621621621621623,0,1,0.2,4,0.8,9,9,9.0,180,0.0
192,36.0,69.0,40.9,818.0,0.10195599022004898,0,2,0.2,4,0.875,9,15,9.9,198,0.07727272727272727
193,36.0,69.0,39.2,784.0,0.07168367346938775,0,1,0.2,4,0.8,9,15,9.6,192,0.05625000000000002
194,36.0,75.0,39.5,790.0,0.07835443037974688,0,1,0.2,4,0.8,9,15,9.6,192,0.05625000000000002
195,36.0,87.0,44.4,888.0,0.15472972972972976,0,1,0.2,4,0.8,9,15,10.2,204,0.09411764705882353
196,36.0,81.0,43.0,860.0,0.1266279069767442,0,1,0.3,6,0.7000000000000001,9,15,10.5,210,0.1071428571428572
197,36.0,63.0,38.9,778.0,0.06491002570694093,0,1,0.2,4,0.8,9,15,9.6,192,0.05625000000000002
198,36.0,69.0,40.3,806.0,0.09094292803970228,0,1,0.2,4,0.8,9,15,9.9,198,0.07727272727272727
199,36.0,75.0,39.6,792.0,0.08219696969696977,0,1,0.1,2,0.9,9,15,9.6,192,0.05625000000000002
200,36.0,99.0,43.5,870.0,0.14655172413793105,0,1,0.2,4,0.8,9,15,10.2,204,0.09411764705882353
201,36.0,75.0,39.85,797.0,0.08638644918444172,0,1,0.15,3,0.8500000000000001,9,15,9.6,192,0.05625000000000002
202,36.0,75.0,40.6,812.0,0.09729064039408875,0,1,0.2,4,0.8,9,15,9.9,198,0.07727272727272727
203,36.0,87.0,45.6,912.0,0.15756578947368427,0,1,0.3,6,0.7000000000000001,9,15,10.8,216,0.1166666666666667
204,36.0,57.0,37.05,741.0,0.02692307692307705,0,1,0.05,1,0.9500000000000001,9,15,9.3,186,0.030645161290322687
205,36.0,69.0,42.2,844.0,0.11646919431279623,0,1,0.3,6,0.7000000000000001,9,15,10.2,204,0.09411764705882353
206,36.0,87.0,40.95,819.0,0.10641025641025648,0,1,0.15,3,0.8500000000000001,9,15,9.9,198,0.07727272727272727
207,36.0,75.0,42.15,843.0,0.11405693950177942,0,1,0.35,7,0.65,9,15,10.2,204,0.09411764705882353
208,36.0,69.0,39.3,786.0,0.07557251908396956,0,1,0.1,2,0.9,9,15,9.6,192,0.05625000000000002
209,36.0,69.0,39.5,790.0,0.07759493670886075,0,1,0.2,4,0.8,9,15,9.6,192,0.05625000000000002
210,36.0,75.0,41.2,824.0,0.10752427184466029,0,1,0.2,4,0.8,9,15,9.9,198,0.07727272727272727
211,36.0,75.0,40.05,801.0,0.08820224719101133,0,1,0.15,3,0.8500000000000001,9,15,9.9,198,0.07727272727272727
212,36.0,75.0,40.9,818.0,0.10281173594132031,0,1,0.2,4,0.8,9,15,9.9,198,0.07727272727272727
213,36.0,90.0,40.9,818.0,0.10782396088019564,0,2,0.2,4,0.875,9,21,9.9,198,0.08333333333333337
214,36.0,41.0,36.25,725.0,0.0065517241379311475,0,1,0.05,1,0.9500000000000001,9,9,9.0,180,0.0
215,36.0,36.0,36.0,720.0,0.0,0,0,0.0,0,0.0,9,9,9.0,180,0.0
216,36.0,69.0,37.65,753.0,0.041633466135458264,0,1,0.05,1,0.9500000000000001,9,15,9.3,186,0.030645161290322687
217,36.0,75.0,41.7,834.0,0.11258992805755397,0,1,0.2,4,0.8,9,15,10.2,204,0.09411764705882353
218,36.0,41.0,36.25,725.0,0.0065517241379311475,0,1,0.05,1,0.9500000000000001,9,9,9.0,180,0.0
219,36.0,87.0,41.8,836.0,0.11961722488038284,0,1,0.2,4,0.8,9,15,9.9,198,0.07727272727272727
220,36.0,102.0,42.3,846.0,0.13120567375886527,0,2,0.2,4,0.875,9,21,10.2,204,0.10294117647058831
221,36.0,96.0,39.25,785.0,0.07802547770700641,0,2,0.15,3,0.9166666666666667,9,21,9.6,192,0.05937500000000007
222,36.0,75.0,42.6,852.0,0.12605633802816907,0,1,0.2,4,0.8,9,15,10.2,204,0.09411764705882353
223,36.0,69.0,37.9,758.0,0.04696569920844329,0,1,0.1,2,0.9,9,15,9.3,186,0.030645161290322687
224,36.0,75.0,39.25,785.0,0.07471337579617843,0,1,0.15,3,0.8500000000000001,9,15,9.6,192,0.05625000000000002
225,36.0,78.0,43.3,866.0,0.13706697459584305,0,2,0.3,6,0.7833333333333334,9,21,10.5,210,0.11857142857142866
226,36.0,57.0,37.3,746.0,0.03243967828418226,0,1,0.1,2,0.9,9,15,9.3,186,0.030645161290322687
227,36.0,87.0,42.15,843.0,0.12615658362989324,0,1,0.15,3,0.8500000000000001,9,15,9.9,198,0.07727272727272727
228,36.0,69.0,37.9,758.0,0.04696569920844329,0,1,0.1,2,0.9,9,15,9.3,186,0.030645161290322687
229,36.0,81.0,41.5,830.0,0.1136144578313254,0,1,0.2,4,0.8,9,15,9.9,198,0.07727272727272727
230,36.0,87.0,42.3,846.0,0.12517730496453905,0,1,0.2,4,0.8,9,15,10.2,204,0.09411764705882353
231,36.0,75.0,42.3,846.0,0.12163120567375896,0,1,0.2,4,0.8,9,15,10.2,204,0.09411764705882353
232,36.0,75.0,41.5,830.0,0.11289156626506025,0,1,0.2,4,0.8,9,15,9.9,198,0.07727272727272727
233,36.0,87.0,44.5,890.0,0.15101123595505628,0,1,0.3,6,0.7000000000000001,9,15,10.5,210,0.1071428571428572
234,36.0,84.0,46.35,927.0,0.16456310679611652,0,2,0.35,7,0.7357142857142858,9,21,11.1,222,0.1391891891891892
235,36.0,75.0,39.0,780.0,0.07038461538461538,0,1,0.1,2,0.9,9,15,9.6,192,0.05625000000000002
236,36.0,93.0,45.0,900.0,0.16466666666666674,0,1,0.2,4,0.8,9,15,10.2,204,0.09411764705882353
237,36.0,36.0,36.0,720.0,0.0,0,0,0.0,0,0.0,9,9,9.0,180,0.0
238,36.0,81.0,45.0,900.0,0.14500000000000002,0,1,0.3,6,0.7000000000000001,9,15,10.8,216,0.1166666666666667
239,36.0,87.0,40.95,819.0,0.10641025641025648,0,1,0.15,3,0.8500000000000001,9,15,9.9,198,0.07727272727272727
240,36.0,69.0,38.7,774.0,0.06356589147286829,0,1,0.1,2,0.9,9,15,9.6,192,0.05625000000000002
241,36.0,75.0,38.2,764.0,0.054057591623036694,0,1,0.1,2,0.9,9,15,9.3,186,0.030645161290322687
242,36.0,63.0,38.9,778.0,0.06491002570694093,0,1,0.2,4,0.8,9,15,9.6,192,0.05625000000000002
243,36.0,75.0,39.9,798.0,0.08796992481203014,0,1,0.1,2,0.9,9,15,9.6,192,0.05625000000000002
244,36.0,78.0,42.1,842.0,0.11888361045130647,0,2,0.3,6,0.7833333333333334,9,21,10.5,210,0.11857142857142866
245,36.0,102.0,46.0,920.0,0.1664130434782609,0,2,0.4,8,0.6875,9,21,11.1,222,0.1391891891891892
246,36.0,69.0,39.25,785.0,0.07394904458598728,0,1,0.15,3,0.8500000000000001,9,15,9.6,192,0.05625000000000002
247,36.0,41.0,36.25,725.0,0.0065517241379311475,0,1,0.05,1,0.9500000000000001,9,9,9.0,180,0.0
248,36.0,69.0,37.9,758.0,0.04696569920844329,0,1,0.1,2,0.9,9,15,9.3,186,0.030645161290322687
249,36.0,87.0,42.0,840.0,0.12,0,1,0.2,4,0.8,9,15,10.2,204,0.09411764705882353
250,36.0,69.0,39.0,780.0,0.06961538461538463,0,1,0.1,2,0.9,9,15,9.6,192,0.05625000000000002
251,36.0,41.0,36.25,725.0,0.0065517241379311475,0,1,0.05,1,0.9500000000000001,9,9,9.0,180,0.0
252,36.0,81.0,43.15,863.0,0.13563151796060258,0,1,0.25,5,0.75,9,15,10.2,204,0.09411764705882353
253,36.0,81.0,42.45,849.0,0.1298586572438163,0,1,0.15,3,0.8500000000000001,9,15,9.9,198,0.07727272727272727
254,36.0,81.0,41.45,829.0,0.11164053075995184,0,1,0.25,5,0.75,9,15,9.9,198,0.07727272727272727
255,36.0,99.0,44.35,887.0,0.1576662908680947,0,1,0.25,5,0.75,9,15,10.2,204,0.09411764705882353
256,36.0,75.0,40.05,801.0,0.08820224719101133,0,1,0.15,3,0.8500000000000001,9,15,9.9,198,0.07727272727272727
257,36.0,69.0,38.95,779.0,0.06797175866495508,0,1,0.15,3,0.8500000000000001,9,15,9.6,192,0.05625000000000002
258,36.0,93.0,45.75,915.0,0.16901639344262298,0,1,0.25,5,0.75,9,15,10.5,210,0.1071428571428572
259,36.0,87.0,41.0,820.0,0.10804878048780497,0,1,0.2,4,0.8,9,15,9.6,192,0.05625000000000002
260,36.0,63.0,37.6,752.0,0.03976063829787235,0,1,0.1,2,0.9,9,15,9.3,186,0.030645161290322687
261,36.0,93.0,41.75,835.0,0.11838323353293423,0,1,0.25,5,0.75,9,15,9.9,198,0.07727272727272727
262,36.0,75.0,43.3,866.0,0.13267898383371834,0,2,0.3,6,0.7833333333333334,9,15,10.5,210,0.1071428571428572
263,36.0,75.0,38.2,764.0,0.054057591623036694,0,1,0.1,2,0.9,9,15,9.3,186,0.030645161290322687
264,36.0,81.0,41.55,831.0,0.11498194945848383,0,1,0.15,3,0.8500000000000001,9,15,9.9,198,0.07727272727272727
265,36.0,36.0,36.0,720.0,0.0,0,0,0.0,0,0.0,9,9,9.0,180,0.0
266,36.0,81.0,40.65,813.0,0.0990774907749078,0,1,0.25,5,0.75,9,15,9.6,192,0.05625000000000002
267,36.0,57.0,38.1,762.0,0.049606299212598515,0,1,0.1,2,0.9,9,15,9.6,192,0.05625000000000002
268,36.0,75.0,39.55,791.0,0.08059418457648548,0,1,0.15,3,0.8500000000000001,9,15,9.6,192,0.05625000000000002
269,36.0,75.0,41.2,824.0,0.10752427184466029,0,1,0.2,4,0.8,9,15,9.9,198,0.07727272727272727
270,36.0,81.0,38.25,765.0,0.055882352941176494,0,1,0.05,1,0.9500000000000001,9,15,9.3,186,0.030645161290322687
271,36.0,57.0,37.3,746.0,0.03243967828418226,0,1,0.1,2,0.9,9,15,9.3,186,0.030645161290322687
272,36.0,81.0,38.75,775.0,0.065483870967742,0,1,0.15,3,0.8500000000000001,9,15,9.3,186,0.030645161290322687
273,36.0,75.0,37.95,759.0,0.04881422924901191,0,1,0.05,1,0.9500000000000001,9,15,9.3,186,0.030645161290322687
274,36.0,75.0,40.35,807.0,0.09386617100371752,0,1,0.15,3,0.8500000000000001,9,15,9.9,198,0.07727272727272727
275,36.0,69.0,40.05,801.0,0.08745318352059928,0,1,0.15,3,0.8500000000000001,9,15,9.9,198,0.07727272727272727
276,36.0,75.0,40.6,812.0,0.09729064039408875,0,1,0.2,4,0.8,9,15,9.9,198,0.07727272727272727
277,36.0,93.0,42.85,857.0,0.13343057176196038,0,1,0.25,5,0.75,9,15,10.2,204,0.09411764705882353
278,36.0,93.0,44.2,884.0,0.1476244343891403,0,1,0.3,6,0.7000000000000001,9,15,10.5,210,0.1071428571428572
279,36.0,36.0,36.0,720.0,0.0,0,0,0.0,0,0.0,9,9,9.0,180,0.0
280,36.0,69.0,40.05,801.0,0.08745318352059928,0,1,0.15,3,0.8500000000000001,9,15,9.9,198,0.07727272727272727
281,36.0,69.0,39.2,784.0,0.07168367346938775,0,1,0.2,4,0.8,9,15,9.6,192,0.05625000000000002
282,36.0,81.0,42.3,846.0,0.12375886524822699,0,1,0.2,4,0.8,9,15,10.2,204,0.09411764705882353
283,36.0,75.0,39.3,786.0,0.07633587786259544,0,1,0.1,2,0.9,9,15,9.6,192,0.05625000000000002
284,36.0,41.0,36.25,725.0,0.0065517241379311475,0,1,0.05,1,0.9500000000000001,9,9,9.0,180,0.0
285,36.0,135.0,42.9,858.0,0.14825174825174825,0,3,0.2,4,0.925,9,27,10.2,204,0.10882352941176476
286,36.0,69.0,37.9,758.0,0.04696569920844329,0,1,0.1,2,0.9,9,15,9.3,186,0.030645161290322687
287,36.0,87.0,40.15,803.0,0.0935865504358655,0,1,0.15,3,0.8500000000000001,9,15,9.6,192,0.05625000000000002
288,36.0,84.0,45.85,917.0,0.16537622682660857,0,2,0.35,7,0.7357142857142858,9,21,10.8,216,0.13055555555555565
289,36.0,81.0,39.9,798.0,0.0887218045112782,0,1,0.1,2,0.9,9,15,9.6,192,0.05625000000000002
290,36.0,81.0,45.7,914.0,0.16345733041575494,0,1,0.3,6,0.7000000000000001,9,15,10.5,210,0.1071428571428572
291,36.0,68.0,37.85,757.0,0.045772787318361985,0,2,0.15,3,0.9166666666666667,9,15,9.3,186,0.030645161290322687
292,36.0,41.0,36.25,725.0,0.0065517241379311475,0,1,0.05,1,0.9500000000000001,9,9,9.0,180,0.0
293,36.0,36.0,36.0,720.0,0.0,0,0,0.0,0,0.0,9,9,9.0,180,0.0
294,36.0,87.0,38.55,771.0,0.06284046692607004,0,1,0.05,1,0.9500000000000001,9,15,9.3,186,0.030645161290322687
295,36.0,108.0,39.6,792.0,0.08636363636363642,0,2,0.1,2,0.9500000000000001,9,21,9.6,192,0.05937500000000007
296,36.0,36.0,36.0,720.0,0.0,0,0,0.0,0,0.0,9,9,9.0,180,0.0
297,36.0,57.0,37.3,746.0,0.03243967828418226,0,1,0.1,2,0.9,9,15,9.3,186,0.030645161290322687
298,36.0,87.0,44.05,881.0,0.14954597048808171,0,1,0.25,5,0.75,9,15,10.2,204,0.09411764705882353
299,36.0,81.0,46.8,936.0,0.16826923076923084,0,1,0.3,6,0.7000000000000001,9,15,10.8,216,0.1166666666666667
300,36.0,87.0,45.75,915.0,0.16704918032786886,0,1,0.25,5,0.75,9,15,10.5,210,0.1071428571428572
301,36.0,57.0,38.35,767.0,0.05417209908735332,0,1,0.15,3,0.8500000000000001,9,15,9.6,192,0.05625000000000002
302,36.0,102.0,41.95,839.0,0.12783075089392137,0,2,0.25,5,0.8700000000000001,9,21,10.2,204,0.10588235294117654
303,36.0,75.0,39.8,796.0,0.08417085427135684,0,1,0.2,4,0.8,9,15,9.6,192,0.05625000000000002
304,36.0,87.0,41.15,823.0,0.10698663426488464,0,1,0.25,5,0.75,9,15,9.9,198,0.07727272727272727
305,36.0,75.0,44.7,894.0,0.14362416107382558,0,1,0.3,6,0.7000000000000001,9,15,10.8,216,0.1166666666666667
306,36.0,69.0,38.7,774.0,0.06356589147286829,0,1,0.1,2,0.9,9,15,9.6,192,0.05625000000000002
307,36.0,87.0,42.55,851.0,0.12767332549941246,0,1,0.25,5,0.75,9,15,10.2,204,0.09411764705882353
308,36.0,87.0,44.55,891.0,0.15336700336700337,0,1,0.25,5,0.75,9,15,10.5,210,0.1071428571428572
309,36.0,102.0,46.2,924.0,0.175974025974026,0,2,0.3,6,0.7833333333333334,9,21,10.8,216,0.13055555555555565
310,36.0,81.0,41.25,825.0,0.11109090909090913,0,1,0.15,3,0.8500000000000001,9,15,9.9,198,0.07727272727272727
311,36.0,75.0,42.5,850.0,0.12352941176470589,0,2,0.3,6,0.7833333333333334,9,15,10.2,204,0.09411764705882353
312,36.0,69.0,39.2,784.0,0.07295918367346943,0,2,0.2,4,0.875,9,15,9.6,192,0.05625000000000002
313,36.0,93.0,41.6,832.0,0.11947115384615392,0,1,0.2,4,0.8,9,15,9.6,192,0.05625000000000002
314,36.0,81.0,44.55,891.0,0.15067340067340074,0,1,0.25,5,0.75,9,15,10.5,210,0.1071428571428572
315,36.0,41.0,36.25,725.0,0.0065517241379311475,0,1,0.05,1,0.9500000000000001,9,9,9.0,180,0.0
316,36.0,81.0,42.6,852.0,0.12746478873239442,0,1,0.2,4,0.8,9,15,10.2,204,0.09411764705882353
317,36.0,69.0,40.05,801.0,0.08745318352059928,0,1,0.15,3,0.8500000000000001,9,15,9.9,198,0.07727272727272727
318,36.0,81.0,42.0,840.0,0.11857142857142866,0,1,0.2,4,0.8,9,15,10.2,204,0.09411764705882353
319,36.0,75.0,40.9,818.0,0.10281173594132031,0,1,0.2,4,0.8,9,15,9.9,198,0.07727272727272727
320,36.0,69.0,40.3,806.0,0.09094292803970228,0,1,0.2,4,0.8,9,15,9.9,198,0.07727272727272727
321,36.0,75.0,40.6,812.0,0.09729064039408875,0,1,0.2,4,0.8,9,15,9.9,198,0.07727272727272727
322,36.0,87.0,44.1,882.0,0.15136054421768708,0,1,0.2,4,0.8,9,15,10.2,204,0.09411764705882353
323,36.0,57.0,37.05,741.0,0.02692307692307705,0,1,0.05,1,0.9500000000000001,9,15,9.3,186,0.030645161290322687
324,36.0,69.0,37.9,758.0,0.04696569920844329,0,1,0.1,2,0.9,9,15,9.3,186,0.030645161290322687
325,36.0,87.0,42.15,843.0,0.12615658362989324,0,1,0.15,3,0.8500000000000001,9,15,9.9,198,0.07727272727272727
326,36.0,69.0,40.6,812.0,0.09581280788177349,0,1,0.2,4,0.8,9,15,9.9,198,0.07727272727272727
327,36.0,63.0,38.4,768.0,0.056640625,0,1,0.1,2,0.9,9,15,9.6,192,0.05625000000000002
328,36.0,81.0,39.9,798.0,0.0887218045112782,0,1,0.1,2,0.9,9,15,9.6,192,0.05625000000000002
329,36.0,75.0,39.55,791.0,0.08059418457648548,0,1,0.15,3,0.8500000000000001,9,15,9.6,192,0.05625000000000002
330,36.0,93.0,40.5,810.0,0.1014814814814815,0,1,0.1,2,0.9,9,15,9.6,192,0.05625000000000002
331,36.0,69.0,38.95,779.0,0.06797175866495508,0,1,0.15,3,0.8500000000000001,9,15,9.6,192,0.05625000000000002
332,36.0,81.0,42.3,846.0,0.123404255319149,0,1,0.3,6,0.7000000000000001,9,15,9.9,198,0.07727272727272727
333,36.0,69.0,40.05,801.0,0.08745318352059928,0,1,0.15,3,0.8500000000000001,9,15,9.9,198,0.07727272727272727
334,36.0,96.0,43.0,860.0,0.13627906976744186,0,2,0.3,6,0.7833333333333334,9,21,10.5,210,0.11857142857142866
335,36.0,75.0,40.35,807.0,0.09386617100371752,0,1,0.15,3,0.8500000000000001,9,15,9.9,198,0.07727272727272727
336,36.0,87.0,47.3,946.0,0.17410147991543345,0,1,0.4,8,0.6000000000000001,9,15,10.8,216,0.1166666666666667
337,36.0,87.0,40.45,809.0,0.09919653893695923,0,1,0.15,3,0.8500000000000001,9,15,9.6,192,0.05625000000000002
338,36.0,81.0,41.5,830.0,0.1136144578313254,0,1,0.2,4,0.8,9,15,9.9,198,0.07727272727272727
339,36.0,75.0,37.95,759.0,0.04881422924901191,0,1,0.05,1,0.9500000000000001,9,15,9.3,186,0.030645161290322687
340,36.0,63.0,39.95,799.0,0.08166458072590743,0,1,0.25,5,0.75,9,15,9.9,198,0.07727272727272727
341,36.0,63.0,38.65,773.0,0.06112548512289784,0,1,0.15,3,0.8500000000000001,9,15,9.6,192,0.05625000000000002
342,36.0,69.0,39.0,780.0,0.06961538461538463,0,1,0.1,2,0.9,9,15,9.6,192,0.05625000000000002
343,36.0,69.0,40.35,807.0,0.09312267657992568,0,1,0.15,3,0.8500000000000001,9,15,9.9,198,0.07727272727272727
344,36.0,41.0,36.25,725.0,0.0065517241379311475,0,1,0.05,1,0.9500000000000001,9,9,9.0,180,0.0
345,36.0,75.0,38.2,764.0,0.054057591623036694,0,1,0.1,2,0.9,9,15,9.3,186,0.030645161290322687
346,36.0,63.0,39.95,799.0,0.08166458072590743,0,1,0.25,5,0.75,9,15,9.9,198,0.07727272727272727
347,36.0,87.0,42.0,840.0,0.12,0,1,0.2,4,0.8,9,15,10.2,204,0.09411764705882353
348,36.0,75.0,41.1,822.0,0.10255474452554747,0,1,0.2,4,0.8,9,15,10.2,204,0.09411764705882353
349,36.0,87.0,41.2,824.0,0.10970873786407775,0,1,0.2,4,0.8,9,15,9.9,198,0.07727272727272727
350,36.0,63.0,41.05,821.0,0.09835566382460414,0,1,0.25,5,0.75,9,15,10.2,204,0.09411764705882353
351,36.0,102.0,39.3,786.0,0.07977099236641227,0,2,0.1,2,0.9500000000000001,9,21,9.6,192,0.05937500000000007
352,36.0,69.0,37.65,753.0,0.041633466135458264,0,1,0.05,1,0.9500000000000001,9,15,9.3,186,0.030645161290322687
353,36.0,69.0,37.9,758.0,0.04696569920844329,0,1,0.1,2,0.9,9,15,9.3,186,0.030645161290322687
354,36.0,63.0,40.3,806.0,0.08945409429280404,0,1,0.2,4,0.8,9,15,9.9,198,0.07727272727272727
355,36.0,63.0,37.85,757.0,0.04445178335535016,0,1,0.15,3,0.8500000000000001,9,15,9.3,186,0.030645161290322687
356,36.0,87.0,45.4,908.0,0.15958149779735686,0,1,0.3,6,0.7000000000000001,9,15,10.5,210,0.1071428571428572
357,36.0,99.0,40.2,804.0,0.09664179104477622,0,1,0.1,2,0.9,9,15,9.6,192,0.05625000000000002
358,36.0,69.0,40.05,801.0,0.08745318352059928,0,1,0.15,3,0.8500000000000001,9,15,9.9,198,0.07727272727272727
359,36.0,90.0,38.95,779.0,0.07130937098844681,0,2,0.15,3,0.9166666666666667,9,21,9.6,192,0.05937500000000007
360,36.0,93.0,42.75,855.0,0.13701754385964915,0,1,0.15,3,0.8500000000000001,9,15,9.9,198,0.07727272727272727
361,36.0,69.0,40.85,817.0,0.09859241126070994,0,1,0.25,5,0.75,9,15,9.9,198,0.07727272727272727
362,36.0,63.0,38.7,774.0,0.0627906976744187,0,1,0.1,2,0.9,9,15,9.6,192,0.05625000000000002
363,36.0,69.0,39.7,794.0,0.07707808564231744,0,1,0.3,6,0.7000000000000001,9,15,9.6,192,0.05625000000000002
364,36.0,87.0,40.15,803.0,0.0935865504358655,0,1,0.15,3,0.8500000000000001,9,15,9.6,192,0.05625000000000002
365,36.0,81.0,40.95,819.0,0.10457875457875465,0,1,0.25,5,0.75,9,15,9.6,192,0.05625000000000002
366,36.0,41.0,36.5,730.0,0.012328767123287676,0,1,0.1,2,0.9,9,9,9.0,180,0.0
367,36.0,81.0,47.85,957.0,0.1747648902821317,0,1,0.35,7,0.65,9,15,11.1,222,0.12297297297297305
368,36.0,87.0,43.15,863.0,0.13632676709154123,0,1,0.25,5,0.75,9,15,10.2,204,0.09411764705882353
369,36.0,81.0,42.25,845.0,0.12183431952662727,0,1,0.25,5,0.75,9,15,10.2,204,0.09411764705882353
370,36.0,81.0,38.25,765.0,0.055882352941176494,0,1,0.05,1,0.9500000000000001,9,15,9.3,186,0.030645161290322687
371,36.0,69.0,39.25,785.0,0.07394904458598728,0,1,0.15,3,0.8500000000000001,9,15,9.6,192,0.05625000000000002
372,36.0,63.0,41.85,837.0,0.10698924731182802,0,1,0.25,5,0.75,9,15,10.5,210,0.1071428571428572
373,36.0,57.0,37.05,741.0,0.02692307692307705,0,1,0.05,1,0.9500000000000001,9,15,9.3,186,0.030645161290322687
374,36.0,93.0,40.45,809.0,0.09993819530284309,0,1,0.15,3,0.8500000000000001,9,15,9.6,192,0.05625000000000002
375,36.0,75.0,42.9,858.0,0.13111888111888115,0,1,0.2,4,0.8,9,15,10.2,204,0.09411764705882353
376,36.0,63.0,40.2,804.0,0.08644278606965183,0,2,0.3,6,0.7833333333333334,9,15,9.9,198,0.07727272727272727
377,36.0,81.0,41.25,825.0,0.11036363636363644,0,1,0.15,3,0.8500000000000001,9,15,9.9,198,0.07727272727272727
378,36.0,36.0,36.0,720.0,0.0,0,0,0.0,0,0.0,9,9,9.0,180,0.0
379,36.0,69.0,37.9,758.0,0.04696569920844329,0,1,0.1,2,0.9,9,15,9.3,186,0.030645161290322687
380,36.0,75.0,45.3,906.0,0.15099337748344377,0,1,0.3,6,0.7000000000000001,9,15,10.8,216,0.1166666666666667
381,36.0,36.0,36.0,720.0,0.0,0,0,0.0,0,0.0,9,9,9.0,180,0.0
382,36.0,75.0,43.85,877.0,0.13506271379703538,0,1,0.35,7,0.65,9,15,10.5,210,0.1071428571428572
383,36.0,63.0,40.0,800.0,0.08450000000000002,0,1,0.2,4,0.8,9,15,9.9,198,0.07727272727272727
384,36.0,63.0,40.8,816.0,0.09558823529411764,0,1,0.2,4,0.8,9,15,10.2,204,0.09411764705882353
385,36.0,75.0,41.5,830.0,0.11289156626506025,0,1,0.2,4,0.8,9,15,9.9,198,0.07727272727272727
386,36.0,63.0,37.35,747.0,0.03433734939759048,0,1,0.05,1,0.9500000000000001,9,15,9.3,186,0.030645161290322687
387,36.0,69.0,39.25,785.0,0.07394904458598728,0,1,0.15,3,0.8500000000000001,9,15,9.6,192,0.05625000000000002
388,36.0,75.0,42.0,840.0,0.11785714285714288,0,1,0.2,4,0.8,9,15,10.2,204,0.09411764705882353
389,36.0,75.0,38.45,769.0,0.058582574772431784,0,1,0.15,3,0.8500000000000001,9,15,9.3,186,0.030645161290322687
390,36.0,41.0,36.25,725.0,0.0065517241379311475,0,1,0.05,1,0.9500000000000001,9,9,9.0,180,0.0
391,36.0,63.0,41.1,822.0,0.10036496350364965,0,1,0.2,4,0.8,9,15,10.2,204,0.09411764705882353
392,36.0,75.0,42.55,851.0,0.12414806110458287,0,1,0.25,5,0.75,9,15,10.2,204,0.09411764705882353
393,36.0,87.0,40.7,814.0,0.10257985257985258,0,1,0.2,4,0.8,9,15,9.6,192,0.05625000000000002
394,36.0,75.0,39.8,796.0,0.08417085427135684,0,1,0.2,4,0.8,9,15,9.6,192,0.05625000000000002
395,36.0,36.0,36.0,720.0,0.0,0,0,0.0,0,0.0,9,9,9.0,180,0.0
396,36.0,69.0,41.65,833.0,0.10918367346938784,0,1,0.25,5,0.75,9,15,10.2,204,0.09411764705882353
397,36.0,69.0,37.65,753.0,0.041633466135458264,0,1,0.05,1,0.9500000000000001,9,15,9.3,186,0.030645161290322687
398,36.0,93.0,40.4,808.0,0.09777227722772286,0,1,0.2,4,0.8,9,15,9.6,192,0.05625000000000002
399,36.0,87.0,40.2,804.0,0.09514925373134331,0,1,0.1,2,0.9,9,15,9.6,192,0.05625000000000002
400,36.0,74.0,46.6,932.0,0.15332618025751077,0,2,0.4,8,0.6875,9,15,11.1,222,0.12297297297297305
401,36.0,87.0,41.55,831.0,0.11714801444043321,0,1,0.15,3,0.8500000000000001,9,15,9.9,198,0.07727272727272727
402,36.0,87.0,39.85,797.0,0.08789209535759102,0,1,0.15,3,0.8500000000000001,9,15,9.6,192,0.05625000000000002
403,36.0,75.0,40.65,813.0,0.0987084870848709,0,1,0.15,3,0.8500000000000001,9,15,9.9,198,0.07727272727272727
404,36.0,81.0,42.15,843.0,0.1254448398576513,0,1,0.15,3,0.8500000000000001,9,15,9.9,198,0.07727272727272727
405,36.0,69.0,41.45,829.0,0.10874547647768396,0,1,0.25,5,0.75,9,15,9.9,198,0.07727272727272727
406,36.0,57.0,37.55,751.0,0.037217043941411454,0,1,0.15,3,0.8500000000000001,9,15,9.3,186,0.030645161290322687
407,36.0,81.0,41.25,825.0,0.11036363636363644,0,1,0.15,3,0.8500000000000001,9,15,9.9,198,0.07727272727272727
408,36.0,75.0,38.2,764.0,0.054057591623036694,0,1,0.1,2,0.9,9,15,9.3,186,0.030645161290322687
409,36.0,75.0,40.85,817.0,0.10006119951040393,0,1,0.25,5,0.75,9,15,9.9,198,0.07727272727272727
410,36.0,81.0,40.15,803.0,0.09283935242839358,0,1,0.15,3,0.8500000000000001,9,15,9.6,192,0.05625000000000002
411,36.0,96.0,47.4,948.0,0.18354430379746844,0,2,0.4,8,0.75,9,21,11.4,228,0.1578947368421053
412,36.0,69.0,39.2,784.0,0.07168367346938775,0,1,0.2,4,0.8,9,15,9.6,192,0.05625000000000002
413,36.0,75.0,42.0,840.0,0.11857142857142866,0,1,0.2,4,0.8,9,15,10.2,204,0.09411764705882353
414,36.0,87.0,43.2,864.0,0.13750000000000007,0,1,0.2,4,0.8,9,15,10.2,204,0.09411764705882353
415,36.0,75.0,38.7,774.0,0.06240310077519384,0,1,0.2,4,0.8,9,15,9.3,186,0.030645161290322687
416,36.0,69.0,39.25,785.0,0.07394904458598728,0,1,0.15,3,0.8500000000000001,9,15,9.6,192,0.05625000000000002
417,36.0,69.0,39.75,795.0,0.08169811320754716,0,1,0.15,3,0.8500000000000001,9,15,9.9,198,0.07727272727272727
418,36.0,63.0,38.1,762.0,0.048425196850393704,0,1,0.2,4,0.8,9,15,9.3,186,0.030645161290322687
419,36.0,63.0,38.4,768.0,0.056640625,0,1,0.1,2,0.9,9,15,9.6,192,0.05625000000000002
420,36.0,75.0,40.6,812.0,0.09729064039408875,0,1,0.2,4,0.8,9,15,9.9,198,0.07727272727272727
421,36.0,81.0,40.1,802.0,0.09064837905236911,0,1,0.2,4,0.8,9,15,9.6,192,0.05625000000000002
422,36.0,99.0,39.65,793.0,0.08556116015132409,0,1,0.15,3,0.8500000000000001,9,15,9.3,186,0.030645161290322687
423,36.0,90.0,38.7,774.0,0.06627906976744191,0,2,0.1,2,0.9500000000000001,9,21,9.6,192,0.05937500000000007
424,36.0,81.0,41.25,825.0,0.11036363636363644,0,1,0.15,3,0.8500000000000001,9,15,9.9,198,0.07727272727272727
425,36.0,75.0,41.35,827.0,0.10707376058041118,0,2,0.25,5,0.8300000000000001,9,15,10.2,204,0.09411764705882353
426,36.0,87.0,44.25,885.0,0.1486440677966102,0,1,0.25,5,0.75,9,15,10.5,210,0.1071428571428572
427,36.0,63.0,38.4,768.0,0.056640625,0,1,0.1,2,0.9,9,15,9.6,192,0.05625000000000002
428,36.0,87.0,39.85,797.0,0.08789209535759102,0,1,0.15,3,0.8500000000000001,9,15,9.6,192,0.05625000000000002
429,36.0,81.0,39.9,798.0,0.0887218045112782,0,1,0.1,2,0.9,9,15,9.6,192,0.05625000000000002
430,36.0,63.0,37.35,747.0,0.03433734939759048,0,1,0.05,1,0.9500000000000001,9,15,9.3,186,0.030645161290322687
431,36.0,81.0,45.95,919.0,0.14695321001088146,0,1,0.45,9,0.55,9,15,11.1,222,0.12297297297297305
432,36.0,93.0,40.15,803.0,0.09433374844333753,0,1,0.15,3,0.8500000000000001,9,15,9.6,192,0.05625000000000002
433,36.0,69.0,45.75,915.0,0.14573770491803284,0,1,0.35,7,0.65,9,15,11.1,222,0.12297297297297305
434,36.0,75.0,38.45,769.0,0.058582574772431784,0,1,0.15,3,0.8500000000000001,9,15,9.3,186,0.030645161290322687
435,36.0,75.0,41.7,834.0,0.11258992805755397,0,1,0.2,4,0.8,9,15,10.2,204,0.09411764705882353
436,36.0,75.0,39.0,780.0,0.07038461538461538,0,1,0.1,2,0.9,9,15,9.6,192,0.05625000000000002
437,36.0,81.0,41.55,831.0,0.11570397111913366,0,1,0.15,3,0.8500000000000001,9,15,9.9,198,0.07727272727272727
438,36.0,111.0,40.0,800.0,0.0943750000000001,0,3,0.2,4,0.925,9,27,9.9,198,0.08636363636363642
439,36.0,87.0,41.45,829.0,0.11236429433051875,0,1,0.25,5,0.75,9,15,9.9,198,0.07727272727272727
440,36.0,81.0,39.55,791.0,0.08135271807838185,0,1,0.15,3,0.8500000000000001,9,15,9.6,192,0.05625000000000002
441,36.0,87.0,41.25,825.0,0.11109090909090913,0,1,0.15,3,0.8500000000000001,9,15,9.9,198,0.07727272727272727
442,36.0,81.0,39.9,798.0,0.0887218045112782,0,1,0.1,2,0.9,9,15,9.6,192,0.05625000000000002
443,36.0,75.0,39.3,786.0,0.07633587786259544,0,1,0.1,2,0.9,9,15,9.6,192,0.05625000000000002
444,36.0,69.0,39.5,790.0,0.07759493670886075,0,1,0.2,4,0.8,9,15,9.6,192,0.05625000000000002
445,36.0,75.0,43.95,879.0,0.13907849829351537,0,1,0.25,5,0.75,9,15,10.5,210,0.1071428571428572
446,36.0,57.0,37.3,746.0,0.03243967828418226,0,1,0.1,2,0.9,9,15,9.3,186,0.030645161290322687
447,36.0,69.0,41.2,824.0,0.10606796116504857,0,1,0.2,4,0.8,9,15,9.9,198,0.07727272727272727
448,36.0,63.0,37.35,747.0,0.03433734939759048,0,1,0.05,1,0.9500000000000001,9,15,9.3,186,0.030645161290322687
449,36.0,93.0,42.9,858.0,0.13531468531468538,0,1,0.2,4,0.8,9,15,10.2,204,0.09411764705882353
450,36.0,69.0,40.05,801.0,0.08745318352059928,0,1,0.15,3,0.8500000000000001,9,15,9.9,198,0.07727272727272727
451,36.0,75.0,38.2,764.0,0.054057591623036694,0,1,0.1,2,0.9,9,15,9.3,186,0.030645161290322687
452,36.0,36.0,36.0,720.0,0.0,0,0,0.0,0,0.0,9,9,9.0,180,0.0
453,36.0,63.0,38.95,779.0,0.06720154043645699,0,1,0.15,3,0.8500000000000001,9,15,9.6,192,0.05625000000000002
454,36.0,69.0,40.65,813.0,0.09797047970479711,0,1,0.15,3,0.8500000000000001,9,15,9.9,198,0.07727272727272727
455,36.0,69.0,38.95,779.0,0.06797175866495508,0,1,0.15,3,0.8500000000000001,9,15,9.6,192,0.05625000000000002
456,36.0,81.0,42.45,849.0,0.1298586572438163,0,1,0.15,3,0.8500000000000001,9,15,9.9,198,0.07727272727272727
457,36.0,81.0,40.65,813.0,0.10018450184501848,0,1,0.15,3,0.8500000000000001,9,15,9.9,198,0.07727272727272727
458,36.0,63.0,38.65,773.0,0.06112548512289784,0,1,0.15,3,0.8500000000000001,9,15,9.6,192,0.05625000000000002
459,36.0,63.0,38.9,778.0,0.06491002570694093,0,1,0.2,4,0.8,9,15,9.6,192,0.05625000000000002
460,36.0,96.0,39.0,780.0,0.07307692307692315,0,2,0.1,2,0.9500000000000001,9,21,9.6,192,0.05937500000000007
461,36.0,69.0,42.35,847.0,0.11115702479338851,0,1,0.35,7,0.65,9,15,10.5,210,0.1071428571428572
462,36.0,81.0,44.55,891.0,0.14932659932659942,0,1,0.25,5,0.75,9,15,10.5,210,0.1071428571428572
463,36.0,63.0,38.9,778.0,0.06491002570694093,0,1,0.2,4,0.8,9,15,9.6,192,0.05625000000000002
464,36.0,57.0,39.4,788.0,0.07208121827411174,0,1,0.2,4,0.8,9,15,9.9,198,0.07727272727272727
465,36.0,96.0,45.4,908.0,0.16872246696035242,0,2,0.3,6,0.7833333333333334,9,21,10.5,210,0.11857142857142866
466,36.0,36.0,36.0,720.0,0.0,0,0,0.0,0,0.0,9,9,9.0,180,0.0
467,36.0,69.0,40.35,807.0,0.09237918215613383,0,1,0.15,3,0.8500000000000001,9,15,9.9,198,0.07727272727272727
468,36.0,81.0,44.2,884.0,0.14490950226244348,0,1,0.3,6,0.7000000000000001,9,15,10.5,210,0.1071428571428572
469,36.0,87.0,42.1,842.0,0.12482185273159152,0,1,0.2,4,0.8,9,15,9.9,198,0.07727272727272727
470,36.0,75.0,40.95,819.0,0.10494505494505502,0,1,0.15,3,0.8500000000000001,9,15,9.9,198,0.07727272727272727
471,36.0,63.0,37.35,747.0,0.03433734939759048,0,1,0.05,1,0.9500000000000001,9,15,9.3,186,0.030645161290322687
472,36.0,81.0,43.35,867.0,0.13408304498269896,0,1,0.25,5,0.75,9,15,10.5,210,0.1071428571428572
473,36.0,87.0,39.6,792.0,0.08371212121212124,0,1,0.1,2,0.9,9,15,9.6,192,0.05625000000000002
474,36.0,57.0,37.05,741.0,0.02692307692307705,0,1,0.05,1,0.9500000000000001,9,15,9.3,186,0.030645161290322687
475,36.0,81.0,42.4,848.0,0.12783018867924534,0,1,0.2,4,0.8,9,15,9.9,198,0.07727272727272727
476,36.0,63.0,37.6,752.0,0.03976063829787235,0,1,0.1,2,0.9,9,15,9.3,186,0.030645161290322687
477,36.0,69.0,39.0,780.0,0.06961538461538463,0,1,0.1,2,0.9,9,15,9.6,192,0.05625000000000002
478,36.0,81.0,42.3,846.0,0.12375886524822699,0,1,0.2,4,0.8,9,15,10.2,204,0.09411764705882353
479,36.0,75.0,37.95,759.0,0.04881422924901191,0,1,0.05,1,0.9500000000000001,9,15,9.3,186,0.030645161290322687
480,36.0,75.0,40.6,812.0,0.09729064039408875,0,1,0.2,4,0.8,9,15,9.9,198,0.07727272727272727
481,36.0,93.0,42.15,843.0,0.12686832740213527,0,1,0.15,3,0.8500000000000001,9,15,9.9,198,0.07727272727272727
482,36.0,87.0,42.65,853.0,0.1317116060961313,0,1,0.25,5,0.75,9,15,9.9,198,0.07727272727272727
483,36.0,75.0,40.9,818.0,0.10207823960880202,0,1,0.2,4,0.8,9,15,9.9,198,0.07727272727272727
484,36.0,81.0,45.45,909.0,0.1612211221122113,0,1,0.25,5,0.75,9,15,10.5,210,0.1071428571428572
485,36.0,63.0,39.75,795.0,0.08094339622641511,0,1,0.15,3,0.8500000000000001,9,15,9.9,198,0.07727272727272727
486,36.0,57.0,37.55,751.0,0.037217043941411454,0,1,0.15,3,0.8500000000000001,9,15,9.3,186,0.030645161290322687
487,36.0,87.0,42.85,857.0,0.13203033838973166,0,1,0.25,5,0.75,9,15,10.2,204,0.09411764705882353
488,36.0,81.0,39.9,798.0,0.0887218045112782,0,1,0.1,2,0.9,9,15,9.6,192,0.05625000000000002
489,36.0,63.0,39.45,789.0,0.07509505703422059,0,1,0.15,3,0.8500000000000001,9,15,9.9,198,0.07727272727272727
490,36.0,69.0,37.65,753.0,0.041633466135458264,0,1,0.05,1,0.9500000000000001,9,15,9.3,186,0.030645161290322687
491,36.0,63.0,38.65,773.0,0.06112548512289784,0,1,0.15,3,0.8500000000000001,9,15,9.6,192,0.05625000000000002
492,36.0,87.0,40.2,804.0,0.09514925373134331,0,1,0.1,2,0.9,9,15,9.6,192,0.05625000000000002
493,36.0,75.0,41.7,834.0,0.11258992805755397,0,1,0.2,4,0.8,9,15,10.2,204,0.09411764705882353
494,36.0,87.0,38.55,771.0,0.06284046692607004,0,1,0.05,1,0.9500000000000001,9,15,9.3,186,0.030645161290322687
495,36.0,81.0,38.75,775.0,0.065483870967742,0,1,0.15,3,0.8500000000000001,9,15,9.3,186,0.030645161290322687
496,36.0,75.0,45.3,906.0,0.14966887417218544,0,1,0.3,6,0.7000000000000001,9,15,10.8,216,0.1166666666666667
497,36.0,81.0,41.8,836.0,0.11961722488038284,0,1,0.2,4,0.8,9,15,9.9,198,0.07727272727272727
498,36.0,84.0,41.7,834.0,0.11870503597122306,0,2,0.2,4,0.875,9,21,10.2,204,0.10294117647058831
499,36.0,81.0,41.45,829.0,0.11164053075995184,0,1,0.25,5,0.75,9,15,9.9,198,0.07727272727272727
500,36.0,36.0,36.0,720.0,0.0,0,0,0.0,0,0.0,9,9,9.0,180,0.0
501,36.0,57.0,37.05,741.0,0.02692307692307705,0,1,0.05,1,0.9500000000000001,9,15,9.3,186,0.030645161290322687
502,36.0,63.0,37.35,747.0,0.03433734939759048,0,1,0.05,1,0.9500000000000001,9,15,9.3,186,0.030645161290322687
503,36.0,69.0,40.35,807.0,0.09237918215613383,0,1,0.15,3,0.8500000000000001,9,15,9.9,198,0.07727272727272727
504,36.0,75.0,42.9,858.0,0.12972027972027977,0,1,0.2,4,0.8,9,15,10.2,204,0.09411764705882353
505,36.0,102.0,40.9,818.0,0.10929095354523233,0,2,0.2,4,0.875,9,21,9.9,198,0.08333333333333337
506,36.0,75.0,38.2,764.0,0.054057591623036694,0,1,0.1,2,0.9,9,15,9.3,186,0.030645161290322687
507,36.0,75.0,39.25,785.0,0.07471337579617843,0,1,0.15,3,0.8500000000000001,9,15,9.6,192,0.05625000000000002
508,36.0,75.0,42.25,845.0,0.12041420118343205,0,1,0.25,5,0.75,9,15,10.2,204,0.09411764705882353
509,36.0,63.0,37.35,747.0,0.03433734939759048,0,1,0.05,1,0.9500000000000001,9,15,9.3,186,0.030645161290322687
510,36.0,99.0,43.05,861.0,0.14407665505226486,0,1,0.15,3,0.8500000000000001,9,15,9.9,198,0.07727272727272727
511,36.0,84.0,45.7,914.0,0.15536105032822767,0,2,0.4,8,0.6875,9,21,11.1,222,0.1391891891891892
512,36.0,75.0,43.25,865.0,0.1265317919075145,0,1,0.35,7,0.65,9,15,10.5,210,0.1071428571428572
513,36.0,90.0,48.7,974.0,0.19168377823408633,0,2,0.5,10,0.71,9,21,11.7,234,0.17307692307692313
514,36.0,75.0,39.25,785.0,0.07471337579617843,0,1,0.15,3,0.8500000000000001,9,15,9.6,192,0.05625000000000002
515,36.0,87.0,43.6,872.0,0.13727064220183494,0,1,0.3,6,0.7000000000000001,9,15,10.5,210,0.1071428571428572
516,36.0,69.0,39.0,780.0,0.06961538461538463,0,1,0.1,2,0.9,9,15,9.6,192,0.05625000000000002
517,36.0,81.0,44.2,884.0,0.14423076923076927,0,1,0.3,6,0.7000000000000001,9,15,10.5,210,0.1071428571428572
518,36.0,75.0,38.2,764.0,0.054057591623036694,0,1,0.1,2,0.9,9,15,9.3,186,0.030645161290322687
519,36.0,75.0,37.95,759.0,0.04881422924901191,0,1,0.05,1,0.9500000000000001,9,15,9.3,186,0.030645161290322687
520,36.0,75.0,40.95,819.0,0.10421245421245429,0,1,0.15,3,0.8500000000000001,9,15,9.9,198,0.07727272727272727
521,36.0,57.0,38.35,767.0,0.05417209908735332,0,1,0.15,3,0.8500000000000001,9,15,9.6,192,0.05625000000000002
522,36.0,75.0,39.8,796.0,0.08417085427135684,0,1,0.2,4,0.8,9,15,9.6,192,0.05625000000000002
523,36.0,69.0,44.05,881.0,0.13172531214528949,0,1,0.35,7,0.65,9,15,10.8,216,0.1166666666666667
524,36.0,41.0,36.25,725.0,0.0065517241379311475,0,1,0.05,1,0.9500000000000001,9,9,9.0,180,0.0
525,36.0,114.0,44.5,890.0,0.16629213483146077,0,2,0.3,6,0.8333333333333334,9,21,10.5,210,0.12428571428571433
526,36.0,57.0,38.1,762.0,0.049606299212598515,0,1,0.1,2,0.9,9,15,9.6,192,0.05625000000000002
527,36.0,87.0,38.55,771.0,0.06284046692607004,0,1,0.05,1,0.9500000000000001,9,15,9.3,186,0.030645161290322687
528,36.0,63.0,37.6,752.0,0.03976063829787235,0,1,0.1,2,0.9,9,15,9.3,186,0.030645161290322687
529,36.0,63.0,40.8,816.0,0.09448529411764706,0,1,0.3,6,0.7000000000000001,9,15,9.9,198,0.07727272727272727
530,36.0,81.0,40.7,814.0,0.10184275184275193,0,1,0.2,4,0.8,9,15,9.6,192,0.05625000000000002
531,36.0,81.0,39.0,780.0,0.06923076923076932,0,1,0.2,4,0.8,9,15,9.3,186,0.030645161290322687
532,36.0,81.0,38.25,765.0,0.055882352941176494,0,1,0.05,1,0.9500000000000001,9,15,9.3,186,0.030645161290322687
533,36.0,87.0,45.75,915.0,0.16508196721311474,0,1,0.25,5,0.75,9,15,10.5,210,0.1071428571428572
534,36.0,75.0,39.55,791.0,0.08059418457648548,0,1,0.15,3,0.8500000000000001,9,15,9.6,192,0.05625000000000002
535,36.0,92.0,42.7,854.0,0.1353629976580797,0,2,0.2,4,0.875,9,15,9.9,198,0.07727272727272727
536,36.0,75.0,42.85,857.0,0.12992998833138858,0,1,0.25,5,0.75,9,15,10.2,204,0.09411764705882353
537,36.0,75.0,42.0,840.0,0.11785714285714288,0,1,0.2,4,0.8,9,15,10.2,204,0.09411764705882353
538,36.0,87.0,40.15,803.0,0.0935865504358655,0,1,0.15,3,0.8500000000000001,9,15,9.6,192,0.05625000000000002
539,36.0,36.0,36.0,720.0,0.0,0,0,0.0,0,0.0,9,9,9.0,180,0.0
540,36.0,81.0,38.75,775.0,0.065483870967742,0,1,0.15,3,0.8500000000000001,9,15,9.3,186,0.030645161290322687
541,36.0,75.0,41.75,835.0,0.11550898203592819,0,1,0.25,5,0.75,9,15,9.9,198,0.07727272727272727
542,36.0,57.0,37.3,746.0,0.03243967828418226,0,1,0.1,2,0.9,9,15,9.3,186,0.030645161290322687
543,36.0,81.0,38.5,770.0,0.061038961038961115,0,1,0.1,2,0.9,9,15,9.3,186,0.030645161290322687
544,36.0,69.0,39.25,785.0,0.07394904458598728,0,1,0.15,3,0.8500000000000001,9,15,9.6,192,0.05625000000000002
545,36.0,63.0,40.0,800.0,0.08450000000000002,0,1,0.2,4,0.8,9,15,9.9,198,0.07727272727272727
546,36.0,74.0,43.9,878.0,0.13815489749430532,0,2,0.3,6,0.7833333333333334,9,15,10.5,210,0.1071428571428572
547,36.0,69.0,38.7,774.0,0.06356589147286829,0,1,0.1,2,0.9,9,15,9.6,192,0.05625000000000002
548,36.0,81.0,43.05,861.0,0.12909407665505235,0,1,0.25,5,0.75,9,15,10.5,210,0.1071428571428572
549,36.0,57.0,37.8,756.0,0.041269841269841345,0,1,0.2,4,0.8,9,15,9.3,186,0.030645161290322687
550,36.0,63.0,38.7,774.0,0.0627906976744187,0,1,0.1,2,0.9,9,15,9.6,192,0.05625000000000002
551,36.0,87.0,42.05,841.0,0.12288941736028547,0,1,0.25,5,0.75,9,15,9.9,198,0.07727272727272727
552,36.0,69.0,40.35,807.0,0.09237918215613383,0,1,0.15,3,0.8500000000000001,9,15,9.9,198,0.07727272727272727
553,36.0,87.0,41.8,836.0,0.12033492822966507,0,1,0.2,4,0.8,9,15,9.9,198,0.07727272727272727
554,36.0,81.0,39.3,786.0,0.07709923664122142,0,1,0.1,2,0.9,9,15,9.6,192,0.05625000000000002
555,36.0,81.0,44.25,885.0,0.1466101694915255,0,1,0.25,5,0.75,9,15,10.5,210,0.1071428571428572
556,36.0,93.0,44.2,884.0,0.1469457013574661,0,1,0.3,6,0.7000000000000001,9,15,10.5,210,0.1071428571428572
557,36.0,81.0,41.85,837.0,0.12025089605734773,0,1,0.15,3,0.8500000000000001,9,15,9.9,198,0.07727272727272727
558,36.0,57.0,37.55,751.0,0.037217043941411454,0,1,0.15,3,0.8500000000000001,9,15,9.3,186,0.030645161290322687
559,36.0,81.0,40.9,818.0,0.10354523227383872,0,1,0.2,4,0.8,9,15,9.9,198,0.07727272727272727
560,36.0,81.0,41.25,825.0,0.11036363636363644,0,1,0.15,3,0.8500000000000001,9,15,9.9,198,0.07727272727272727
561,36.0,41.0,36.25,725.0,0.0065517241379311475,0,1,0.05,1,0.9500000000000001,9,9,9.0,180,0.0
562,36.0,69.0,39.0,780.0,0.06961538461538463,0,1,0.1,2,0.9,9,15,9.6,192,0.05625000000000002
563,36.0,93.0,40.75,815.0,0.10546012269938654,0,1,0.15,3,0.8500000000000001,9,15,9.6,192,0.05625000000000002
564,36.0,75.0,42.8,856.0,0.12605140186915897,0,1,0.3,6,0.7000000000000001,9,15,10.2,204,0.09411764705882353
565,36.0,75.0,40.3,806.0,0.09168734491315145,0,1,0.2,4,0.8,9,15,9.9,198,0.07727272727272727
566,36.0,63.0,38.4,768.0,0.056640625,0,1,0.1,2,0.9,9,15,9.6,192,0.05625000000000002
567,36.0,36.0,36.0,720.0,0.0,0,0,0.0,0,0.0,9,9,9.0,180,0.0
568,36.0,57.0,37.3,746.0,0.03243967828418226,0,1,0.1,2,0.9,9,15,9.3,186,0.030645161290322687
569,36.0,75.0,40.95,819.0,0.10421245421245429,0,1,0.15,3,0.8500000000000001,9,15,9.9,198,0.07727272727272727
570,36.0,81.0,39.3,786.0,0.07709923664122142,0,1,0.1,2,0.9,9,15,9.6,192,0.05625000000000002
571,36.0,57.0,38.1,762.0,0.049606299212598515,0,1,0.1,2,0.9,9,15,9.6,192,0.05625000000000002
572,36.0,75.0,39.85,797.0,0.08638644918444172,0,1,0.15,3,0.8500000000000001,9,15,9.6,192,0.05625000000000002
573,36.0,36.0,36.0,720.0,0.0,0,0,0.0,0,0.0,9,9,9.0,180,0.0
574,36.0,99.0,42.7,854.0,0.13711943793911008,0,1,0.2,4,0.8,9,15,9.9,198,0.07727272727272727
575,36.0,81.0,42.0,840.0,0.11857142857142866,0,1,0.2,4,0.8,9,15,10.2,204,0.09411764705882353
576,36.0,57.0,39.4,788.0,0.07208121827411174,0,1,0.2,4,0.8,9,15,9.9,198,0.07727272727272727
577,36.0,81.0,41.25,825.0,0.11109090909090913,0,1,0.15,3,0.8500000000000001,9,15,9.9,198,0.07727272727272727
578,36.0,87.0,40.95,819.0,0.10641025641025648,0,1,0.15,3,0.8500000000000001,9,15,9.9,198,0.07727272727272727
579,36.0,84.0,38.9,778.0,0.06889460154241644,0,2,0.2,4,0.875,9,21,9.6,192,0.05937500000000007
580,36.0,81.0,42.9,858.0,0.1332167832167832,0,1,0.2,4,0.8,9,15,10.2,204,0.09411764705882353
581,36.0,81.0,42.6,852.0,0.12746478873239442,0,1,0.2,4,0.8,9,15,10.2,204,0.09411764705882353
582,36.0,63.0,39.45,789.0,0.07509505703422059,0,1,0.15,3,0.8500000000000001,9,15,9.9,198,0.07727272727272727
583,36.0,69.0,37.65,753.0,0.041633466135458264,0,1,0.05,1,0.9500000000000001,9,15,9.3,186,0.030645161290322687
584,36.0,96.0,39.0,780.0,0.07307692307692315,0,2,0.1,2,0.9500000000000001,9,21,9.6,192,0.05937500000000007
585,36.0,93.0,40.45,809.0,0.09993819530284309,0,1,0.15,3,0.8500000000000001,9,15,9.6,192,0.05625000000000002
586,36.0,75.0,40.95,819.0,0.10421245421245429,0,1,0.15,3,0.8500000000000001,9,15,9.9,198,0.07727272727272727
587,36.0,75.0,39.5,790.0,0.07835443037974688,0,1,0.2,4,0.8,9,15,9.6,192,0.05625000000000002
588,36.0,63.0,39.75,795.0,0.08094339622641511,0,1,0.15,3,0.8500000000000001,9,15,9.9,198,0.07727272727272727
589,36.0,75.0,40.65,813.0,0.09944649446494469,0,1,0.15,3,0.8500000000000001,9,15,9.9,198,0.07727272727272727
590,36.0,87.0,38.55,771.0,0.06284046692607004,0,1,0.05,1,0.9500000000000001,9,15,9.3,186,0.030645161290322687
591,36.0,75.0,39.25,785.0,0.07471337579617843,0,1,0.15,3,0.8500000000000001,9,15,9.6,192,0.05625000000000002
592,36.0,81.0,38.75,775.0,0.065483870967742,0,1,0.15,3,0.8500000000000001,9,15,9.3,186,0.030645161290322687
593,36.0,57.0,37.3,746.0,0.03243967828418226,0,1,0.1,2,0.9,9,15,9.3,186,0.030645161290322687
594,36.0,36.0,36.0,720.0,0.0,0,0,0.0,0,0.0,9,9,9.0,180,0.0
595,36.0,69.0,40.0,800.0,0.08525000000000005,0,1,0.2,4,0.8,9,15,9.9,198,0.07727272727272727
596,36.0,75.0,41.2,824.0,0.10825242718446604,0,1,0.2,4,0.8,9,15,9.9,198,0.07727272727272727
597,36.0,81.0,40.15,803.0,0.09283935242839358,0,1,0.15,3,0.8500000000000001,9,15,9.6,192,0.05625000000000002
598,36.0,69.0,40.3,806.0,0.09094292803970228,0,1,0.2,4,0.8,9,15,9.9,198,0.07727272727272727
599,36.0,81.0,41.5,830.0,0.1136144578313254,0,1,0.2,4,0.8,9,15,9.9,198,0.07727272727272727
600,36.0,81.0,41.45,829.0,0.11164053075995184,0,1,0.25,5,0.75,9,15,9.9,198,0.07727272727272727
601,36.0,75.0,41.85,837.0,0.11881720430107534,0,1,0.15,3,0.8500000000000001,9,15,9.9,198,0.07727272727272727
602,36.0,81.0,44.85,897.0,0.15535117056856196,0,1,0.25,5,0.75,9,15,10.5,210,0.1071428571428572
603,36.0,87.0,42.4,848.0,0.1299528301886793,0,1,0.2,4,0.8,9,15,9.9,198,0.07727272727272727
604,36.0,81.0,44.25,885.0,0.1466101694915255,0,1,0.25,5,0.75,9,15,10.5,210,0.1071428571428572
605,36.0,75.0,40.3,806.0,0.09168734491315145,0,1,0.2,4,0.8,9,15,9.9,198,0.07727272727272727
606,36.0,69.0,38.7,774.0,0.06356589147286829,0,1,0.1,2,0.9,9,15,9.6,192,0.05625000000000002
607,36.0,63.0,37.35,747.0,0.03433734939759048,0,1,0.05,1,0.9500000000000001,9,15,9.3,186,0.030645161290322687
608,36.0,63.0,37.35,747.0,0.03433734939759048,0,1,0.05,1,0.9500000000000001,9,15,9.3,186,0.030645161290322687
609,36.0,63.0,40.05,801.0,0.08595505617977528,0,1,0.15,3,0.8500000000000001,9,15,9.9,198,0.07727272727272727
610,36.0,69.0,39.3,786.0,0.07557251908396956,0,1,0.1,2,0.9,9,15,9.6,192,0.05625000000000002
611,36.0,69.0,39.2,784.0,0.07168367346938775,0,1,0.2,4,0.8,9,15,9.6,192,0.05625000000000002
612,36.0,69.0,38.7,774.0,0.06356589147286829,0,1,0.1,2,0.9,9,15,9.6,192,0.05625000000000002
613,36.0,57.0,38.35,767.0,0.05417209908735332,0,1,0.15,3,0.8500000000000001,9,15,9.6,192,0.05625000000000002
614,36.0,69.0,42.45,849.0,0.11749116607773857,0,1,0.25,5,0.75,9,15,10.5,210,0.1071428571428572
615,36.0,69.0,40.05,801.0,0.08745318352059928,0,1,0.15,3,0.8500000000000001,9,15,9.9,198,0.07727272727272727
616,36.0,69.0,39.55,791.0,0.07983565107458912,0,1,0.15,3,0.8500000000000001,9,15,9.6,192,0.05625000000000002
617,36.0,75.0,39.85,797.0,0.08638644918444172,0,1,0.15,3,0.8500000000000001,9,15,9.6,192,0.05625000000000002
618,36.0,57.0,38.35,767.0,0.05417209908735332,0,1,0.15,3,0.8500000000000001,9,15,9.6,192,0.05625000000000002
619,36.0,81.0,42.55,851.0,0.1262632197414807,0,1,0.25,5,0.75,9,15,10.2,204,0.09411764705882353
620,36.0,87.0,49.35,987.0,0.189209726443769,0,1,0.35,7,0.65,9,15,11.1,222,0.12297297297297305
621,36.0,93.0,43.2,864.0,0.14027777777777783,0,1,0.2,4,0.8,9,15,10.2,204,0.09411764705882353
622,36.0,41.0,36.25,725.0,0.0065517241379311475,0,1,0.05,1,0.9500000000000001,9,9,9.0,180,0.0
623,36.0,75.0,40.35,807.0,0.09386617100371752,0,1,0.15,3,0.8500000000000001,9,15,9.9,198,0.07727272727272727
624,36.0,75.0,40.3,806.0,0.09168734491315145,0,1,0.2,4,0.8,9,15,9.9,198,0.07727272727272727
625,36.0,69.0,38.95,779.0,0.06797175866495508,0,1,0.15,3,0.8500000000000001,9,15,9.6,192,0.05625000000000002
626,36.0,69.0,37.65,753.0,0.041633466135458264,0,1,0.05,1,0.9500000000000001,9,15,9.3,186,0.030645161290322687
627,36.0,93.0,41.25,825.0,0.11254545454545462,0,1,0.15,3,0.8500000000000001,9,15,9.9,198,0.07727272727272727
628,36.0,36.0,36.0,720.0,0.0,0,0,0.0,0,0.0,9,9,9.0,180,0.0
629,36.0,81.0,40.95,819.0,0.10567765567765575,0,1,0.15,3,0.8500000000000001,9,15,9.9,198,0.07727272727272727
630,36.0,75.0,43.15,863.0,0.13424101969872537,0,1,0.25,5,0.75,9,15,10.2,204,0.09411764705882353
631,36.0,69.0,37.65,753.0,0.041633466135458264,0,1,0.05,1,0.9500000000000001,9,15,9.3,186,0.030645161290322687
632,36.0,81.0,42.3,846.0,0.12375886524822699,0,1,0.2,4,0.8,9,15,10.2,204,0.09411764705882353
633,36.0,75.0,41.25,825.0,0.10963636363636364,0,1,0.15,3,0.8500000000000001,9,15,9.9,198,0.07727272727272727
634,36.0,75.0,43.35,867.0,0.13269896193771635,0,1,0.25,5,0.75,9,15,10.5,210,0.1071428571428572
635,36.0,75.0,37.95,759.0,0.04881422924901191,0,1,0.05,1,0.9500000000000001,9,15,9.3,186,0.030645161290322687
636,36.0,81.0,41.45,829.0,0.11091676718938481,0,1,0.25,5,0.75,9,15,9.9,198,0.07727272727272727
637,36.0,57.0,37.05,741.0,0.02692307692307705,0,1,0.05,1,0.9500000000000001,9,15,9.3,186,0.030645161290322687
638,36.0,87.0,42.35,847.0,0.127331759149941,0,1,0.25,5,0.75,9,15,9.9,198,0.07727272727272727
639,36.0,69.0,37.9,758.0,0.04696569920844329,0,1,0.1,2,0.9,9,15,9.3,186,0.030645161290322687
640,36.0,63.0,37.85,757.0,0.04445178335535016,0,1,0.15,3,0.8500000000000001,9,15,9.3,186,0.030645161290322687
641,36.0,81.0,46.2,924.0,0.16461038961038965,0,1,0.3,6,0.7000000000000001,9,15,10.8,216,0.1166666666666667
642,36.0,69.0,39.75,795.0,0.08169811320754716,0,1,0.15,3,0.8500000000000001,9,15,9.9,198,0.07727272727272727
643,36.0,75.0,40.65,813.0,0.0987084870848709,0,1,0.15,3,0.8500000000000001,9,15,9.9,198,0.07727272727272727
644,36.0,75.0,43.15,863.0,0.13424101969872537,0,1,0.25,5,0.75,9,15,10.2,204,0.09411764705882353
645,36.0,87.0,41.75,835.0,0.11766467065868269,0,1,0.25,5,0.75,9,15,9.9,198,0.07727272727272727
646,36.0,63.0,38.95,779.0,0.06720154043645699,0,1,0.15,3,0.8500000000000001,9,15,9.6,192,0.05625000000000002
647,36.0,92.0,41.8,836.0,0.12141148325358853,0,2,0.2,4,0.875,9,15,9.9,198,0.07727272727272727
648,36.0,69.0,40.6,812.0,0.09655172413793112,0,1,0.2,4,0.8,9,15,9.9,198,0.07727272727272727
649,36.0,90.0,38.7,774.0,0.06627906976744191,0,2,0.1,2,0.9500000000000001,9,21,9.6,192,0.05937500000000007
650,36.0,69.0,41.7,834.0,0.11187050359712236,0,1,0.2,4,0.8,9,15,10.2,204,0.09411764705882353
651,36.0,81.0,40.6,812.0,0.09802955665024637,0,1,0.2,4,0.8,9,15,9.9,198,0.07727272727272727
652,36.0,41.0,36.25,725.0,0.0065517241379311475,0,1,0.05,1,0.9500000000000001,9,9,9.0,180,0.0
653,36.0,90.0,46.75,935.0,0.17855614973262035,0,2,0.35,7,0.7357142857142858,9,21,10.8,216,0.13055555555555565
654,36.0,63.0,39.45,789.0,0.07509505703422059,0,1,0.15,3,0.8500000000000001,9,15,9.9,198,0.07727272727272727
655,36.0,81.0,44.25,885.0,0.1472881355932204,0,1,0.25,5,0.75,9,15,10.5,210,0.1071428571428572
656,36.0,81.0,39.3,786.0,0.07709923664122142,0,1,0.1,2,0.9,9,15,9.6,192,0.05625000000000002
657,36.0,93.0,43.8,876.0,0.14863013698630145,0,1,0.2,4,0.8,9,15,10.2,204,0.09411764705882353
658,36.0,75.0,39.6,792.0,0.08219696969696977,0,1,0.1,2,0.9,9,15,9.6,192,0.05625000000000002
659,36.0,81.0,41.55,831.0,0.11570397111913366,0,1,0.15,3,0.8500000000000001,9,15,9.9,198,0.07727272727272727
660,36.0,81.0,45.1,902.0,0.15698447893569845,0,1,0.3,6,0.7000000000000001,9,15,10.5,210,0.1071428571428572
661,36.0,84.0,43.95,879.0,0.1486348122866895,0,2,0.25,5,0.8300000000000001,9,21,10.5,210,0.11857142857142866
662,36.0,108.0,41.15,823.0,0.11452004860267317,0,2,0.25,5,0.8700000000000001,9,21,9.9,198,0.08333333333333337
663,36.0,126.0,40.75,815.0,0.1101226993865031,0,2,0.15,3,0.9166666666666667,9,21,9.6,192,0.05937500000000007
664,36.0,87.0,44.25,885.0,0.15000000000000002,0,1,0.25,5,0.75,9,15,10.5,210,0.1071428571428572
665,36.0,81.0,44.5,890.0,0.14898876404494388,0,1,0.3,6,0.7000000000000001,9,15,10.5,210,0.1071428571428572
666,36.0,69.0,38.7,774.0,0.06356589147286829,0,1,0.1,2,0.9,9,15,9.6,192,0.05625000000000002
667,36.0,93.0,41.05,821.0,0.11090133982947625,0,1,0.15,3,0.8500000000000001,9,15,9.6,192,0.05625000000000002
668,36.0,75.0,43.9,878.0,0.1380410022779044,0,1,0.3,6,0.7000000000000001,9,15,10.5,210,0.1071428571428572
669,36.0,81.0,39.55,791.0,0.08135271807838185,0,1,0.15,3,0.8500000000000001,9,15,9.6,192,0.05625000000000002
670,36.0,81.0,40.4,808.0,0.09628712871287137,0,1,0.2,4,0.8,9,15,9.6,192,0.05625000000000002
671,36.0,81.0,39.6,792.0,0.0829545454545455,0,1,0.1,2,0.9,9,15,9.6,192,0.05625000000000002
672,36.0,57.0,37.55,751.0,0.037217043941411454,0,1,0.15,3,0.8500000000000001,9,15,9.3,186,0.030645161290322687
673,36.0,126.0,40.75,815.0,0.1101226993865031,0,2,0.15,3,0.9166666666666667,9,21,9.6,192,0.05937500000000007
674,36.0,69.0,40.9,818.0,0.10134474327628362,0,1,0.2,4,0.8,9,15,9.9,198,0.07727272727272727
675,36.0,41.0,36.25,725.0,0.0065517241379311475,0,1,0.05,1,0.9500000000000001,9,9,9.0,180,0.0
676,36.0,87.0,42.7,854.0,0.13360655737704918,0,1,0.2,4,0.8,9,15,9.9,198,0.07727272727272727
677,36.0,87.0,42.3,846.0,0.12517730496453905,0,1,0.2,4,0.8,9,15,10.2,204,0.09411764705882353
678,36.0,57.0,39.4,788.0,0.07208121827411174,0,1,0.2,4,0.8,9,15,9.9,198,0.07727272727272727
679,36.0,81.0,39.3,786.0,0.07709923664122142,0,1,0.1,2,0.9,9,15,9.6,192,0.05625000000000002
680,36.0,81.0,40.9,818.0,0.10354523227383872,0,1,0.2,4,0.8,9,15,9.9,198,0.07727272727272727
681,36.0,81.0,39.55,791.0,0.0819848293299621,0,2,0.15,3,0.9166666666666667,9,15,9.6,192,0.05625000000000002
682,36.0,69.0,38.95,779.0,0.06797175866495508,0,1,0.15,3,0.8500000000000001,9,15,9.6,192,0.05625000000000002
683,36.0,75.0,44.25,885.0,0.1452542372881357,0,1,0.25,5,0.75,9,15,10.5,210,0.1071428571428572
684,36.0,93.0,46.2,924.0,0.16655844155844157,0,1,0.3,6,0.7000000000000001,9,15,10.8,216,0.1166666666666667
685,36.0,87.0,42.45,849.0,0.13197879858657247,0,1,0.15,3,0.8500000000000001,9,15,9.9,198,0.07727272727272727
686,36.0,69.0,38.95,779.0,0.06797175866495508,0,1,0.15,3,0.8500000000000001,9,15,9.6,192,0.05625000000000002
687,36.0,87.0,42.7,854.0,0.13360655737704918,0,1,0.2,4,0.8,9,15,9.9,198,0.07727272727272727
688,36.0,63.0,41.35,827.0,0.10308343409915366,0,1,0.25,5,0.75,9,15,10.2,204,0.09411764705882353
689,36.0,75.0,40.6,812.0,0.09729064039408875,0,1,0.2,4,0.8,9,15,9.9,198,0.07727272727272727
690,36.0,41.0,36.75,735.0,0.0173469387755103,0,1,0.15,3,0.8500000000000001,9,9,9.0,180,0.0
691,36.0,81.0,39.85,797.0,0.08713927227101637,0,1,0.15,3,0.8500000000000001,9,15,9.6,192,0.05625000000000002
692,36.0,36.0,36.0,720.0,0.0,0,0,0.0,0,0.0,9,9,9.0,180,0.0
693,36.0,63.0,38.7,774.0,0.0627906976744187,0,1,0.1,2,0.9,9,15,9.6,192,0.05625000000000002
694,36.0,69.0,40.25,805.0,0.08813664596273296,0,1,0.25,5,0.75,9,15,9.9,198,0.07727272727272727
695,36.0,93.0,46.8,936.0,0.17532051282051286,0,1,0.3,6,0.7000000000000001,9,15,10.8,216,0.1166666666666667
696,36.0,81.0,41.8,836.0,0.11818181818181828,0,1,0.2,4,0.8,9,15,9.9,198,0.07727272727272727
697,36.0,69.0,39.45,789.0,0.07471482889733849,0,1,0.25,5,0.75,9,15,9.6,192,0.05625000000000002
698,36.0,69.0,40.3,806.0,0.09094292803970228,0,1,0.2,4,0.8,9,15,9.9,198,0.07727272727272727
699,36.0,75.0,39.0,780.0,0.07038461538461538,0,1,0.1,2,0.9,9,15,9.6,192,0.05625000000000002
700,36.0,75.0,44.25,885.0,0.14457627118644067,0,1,0.25,5,0.75,9,15,10.5,210,0.1071428571428572
701,36.0,93.0,45.15,903.0,0.162624584717608,0,1,0.25,5,0.75,9,15,10.5,210,0.1071428571428572
702,36.0,69.0,40.55,811.0,0.09377311960542545,0,1,0.25,5,0.75,9,15,9.9,198,0.07727272727272727
703,36.0,81.0,41.5,830.0,0.1136144578313254,0,1,0.2,4,0.8,9,15,9.9,198,0.07727272727272727
704,36.0,75.0,39.3,786.0,0.07633587786259544,0,1,0.1,2,0.9,9,15,9.6,192,0.05625000000000002
705,36.0,75.0,39.6,792.0,0.08219696969696977,0,1,0.1,2,0.9,9,15,9.6,192,0.05625000000000002
706,36.0,75.0,42.55,851.0,0.12555816686251475,0,1,0.25,5,0.75,9,15,10.2,204,0.09411764705882353
707,36.0,75.0,39.3,786.0,0.07633587786259544,0,1,0.1,2,0.9,9,15,9.6,192,0.05625000000000002
708,36.0,81.0,42.85,857.0,0.13063010501750294,0,1,0.25,5,0.75,9,15,10.2,204,0.09411764705882353
709,36.0,41.0,36.25,725.0,0.0065517241379311475,0,1,0.05,1,0.9500000000000001,9,9,9.0,180,0.0
710,36.0,87.0,39.6,792.0,0.08371212121212124,0,1,0.1,2,0.9,9,15,9.6,192,0.05625000000000002
711,36.0,75.0,39.0,780.0,0.07038461538461538,0,1,0.1,2,0.9,9,15,9.6,192,0.05625000000000002
712,36.0,81.0,41.55,831.0,0.11570397111913366,0,1,0.15,3,0.8500000000000001,9,15,9.9,198,0.07727272727272727
713,36.0,75.0,39.85,797.0,0.08638644918444172,0,1,0.15,3,0.8500000000000001,9,15,9.6,192,0.05625000000000002
714,36.0,87.0,42.4,848.0,0.12924528301886795,0,1,0.2,4,0.8,9,15,9.9,198,0.07727272727272727
715,36.0,81.0,43.35,867.0,0.13408304498269896,0,1,0.25,5,0.75,9,15,10.5,210,0.1071428571428572
716,36.0,99.0,44.7,894.0,0.1614093959731544,0,1,0.2,4,0.8,9,15,10.2,204,0.09411764705882353
717,36.0,75.0,40.65,813.0,0.0987084870848709,0,1,0.15,3,0.8500000000000001,9,15,9.9,198,0.07727272727272727
718,36.0,81.0,42.35,847.0,0.12662337662337664,0,1,0.25,5,0.75,9,15,9.9,198,0.07727272727272727
719,36.0,69.0,37.65,753.0,0.041633466135458264,0,1,0.05,1,0.9500000000000001,9,15,9.3,186,0.030645161290322687
720,36.0,75.0,40.95,819.0,0.10421245421245429,0,1,0.15,3,0.8500000000000001,9,15,9.9,198,0.07727272727272727
721,36.0,69.0,41.7,834.0,0.11187050359712236,0,1,0.2,4,0.8,9,15,10.2,204,0.09411764705882353
722,36.0,36.0,36.0,720.0,0.0,0,0,0.0,0,0.0,9,9,9.0,180,0.0
723,36.0,75.0,40.6,812.0,0.09729064039408875,0,1,0.2,4,0.8,9,15,9.9,198,0.07727272727272727
724,36.0,69.0,38.95,779.0,0.06861360718870346,0,2,0.15,3,0.9166666666666667,9,15,9.6,192,0.05625000000000002
725,36.0,93.0,39.6,792.0,0.08257575757575764,0,1,0.2,4,0.8,9,15,9.3,186,0.030645161290322687
726,36.0,69.0,37.65,753.0,0.041633466135458264,0,1,0.05,1,0.9500000000000001,9,15,9.3,186,0.030645161290322687
727,36.0,63.0,41.35,827.0,0.10308343409915366,0,1,0.25,5,0.75,9,15,10.2,204,0.09411764705882353
728,36.0,93.0,39.1,782.0,0.07468030690537086,0,1,0.1,2,0.9,9,15,9.3,186,0.030645161290322687
729,36.0,75.0,39.0,780.0,0.07038461538461538,0,1,0.1,2,0.9,9,15,9.6,192,0.05625000000000002
730,36.0,87.0,40.9,818.0,0.10427872860635701,0,1,0.2,4,0.8,9,15,9.9,198,0.07727272727272727
731,36.0,63.0,37.35,747.0,0.03433734939759048,0,1,0.05,1,0.9500000000000001,9,15,9.3,186,0.030645161290322687
732,36.0,81.0,39.3,786.0,0.07709923664122142,0,1,0.1,2,0.9,9,15,9.6,192,0.05625000000000002
733,36.0,81.0,40.65,813.0,0.10018450184501848,0,1,0.15,3,0.8500000000000001,9,15,9.9,198,0.07727272727272727
734,36.0,75.0,45.25,905.0,0.1474585635359117,0,1,0.35,7,0.65,9,15,10.8,216,0.1166666666666667
735,36.0,57.0,37.05,741.0,0.02692307692307705,0,1,0.05,1,0.9500000000000001,9,15,9.3,186,0.030645161290322687
736,36.0,69.0,39.25,785.0,0.07394904458598728,0,1,0.15,3,0.8500000000000001,9,15,9.6,192,0.05625000000000002
737,36.0,57.0,38.1,762.0,0.049606299212598515,0,1,0.1,2,0.9,9,15,9.6,192,0.05625000000000002
738,36.0,75.0,43.05,861.0,0.12839721254355407,0,1,0.25,5,0.75,9,15,10.5,210,0.1071428571428572
739,36.0,57.0,37.05,741.0,0.02692307692307705,0,1,0.05,1,0.9500000000000001,9,15,9.3,186,0.030645161290322687
740,36.0,93.0,43.15,863.0,0.13841251448435699,0,1,0.25,5,0.75,9,15,10.2,204,0.09411764705882353
741,36.0,69.0,39.25,785.0,0.07394904458598728,0,1,0.15,3,0.8500000000000001,9,15,9.6,192,0.05625000000000002
742,36.0,69.0,39.0,780.0,0.06961538461538463,0,1,0.1,2,0.9,9,15,9.6,192,0.05625000000000002
743,36.0,57.0,37.05,741.0,0.02692307692307705,0,1,0.05,1,0.9500000000000001,9,15,9.3,186,0.030645161290322687
744,36.0,75.0,41.7,834.0,0.11223021582733816,0,1,0.3,6,0.7000000000000001,9,15,9.9,198,0.07727272727272727
745,36.0,87.0,41.85,837.0,0.12096774193548387,0,1,0.15,3,0.8500000000000001,9,15,9.9,198,0.07727272727272727
746,36.0,75.0,38.7,774.0,0.06240310077519384,0,1,0.2,4,0.8,9,15,9.3,186,0.030645161290322687
747,36.0,81.0,40.95,819.0,0.10567765567765575,0,1,0.15,3,0.8500000000000001,9,15,9.9,198,0.07727272727272727
748,36.0,93.0,44.4,888.0,0.15810810810810816,0,1,0.2,4,0.8,9,15,10.2,204,0.09411764705882353
749,36.0,87.0,44.45,889.0,0.14673790776152984,0,1,0.35,7,0.65,9,15,10.5,210,0.1071428571428572
750,36.0,81.0,40.7,814.0,0.10184275184275193,0,1,0.2,4,0.8,9,15,9.6,192,0.05625000000000002
751,36.0,75.0,38.2,764.0,0.054057591623036694,0,1,0.1,2,0.9,9,15,9.3,186,0.030645161290322687
752,36.0,41.0,36.25,725.0,0.0065517241379311475,0,1,0.05,1,0.9500000000000001,9,9,9.0,180,0.0
753,36.0,87.0,45.3,906.0,0.16523178807947025,0,1,0.2,4,0.8,9,15,10.2,204,0.09411764705882353
754,36.0,63.0,40.8,816.0,0.09558823529411764,0,1,0.2,4,0.8,9,15,10.2,204,0.09411764705882353
755,36.0,69.0,41.9,838.0,0.11121718377088308,0,1,0.3,6,0.7000000000000001,9,15,10.2,204,0.09411764705882353
756,36.0,75.0,37.95,759.0,0.04881422924901191,0,1,0.05,1,0.9500000000000001,9,15,9.3,186,0.030645161290322687
757,36.0,57.0,39.4,788.0,0.07208121827411174,0,1,0.2,4,0.8,9,15,9.9,198,0.07727272727272727
758,36.0,36.0,36.0,720.0,0.0,0,0,0.0,0,0.0,9,9,9.0,180,0.0
759,36.0,81.0,43.2,864.0,0.13680555555555562,0,1,0.2,4,0.8,9,15,10.2,204,0.09411764705882353
760,36.0,63.0,37.35,747.0,0.03433734939759048,0,1,0.05,1,0.9500000000000001,9,15,9.3,186,0.030645161290322687
761,36.0,75.0,38.2,764.0,0.054057591623036694,0,1,0.1,2,0.9,9,15,9.3,186,0.030645161290322687
762,36.0,75.0,39.25,785.0,0.07471337579617843,0,1,0.15,3,0.8500000000000001,9,15,9.6,192,0.05625000000000002
763,36.0,81.0,39.6,792.0,0.0829545454545455,0,1,0.1,2,0.9,9,15,9.6,192,0.05625000000000002
764,36.0,63.0,40.05,801.0,0.08595505617977528,0,1,0.15,3,0.8500000000000001,9,15,9.9,198,0.07727272727272727
765,36.0,81.0,45.2,904.0,0.14668141592920358,0,1,0.4,8,0.6000000000000001,9,15,10.8,216,0.1166666666666667
766,36.0,93.0,38.85,777.0,0.06969111969111974,0,1,0.05,1,0.9500000000000001,9,15,9.3,186,0.030645161290322687
767,36.0,75.0,41.5,830.0,0.11289156626506025,0,1,0.2,4,0.8,9,15,9.9,198,0.07727272727272727
768,36.0,63.0,39.2,784.0,0.0709183673469388,0,1,0.2,4,0.8,9,15,9.6,192,0.05625000000000002
769,36.0,87.0,38.55,771.0,0.06284046692607004,0,1,0.05,1,0.9500000000000001,9,15,9.3,186,0.030645161290322687
770,36.0,81.0,40.9,818.0,0.10354523227383872,0,1,0.2,4,0.8,9,15,9.9,198,0.07727272727272727
771,36.0,93.0,44.95,899.0,0.16223581757508343,0,1,0.25,5,0.75,9,15,10.2,204,0.09411764705882353
772,36.0,96.0,39.25,785.0,0.07802547770700641,0,2,0.15,3,0.9166666666666667,9,21,9.6,192,0.05937500000000007
773,36.0,93.0,42.75,855.0,0.13701754385964915,0,1,0.15,3,0.8500000000000001,9,15,9.9,198,0.07727272727272727
774,36.0,69.0,39.25,785.0,0.07394904458598728,0,1,0.15,3,0.8500000000000001,9,15,9.6,192,0.05625000000000002
775,36.0,81.0,45.75,915.0,0.16573770491803286,0,1,0.25,5,0.75,9,15,10.5,210,0.1071428571428572
776,36.0,84.0,42.45,849.0,0.12667844522968197,0,2,0.25,5,0.8300000000000001,9,21,10.5,210,0.11857142857142866
777,36.0,102.0,41.25,825.0,0.11618181818181827,0,2,0.15,3,0.9166666666666667,9,21,9.9,198,0.08333333333333337
778,36.0,81.0,38.25,765.0,0.055882352941176494,0,1,0.05,1,0.9500000000000001,9,15,9.3,186,0.030645161290322687
779,36.0,87.0,44.35,887.0,0.15597519729425036,0,2,0.25,5,0.8300000000000001,9,15,10.2,204,0.09411764705882353
780,36.0,90.0,44.7,894.0,0.15469798657718126,0,2,0.3,6,0.7833333333333334,9,21,10.8,216,0.13055555555555565
781,36.0,75.0,40.65,813.0,0.09944649446494469,0,1,0.15,3,0.8500000000000001,9,15,9.9,198,0.07727272727272727
782,36.0,63.0,37.6,752.0,0.03976063829787235,0,1,0.1,2,0.9,9,15,9.3,186,0.030645161290322687
783,36.0,87.0,41.25,825.0,0.11109090909090913,0,1,0.15,3,0.8500000000000001,9,15,9.9,198,0.07727272727272727
784,36.0,75.0,39.25,785.0,0.07471337579617843,0,1,0.15,3,0.8500000000000001,9,15,9.6,192,0.05625000000000002
785,36.0,41.0,36.25,725.0,0.0065517241379311475,0,1,0.05,1,0.9500000000000001,9,9,9.0,180,0.0
786,36.0,75.0,39.85,797.0,0.08638644918444172,0,1,0.15,3,0.8500000000000001,9,15,9.6,192,0.05625000000000002
787,36.0,57.0,38.1,762.0,0.049606299212598515,0,1,0.1,2,0.9,9,15,9.6,192,0.05625000000000002
788,36.0,81.0,40.65,813.0,0.10092250922509227,0,2,0.25,5,0.8300000000000001,9,15,9.6,192,0.05625000000000002
789,36.0,69.0,44.95,899.0,0.14210233592880983,0,1,0.35,7,0.65,9,15,10.8,216,0.1166666666666667
790,36.0,69.0,42.4,848.0,0.11497641509433965,0,1,0.3,6,0.7000000000000001,9,15,10.5,210,0.1071428571428572
791,36.0,81.0,43.5,870.0,0.14103448275862074,0,1,0.2,4,0.8,9,15,10.2,204,0.09411764705882353
792,36.0,57.0,39.15,783.0,0.0683908045977012,0,1,0.15,3,0.8500000000000001,9,15,9.9,198,0.07727272727272727
793,36.0,81.0,41.55,831.0,0.11570397111913366,0,1,0.15,3,0.8500000000000001,9,15,9.9,198,0.07727272727272727
794,36.0,75.0,42.25,845.0,0.11899408284023671,0,1,0.25,5,0.75,9,15,10.2,204,0.09411764705882353
795,36.0,87.0,45.75,915.0,0.16770491803278698,0,1,0.25,5,0.75,9,15,10.5,210,0.1071428571428572
796,36.0,81.0,40.2,804.0,0.09440298507462686,0,1,0.1,2,0.9,9,15,9.6,192,0.05625000000000002
797,36.0,69.0,39.0,780.0,0.06961538461538463,0,1,0.1,2,0.9,9,15,9.6,192,0.05625000000000002
798,36.0,75.0,40.95,819.0,0.10494505494505502,0,1,0.15,3,0.8500000000000001,9,15,9.9,198,0.07727272727272727
799,36.0,81.0,41.25,825.0,0.11036363636363644,0,1,0.15,3,0.8500000000000001,9,15,9.9,198,0.07727272727272727
800,36.0,63.0,38.4,768.0,0.056640625,0,1,0.1,2,0.9,9,15,9.6,192,0.05625000000000002
801,36.0,63.0,37.35,747.0,0.03433734939759048,0,1,0.05,1,0.9500000000000001,9,15,9.3,186,0.030645161290322687
802,36.0,87.0,40.2,804.0,0.09514925373134331,0,1,0.1,2,0.9,9,15,9.6,192,0.05625000000000002
803,36.0,63.0,38.4,768.0,0.056640625,0,1,0.1,2,0.9,9,15,9.6,192,0.05625000000000002
804,36.0,81.0,42.9,858.0,0.13251748251748252,0,1,0.2,4,0.8,9,15,10.2,204,0.09411764705882353
805,36.0,75.0,40.15,803.0,0.09209215442092156,0,1,0.15,3,0.8500000000000001,9,15,9.6,192,0.05625000000000002
806,36.0,63.0,38.95,779.0,0.06720154043645699,0,1,0.15,3,0.8500000000000001,9,15,9.6,192,0.05625000000000002
807,36.0,90.0,47.1,942.0,0.17929936305732486,0,2,0.4,8,0.75,9,21,11.4,228,0.1578947368421053
808,36.0,36.0,36.0,720.0,0.0,0,0,0.0,0,0.0,9,9,9.0,180,0.0
809,36.0,90.0,47.55,951.0,0.18123028391167195,0,2,0.35,7,0.7357142857142858,9,21,11.1,222,0.1391891891891892
810,36.0,81.0,41.25,825.0,0.11109090909090913,0,1,0.15,3,0.8500000000000001,9,15,9.9,198,0.07727272727272727
811,36.0,96.0,43.05,861.0,0.13885017421602797,0,2,0.25,5,0.8300000000000001,9,21,10.5,210,0.11857142857142866
812,36.0,87.0,40.95,819.0,0.10641025641025648,0,1,0.15,3,0.8500000000000001,9,15,9.9,198,0.07727272727272727
813,36.0,81.0,42.55,851.0,0.12696827262044663,0,1,0.25,5,0.75,9,15,10.2,204,0.09411764705882353
814,36.0,57.0,37.55,751.0,0.037217043941411454,0,1,0.15,3,0.8500000000000001,9,15,9.3,186,0.030645161290322687
815,36.0,81.0,39.85,797.0,0.08713927227101637,0,1,0.15,3,0.8500000000000001,9,15,9.6,192,0.05625000000000002
816,36.0,75.0,41.95,839.0,0.115196662693683,0,1,0.25,5,0.75,9,15,10.2,204,0.09411764705882353
817,36.0,87.0,42.3,846.0,0.12482269503546106,0,1,0.3,6,0.7000000000000001,9,15,9.9,198,0.07727272727272727
818,36.0,87.0,40.9,818.0,0.10427872860635701,0,1,0.2,4,0.8,9,15,9.9,198,0.07727272727272727
819,36.0,69.0,39.0,780.0,0.06961538461538463,0,1,0.1,2,0.9,9,15,9.6,192,0.05625000000000002
820,36.0,63.0,37.35,747.0,0.03433734939759048,0,1,0.05,1,0.9500000000000001,9,15,9.3,186,0.030645161290322687
821,36.0,69.0,38.4,768.0,0.05546875000000007,0,1,0.2,4,0.8,9,15,9.3,186,0.030645161290322687
822,36.0,75.0,43.05,861.0,0.12839721254355407,0,1,0.25,5,0.75,9,15,10.5,210,0.1071428571428572
823,36.0,75.0,42.55,851.0,0.12414806110458287,0,1,0.25,5,0.75,9,15,10.2,204,0.09411764705882353
824,36.0,57.0,39.15,783.0,0.0683908045977012,0,1,0.15,3,0.8500000000000001,9,15,9.9,198,0.07727272727272727
825,36.0,81.0,44.65,893.0,0.1555991041433371,0,1,0.25,5,0.75,9,15,10.2,204,0.09411764705882353
826,36.0,75.0,43.15,863.0,0.13354577056778683,0,1,0.25,5,0.75,9,15,10.2,204,0.09411764705882353
827,36.0,75.0,42.45,849.0,0.11890459363957606,0,1,0.25,5,0.75,9,15,10.5,210,0.1071428571428572
828,36.0,90.0,39.45,789.0,0.07927756653992402,0,2,0.25,5,0.8300000000000001,9,21,9.6,192,0.05937500000000007
829,36.0,81.0,42.6,852.0,0.12746478873239442,0,1,0.2,4,0.8,9,15,10.2,204,0.09411764705882353
830,36.0,81.0,42.55,851.0,0.1262632197414807,0,1,0.25,5,0.75,9,15,10.2,204,0.09411764705882353
831,36.0,75.0,42.25,845.0,0.12041420118343205,0,1,0.25,5,0.75,9,15,10.2,204,0.09411764705882353
832,36.0,81.0,45.75,915.0,0.16573770491803286,0,1,0.25,5,0.75,9,15,10.5,210,0.1071428571428572
833,36.0,81.0,41.5,830.0,0.1136144578313254,0,1,0.2,4,0.8,9,15,9.9,198,0.07727272727272727
834,36.0,81.0,41.5,830.0,0.11433734939759044,0,1,0.2,4,0.8,9,15,9.9,198,0.07727272727272727
835,36.0,63.0,39.7,794.0,0.07871536523929479,0,1,0.2,4,0.8,9,15,9.9,198,0.07727272727272727
836,36.0,93.0,47.05,941.0,0.18443145589798093,0,2,0.35,7,0.7357142857142858,9,21,10.8,216,0.13055555555555565
837,36.0,69.0,39.25,785.0,0.07394904458598728,0,1,0.15,3,0.8500000000000001,9,15,9.6,192,0.05625000000000002
838,36.0,63.0,37.6,752.0,0.03976063829787235,0,1,0.1,2,0.9,9,15,9.3,186,0.030645161290322687
839,36.0,81.0,46.9,938.0,0.16172707889125804,0,1,0.4,8,0.6000000000000001,9,15,11.1,222,0.12297297297297305
840,36.0,75.0,41.5,830.0,0.11216867469879521,0,1,0.2,4,0.8,9,15,9.9,198,0.07727272727272727
841,36.0,63.0,38.4,768.0,0.056640625,0,1,0.1,2,0.9,9,15,9.6,192,0.05625000000000002
842,36.0,81.0,42.9,858.0,0.13181818181818183,0,1,0.2,4,0.8,9,15,10.2,204,0.09411764705882353
843,36.0,69.0,38.95,779.0,0.06797175866495508,0,1,0.15,3,0.8500000000000001,9,15,9.6,192,0.05625000000000002
844,36.0,75.0,42.85,857.0,0.12922987164527422,0,1,0.25,5,0.75,9,15,10.2,204,0.09411764705882353
845,36.0,75.0,42.25,845.0,0.12230769230769234,0,2,0.25,5,0.8300000000000001,9,15,10.2,204,0.09411764705882353
846,36.0,69.0,40.85,817.0,0.09859241126070994,0,1,0.25,5,0.75,9,15,9.9,198,0.07727272727272727
847,36.0,81.0,40.9,818.0,0.10354523227383872,0,1,0.2,4,0.8,9,15,9.9,198,0.07727272727272727
848,36.0,81.0,40.95,819.0,0.10567765567765575,0,1,0.15,3,0.8500000000000001,9,15,9.9,198,0.07727272727272727
849,36.0,69.0,39.3,786.0,0.07557251908396956,0,1,0.1,2,0.9,9,15,9.6,192,0.05625000000000002
850,36.0,75.0,41.2,824.0,0.10752427184466029,0,1,0.2,4,0.8,9,15,9.9,198,0.07727272727272727
851,36.0,75.0,39.85,797.0,0.08638644918444172,0,1,0.15,3,0.8500000000000001,9,15,9.6,192,0.05625000000000002
852,36.0,93.0,38.85,777.0,0.06969111969111974,0,1,0.05,1,0.9500000000000001,9,15,9.3,186,0.030645161290322687
853,36.0,69.0,38.7,774.0,0.06356589147286829,0,1,0.1,2,0.9,9,15,9.6,192,0.05625000000000002
854,36.0,57.0,37.05,741.0,0.02692307692307705,0,1,0.05,1,0.9500000000000001,9,15,9.3,186,0.030645161290322687
855,36.0,57.0,39.65,793.0,0.07509457755359394,0,1,0.25,5,0.75,9,15,9.9,198,0.07727272727272727
856,36.0,99.0,41.1,822.0,0.11313868613138689,0,1,0.1,2,0.9,9,15,9.6,192,0.05625000000000002
857,36.0,75.0,43.0,860.0,0.12523255813953493,0,1,0.3,6,0.7000000000000001,9,15,10.5,210,0.1071428571428572
858,36.0,69.0,38.95,779.0,0.06797175866495508,0,1,0.15,3,0.8500000000000001,9,15,9.6,192,0.05625000000000002
859,36.0,41.0,36.5,730.0,0.012328767123287676,0,1,0.1,2,0.9,9,9,9.0,180,0.0
860,36.0,87.0,43.7,874.0,0.1430205949656751,0,1,0.3,6,0.7000000000000001,9,15,10.2,204,0.09411764705882353
861,36.0,57.0,37.3,746.0,0.03243967828418226,0,1,0.1,2,0.9,9,15,9.3,186,0.030645161290322687
862,36.0,57.0,37.55,751.0,0.037217043941411454,0,1,0.15,3,0.8500000000000001,9,15,9.3,186,0.030645161290322687
863,36.0,62.0,38.35,767.0,0.055475880052151316,0,2,0.15,3,0.9166666666666667,9,15,9.6,192,0.05625000000000002
864,36.0,87.0,46.3,926.0,0.1730021598272139,0,1,0.3,6,0.7000000000000001,9,15,10.5,210,0.1071428571428572
865,36.0,87.0,42.65,853.0,0.13241500586166477,0,1,0.25,5,0.75,9,15,9.9,198,0.07727272727272727
866,36.0,75.0,39.85,797.0,0.08638644918444172,0,1,0.15,3,0.8500000000000001,9,15,9.6,192,0.05625000000000002
867,36.0,69.0,39.75,795.0,0.08169811320754716,0,1,0.15,3,0.8500000000000001,9,15,9.9,198,0.07727272727272727
868,36.0,102.0,43.15,863.0,0.14490150637311705,0,2,0.25,5,0.8300000000000001,9,21,10.2,204,0.10294117647058831
869,36.0,69.0,39.8,796.0,0.08341708542713577,0,1,0.2,4,0.8,9,15,9.6,192,0.05625000000000002
870,36.0,75.0,39.6,792.0,0.08219696969696977,0,1,0.1,2,0.9,9,15,9.6,192,0.05625000000000002
871,36.0,81.0,40.15,803.0,0.09283935242839358,0,1,0.15,3,0.8500000000000001,9,15,9.6,192,0.05625000000000002
872,36.0,75.0,42.3,846.0,0.12234042553191493,0,1,0.2,4,0.8,9,15,10.2,204,0.09411764705882353
873,36.0,75.0,44.55,891.0,0.14730639730639739,0,1,0.25,5,0.75,9,15,10.5,210,0.1071428571428572
874,36.0,63.0,41.1,822.0,0.10036496350364965,0,1,0.2,4,0.8,9,15,10.2,204,0.09411764705882353
875,36.0,75.0,42.0,840.0,0.11785714285714288,0,1,0.2,4,0.8,9,15,10.2,204,0.09411764705882353
876,36.0,75.0,39.5,790.0,0.07835443037974688,0,1,0.2,4,0.8,9,15,9.6,192,0.05625000000000002
877,36.0,96.0,40.65,813.0,0.10461254612546134,0,2,0.15,3,0.9166666666666667,9,21,9.9,198,0.08333333333333337
878,36.0,87.0,43.15,863.0,0.13632676709154123,0,1,0.25,5,0.75,9,15,10.2,204,0.09411764705882353
879,36.0,63.0,37.35,747.0,0.03433734939759048,0,1,0.05,1,0.9500000000000001,9,15,9.3,186,0.030645161290322687
880,36.0,80.0,45.5,910.0,0.15384615384615385,0,2,0.4,8,0.6875,9,15,10.8,216,0.1166666666666667
881,36.0,87.0,43.0,860.0,0.1265116279069768,0,1,0.4,8,0.6000000000000001,9,15,10.2,204,0.09411764705882353
882,36.0,81.0,43.9,878.0,0.1394077448747153,0,1,0.3,6,0.7000000000000001,9,15,10.5,210,0.1071428571428572
883,36.0,99.0,40.2,804.0,0.09664179104477622,0,1,0.1,2,0.9,9,15,9.6,192,0.05625000000000002
884,36.0,36.0,36.0,720.0,0.0,0,0,0.0,0,0.0,9,9,9.0,180,0.0
885,36.0,90.0,46.2,924.0,0.17272727272727273,0,2,0.3,6,0.7833333333333334,9,21,10.8,216,0.13055555555555565
886,36.0,63.0,41.05,821.0,0.09835566382460414,0,1,0.25,5,0.75,9,15,10.2,204,0.09411764705882353
887,36.0,75.0,39.6,792.0,0.08219696969696977,0,1,0.1,2,0.9,9,15,9.6,192,0.05625000000000002
888,36.0,87.0,43.9,878.0,0.14145785876993167,0,1,0.3,6,0.7000000000000001,9,15,10.5,210,0.1071428571428572
889,36.0,69.0,39.75,795.0,0.08056603773584914,0,1,0.25,5,0.75,9,15,9.6,192,0.05625000000000002
890,36.0,81.0,40.15,803.0,0.09283935242839358,0,1,0.15,3,0.8500000000000001,9,15,9.6,192,0.05625000000000002
891,36.0,41.0,36.25,725.0,0.0065517241379311475,0,1,0.05,1,0.9500000000000001,9,9,9.0,180,0.0
892,36.0,87.0,41.55,831.0,0.11714801444043321,0,1,0.15,3,0.8500000000000001,9,15,9.9,198,0.07727272727272727
893,36.0,81.0,42.0,840.0,0.11928571428571433,0,1,0.2,4,0.8,9,15,10.2,204,0.09411764705882353
894,36.0,75.0,37.95,759.0,0.04881422924901191,0,1,0.05,1,0.9500000000000001,9,15,9.3,186,0.030645161290322687
895,36.0,93.0,40.45,809.0,0.09993819530284309,0,1,0.15,3,0.8500000000000001,9,15,9.6,192,0.05625000000000002
896,36.0,57.0,37.55,751.0,0.037217043941411454,0,1,0.15,3,0.8500000000000001,9,15,9.3,186,0.030645161290322687
897,36.0,75.0,39.3,786.0,0.07633587786259544,0,1,0.1,2,0.9,9,15,9.6,192,0.05625000000000002
898,36.0,81.0,39.3,786.0,0.07709923664122142,0,1,0.1,2,0.9,9,15,9.6,192,0.05625000000000002
899,36.0,99.0,40.45,809.0,0.10067985166872684,0,1,0.15,3,0.8500000000000001,9,15,9.6,192,0.05625000000000002
900,36.0,108.0,39.6,792.0,0.08636363636363642,0,2,0.1,2,0.9500000000000001,9,21,9.6,192,0.05937500000000007
901,36.0,81.0,39.9,798.0,0.0887218045112782,0,1,0.1,2,0.9,9,15,9.6,192,0.05625000000000002
902,36.0,75.0,39.0,780.0,0.07038461538461538,0,1,0.1,2,0.9,9,15,9.6,192,0.05625000000000002
903,36.0,69.0,39.75,795.0,0.08169811320754716,0,1,0.15,3,0.8500000000000001,9,15,9.9,198,0.07727272727272727
904,36.0,81.0,41.75,835.0,0.11622754491017973,0,1,0.25,5,0.75,9,15,9.9,198,0.07727272727272727
905,36.0,69.0,39.5,790.0,0.07759493670886075,0,1,0.2,4,0.8,9,15,9.6,192,0.05625000000000002
906,36.0,93.0,44.95,899.0,0.15255839822024475,0,2,0.45,9,0.638888888888889,9,15,10.5,210,0.1071428571428572
907,36.0,74.0,40.05,801.0,0.08882646691635465,0,2,0.25,5,0.8300000000000001,9,15,9.6,192,0.05625000000000002
908,36.0,90.0,40.55,811.0,0.10018495684340323,0,2,0.25,5,0.8300000000000001,9,21,9.9,198,0.08333333333333337
909,36.0,81.0,40.95,819.0,0.10494505494505502,0,1,0.15,3,0.8500000000000001,9,15,9.9,198,0.07727272727272727
910,36.0,41.0,36.25,725.0,0.0065517241379311475,0,1,0.05,1,0.9500000000000001,9,9,9.0,180,0.0
911,36.0,69.0,40.55,811.0,0.09377311960542545,0,1,0.25,5,0.75,9,15,9.9,198,0.07727272727272727
912,36.0,69.0,37.65,753.0,0.041633466135458264,0,1,0.05,1,0.9500000000000001,9,15,9.3,186,0.030645161290322687
913,36.0,75.0,39.3,786.0,0.07633587786259544,0,1,0.1,2,0.9,9,15,9.6,192,0.05625000000000002
914,36.0,90.0,44.7,894.0,0.15503355704697996,0,2,0.4,8,0.6875,9,21,10.5,210,0.11857142857142866
915,36.0,75.0,40.3,806.0,0.09168734491315145,0,1,0.2,4,0.8,9,15,9.9,198,0.07727272727272727
916,36.0,81.0,41.55,831.0,0.11570397111913366,0,1,0.15,3,0.8500000000000001,9,15,9.9,198,0.07727272727272727
917,36.0,75.0,40.9,818.0,0.10281173594132031,0,1,0.2,4,0.8,9,15,9.9,198,0.07727272727272727
918,36.0,150.0,41.95,839.0,0.13414779499404061,0,4,0.25,5,0.93,9,33,10.2,204,0.11176470588235299
919,36.0,87.0,41.0,820.0,0.10804878048780497,0,1,0.2,4,0.8,9,15,9.6,192,0.05625000000000002
920,36.0,63.0,38.9,778.0,0.06491002570694093,0,1,0.2,4,0.8,9,15,9.6,192,0.05625000000000002
921,36.0,108.0,41.5,830.0,0.12072289156626514,0,2,0.2,4,0.875,9,21,9.9,198,0.08333333333333337
922,36.0,87.0,41.5,830.0,0.11433734939759044,0,1,0.2,4,0.8,9,15,9.9,198,0.07727272727272727
923,36.0,63.0,37.85,757.0,0.04445178335535016,0,1,0.15,3,0.8500000000000001,9,15,9.3,186,0.030645161290322687
924,36.0,87.0,42.5,850.0,0.12447058823529411,0,1,0.3,6,0.7000000000000001,9,15,10.2,204,0.09411764705882353
925,36.0,93.0,40.45,809.0,0.09993819530284309,0,1,0.15,3,0.8500000000000001,9,15,9.6,192,0.05625000000000002
926,36.0,41.0,36.5,730.0,0.012328767123287676,0,1,0.1,2,0.9,9,9,9.0,180,0.0
927,36.0,63.0,38.65,773.0,0.06112548512289784,0,1,0.15,3,0.8500000000000001,9,15,9.6,192,0.05625000000000002
928,36.0,36.0,36.0,720.0,0.0,0,0,0.0,0,0.0,9,9,9.0,180,0.0
929,36.0,69.0,39.3,786.0,0.07557251908396956,0,1,0.1,2,0.9,9,15,9.6,192,0.05625000000000002
930,36.0,63.0,38.95,779.0,0.06720154043645699,0,1,0.15,3,0.8500000000000001,9,15,9.6,192,0.05625000000000002
931,36.0,93.0,43.8,876.0,0.1479452054794521,0,1,0.2,4,0.8,9,15,10.2,204,0.09411764705882353
932,36.0,57.0,37.3,746.0,0.03243967828418226,0,1,0.1,2,0.9,9,15,9.3,186,0.030645161290322687
933,36.0,75.0,41.7,834.0,0.11330935251798568,0,1,0.2,4,0.8,9,15,10.2,204,0.09411764705882353
934,36.0,69.0,38.15,763.0,0.051572739187418115,0,1,0.15,3,0.8500000000000001,9,15,9.3,186,0.030645161290322687
935,36.0,87.0,44.35,887.0,0.15225479143179266,0,1,0.25,5,0.75,9,15,10.2,204,0.09411764705882353
936,36.0,87.0,44.2,884.0,0.14490950226244348,0,1,0.3,6,0.7000000000000001,9,15,10.5,210,0.1071428571428572
937,36.0,75.0,39.25,785.0,0.07471337579617843,0,1,0.15,3,0.8500000000000001,9,15,9.6,192,0.05625000000000002
938,36.0,78.0,43.5,870.0,0.13551724137931043,0,2,0.3,6,0.7833333333333334,9,21,10.8,216,0.13055555555555565
939,36.0,75.0,41.65,833.0,0.11062424969988005,0,1,0.25,5,0.75,9,15,10.2,204,0.09411764705882353
940,36.0,57.0,39.65,793.0,0.07509457755359394,0,1,0.25,5,0.75,9,15,9.9,198,0.07727272727272727
941,36.0,75.0,42.6,852.0,0.12746478873239442,0,1,0.2,4,0.8,9,15,10.2,204,0.09411764705882353
942,36.0,63.0,38.7,774.0,0.0627906976744187,0,1,0.1,2,0.9,9,15,9.6,192,0.05625000000000002
943,36.0,36.0,36.0,720.0,0.0,0,0,0.0,0,0.0,9,9,9.0,180,0.0
944,36.0,41.0,36.25,725.0,0.0065517241379311475,0,1,0.05,1,0.9500000000000001,9,9,9.0,180,0.0
945,36.0,114.0,40.15,803.0,0.09757160647571606,0,2,0.15,3,0.9166666666666667,9,21,9.6,192,0.05937500000000007
946,36.0,75.0,39.5,790.0,0.07835443037974688,0,1,0.2,4,0.8,9,15,9.6,192,0.05625000000000002
947,36.0,75.0,40.65,813.0,0.09944649446494469,0,1,0.15,3,0.8500000000000001,9,15,9.9,198,0.07727272727272727
948,36.0,63.0,37.35,747.0,0.03433734939759048,0,1,0.05,1,0.9500000000000001,9,15,9.3,186,0.030645161290322687
949,36.0,75.0,40.65,813.0,0.09944649446494469,0,1,0.15,3,0.8500000000000001,9,15,9.9,198,0.07727272727272727
950,36.0,69.0,39.2,784.0,0.07168367346938775,0,1,0.2,4,0.8,9,15,9.6,192,0.05625000000000002
951,36.0,69.0,39.0,780.0,0.06961538461538463,0,1,0.1,2,0.9,9,15,9.6,192,0.05625000000000002
952,36.0,57.0,38.1,762.0,0.049606299212598515,0,1,0.1,2,0.9,9,15,9.6,192,0.05625000000000002
953,36.0,81.0,44.55,891.0,0.14932659932659942,0,1,0.25,5,0.75,9,15,10.5,210,0.1071428571428572
954,36.0,87.0,39.6,792.0,0.08371212121212124,0,1,0.1,2,0.9,9,15,9.6,192,0.05625000000000002
955,36.0,69.0,41.65,833.0,0.10774309723889564,0,1,0.25,5,0.75,9,15,10.2,204,0.09411764705882353
956,36.0,63.0,38.7,774.0,0.0627906976744187,0,1,0.1,2,0.9,9,15,9.6,192,0.05625000000000002
957,36.0,75.0,39.9,798.0,0.08796992481203014,0,1,0.1,2,0.9,9,15,9.6,192,0.05625000000000002
958,36.0,69.0,41.4,828.0,0.10724637681159421,0,1,0.2,4,0.8,9,15,10.2,204,0.09411764705882353
959,36.0,57.0,37.3,746.0,0.03243967828418226,0,1,0.1,2,0.9,9,15,9.3,186,0.030645161290322687
960,36.0,62.0,38.35,767.0,0.055475880052151316,0,2,0.15,3,0.9166666666666667,9,15,9.6,192,0.05625000000000002
961,36.0,69.0,37.9,758.0,0.04696569920844329,0,1,0.1,2,0.9,9,15,9.3,186,0.030645161290322687
962,36.0,69.0,38.95,779.0,0.06797175866495508,0,1,0.15,3,0.8500000000000001,9,15,9.6,192,0.05625000000000002
963,36.0,75.0,43.6,872.0,0.13520642201834865,0,1,0.3,6,0.7000000000000001,9,15,10.5,210,0.1071428571428572
964,36.0,87.0,40.4,808.0,0.09702970297029712,0,1,0.2,4,0.8,9,15,9.6,192,0.05625000000000002
965,36.0,81.0,39.55,791.0,0.08135271807838185,0,1,0.15,3,0.8500000000000001,9,15,9.6,192,0.05625000000000002
966,36.0,81.0,42.3,846.0,0.12375886524822699,0,1,0.2,4,0.8,9,15,10.2,204,0.09411764705882353
967,36.0,69.0,39.25,785.0,0.07394904458598728,0,1,0.15,3,0.8500000000000001,9,15,9.6,192,0.05625000000000002
968,36.0,69.0,40.05,801.0,0.08745318352059928,0,1,0.15,3,0.8500000000000001,9,15,9.9,198,0.07727272727272727
969,36.0,57.0,37.3,746.0,0.03243967828418226,0,1,0.1,2,0.9,9,15,9.3,186,0.030645161290322687
970,36.0,75.0,39.25,785.0,0.07471337579617843,0,1,0.15,3,0.8500000000000001,9,15,9.6,192,0.05625000000000002
971,36.0,69.0,38.95,779.0,0.06797175866495508,0,1,0.15,3,0.8500000000000001,9,15,9.6,192,0.05625000000000002
972,36.0,41.0,36.5,730.0,0.012328767123287676,0,1,0.1,2,0.9,9,9,9.0,180,0.0
973,36.0,84.0,41.1,822.0,0.10875912408759125,0,2,0.2,4,0.875,9,21,10.2,204,0.10294117647058831
974,36.0,75.0,37.95,759.0,0.04881422924901191,0,1,0.05,1,0.9500000000000001,9,15,9.3,186,0.030645161290322687
975,36.0,69.0,43.0,860.0,0.12313953488372098,0,1,0.3,6,0.7000000000000001,9,15,10.5,210,0.1071428571428572
976,36.0,75.0,40.4,808.0,0.09554455445544563,0,1,0.2,4,0.8,9,15,9.6,192,0.05625000000000002
977,36.0,75.0,39.25,785.0,0.07471337579617843,0,1,0.15,3,0.8500000000000001,9,15,9.6,192,0.05625000000000002
978,36.0,80.0,42.25,845.0,0.12278106508875741,0,2,0.25,5,0.8300000000000001,9,15,10.2,204,0.09411764705882353
979,36.0,69.0,39.0,780.0,0.06961538461538463,0,1,0.1,2,0.9,9,15,9.6,192,0.05625000000000002
980,36.0,63.0,37.6,752.0,0.03976063829787235,0,1,0.1,2,0.9,9,15,9.3,186,0.030645161290322687
981,36.0,63.0,37.6,752.0,0.03976063829787235,0,1,0.1,2,0.9,9,15,9.3,186,0.030645161290322687
982,36.0,75.0,44.1,882.0,0.13605442176870752,0,1,0.3,6,0.7000000000000001,9,15,10.8,216,0.1166666666666667
983,36.0,87.0,44.5,890.0,0.15595505617977534,0,2,0.3,6,0.7833333333333334,9,21,10.5,210,0.11857142857142866
984,36.0,102.0,48.15,963.0,0.18769470404984423,0,2,0.35,7,0.7357142857142858,9,21,11.1,222,0.1391891891891892
985,36.0,75.0,41.4,828.0,0.1079710144927537,0,1,0.2,4,0.8,9,15,10.2,204,0.09411764705882353
986,36.0,87.0,40.5,810.0,0.1007407407407408,0,1,0.1,2,0.9,9,15,9.6,192,0.05625000000000002
987,36.0,69.0,39.25,785.0,0.07394904458598728,0,1,0.15,3,0.8500000000000001,9,15,9.6,192,0.05625000000000002
988,36.0,99.0,45.55,911.0,0.17261251372118558,0,1,0.25,5,0.75,9,15,10.2,204,0.09411764705882353
989,36.0,41.0,36.25,725.0,0.0065517241379311475,0,1,0.05,1,0.9500000000000001,9,9,9.0,180,0.0
990,36.0,69.0,39.25,785.0,0.07394904458598728,0,1,0.15,3,0.8500000000000001,9,15,9.6,192,0.05625000000000002
991,36.0,69.0,38.7,774.0,0.06356589147286829,0,1,0.1,2,0.9,9,15,9.6,192,0.05625000000000002
992,36.0,81.0,41.25,825.0,0.11109090909090913,0,1,0.15,3,0.8500000000000001,9,15,9.9,198,0.07727272727272727
993,36.0,81.0,44.05,881.0,0.1475028376844495,0,1,0.25,5,0.75,9,15,10.2,204,0.09411764705882353
994,36.0,69.0,37.65,753.0,0.041633466135458264,0,1,0.05,1,0.9500000000000001,9,15,9.3,186,0.030645161290322687
995,36.0,87.0,45.05,901.0,0.15477247502774705,0,1,0.35,7,0.65,9,15,10.5,210,0.1071428571428572
996,36.0,69.0,39.55,791.0,0.07983565107458912,0,1,0.15,3,0.8500000000000001,9,15,9.6,192,0.05625000000000002
997,36.0,81.0,42.3,846.0,0.12446808510638308,0,1,0.2,4,0.8,9,15,10.2,204,0.09411764705882353
998,36.0,75.0,40.3,806.0,0.09168734491315145,0,1,0.2,4,0.8,9,15,9.9,198,0.07727272727272727
999,36.0,81.0,42.15,843.0,0.12473309608540928,0,1,0.15,3,0.8500000000000001,9,15,9.9,198,0.07727272727272727
1000,36.0,81.0,43.4,868.0,0.13744239631336408,0,1,0.3,6,0.7000000000000001,9,15,10.2,204,0.09411764705882353
