,day,agent_id,berries,berries_consumed,berries_thrown,health,days_left_to_live,total_days,num_norms,count
0,1.0,0.0,0.06806806806806807,0.0,0.0,0.7000000000000001,7.408408408408408,15.408408408408409,1.0,999
1,1.0,1.0,0.06906906906906907,0.0,0.0,0.7000000000000001,7.414414414414415,15.414414414414415,1.0,999
2,1.0,2.0,0.026026026026026026,0.0,0.0,0.7000000000000001,7.156156156156156,15.156156156156156,1.0,999
3,1.0,3.0,0.01901901901901902,0.0,0.0,0.7000000000000001,7.114114114114114,15.114114114114114,1.0,999
4,2.0,0.0,0.195,0.015,0.068,0.6091000000000001,7.261000000000001,22.596,1.28,1000
5,2.0,1.0,0.24,0.146,0.001,0.6877000000000001,8.317,23.448,1.27,1000
6,2.0,2.0,0.079,0.006,0.02,0.6037,6.511000000000001,21.66,1.316,1000
7,2.0,3.0,0.09,0.009,0.005,0.6055000000000001,6.595000000000001,21.696,1.334,1000
8,3.0,0.0,0.28,0.081,0.237,0.5487000000000002,7.167000000000001,29.637,1.829,1000
9,3.0,1.0,0.244,0.614,0.008,0.8685000000000002,10.149,32.943,1.8,1000
10,3.0,2.0,0.125,0.031,0.081,0.5187000000000002,5.937000000000001,27.579,1.849,1000
11,3.0,3.0,0.144,0.011,0.07,0.5067000000000002,5.931000000000001,27.627,1.882,1000
12,4.0,0.0,0.474,0.1,0.241,0.46010000000000006,7.445,37.082,2.81,1000
13,4.0,1.0,0.214,0.862,0.008,0.9173000000000001,10.457,43.382,2.59,1000
14,4.0,2.0,0.229,0.078,0.081,0.4469000000000001,5.843000000000001,33.422,2.846,1000
15,4.0,3.0,0.271,0.02,0.07,0.4121000000000001,5.747000000000001,33.374,2.876,1000
16,5.0,0.0,0.648,0.116,0.243,0.3697000000000001,7.585000000000001,44.667,3.421,1000
17,5.0,1.0,0.177,1.07,0.008,0.9421,10.483,53.859,3.042,1000
18,5.0,2.0,0.239,0.203,0.081,0.4219000000000001,5.6530000000000005,39.075,3.431,1000
19,5.0,3.0,0.352,0.079,0.07,0.3475000000000001,5.587000000000001,38.955,3.485,1000
20,6.0,0.0,0.714,0.171,0.248,0.3027000000000001,7.311000000000002,51.966,3.939,1000
21,6.0,1.0,0.194,1.251,0.008,0.9507000000000001,10.671,64.518,3.268,1000
22,6.0,2.0,0.23,0.329,0.081,0.39750000000000013,5.355000000000001,44.43,3.887,1000
23,6.0,3.0,0.406,0.133,0.073,0.2799000000000001,5.235000000000002,44.19,3.982,1000
24,7.0,0.0,0.694,0.31,0.25,0.2861000000000001,7.025000000000002,58.985,4.32,1000
25,7.0,1.0,0.187,1.446,0.009,0.9676999999999999,10.799,75.305,3.438,1000
26,7.0,2.0,0.17,0.491,0.083,0.3947000000000001,4.9670000000000005,49.391,4.144,1000
27,7.0,3.0,0.438,0.211,0.074,0.2267000000000001,4.895000000000001,49.085,4.236,1000
28,8.0,0.0,0.549,0.53,0.259,0.31810000000000016,6.4750000000000005,65.448,4.754,1000
29,8.0,1.0,0.203,1.646,0.011,0.9876999999999999,11.094999999999999,86.334,3.6,1000
30,8.0,2.0,0.112,0.653,0.086,0.39190000000000014,4.591000000000002,53.982,4.422,1000
31,8.0,3.0,0.328,0.414,0.082,0.24850000000000014,4.453000000000002,53.538,4.663,1000
32,9.0,0.0,0.444,0.727,0.269,0.3736000000000001,6.086000000000001,71.515,5.476,1000
33,9.0,1.0,0.186,1.874,0.011,1.0271,11.376999999999999,97.639,4.178,1000
34,9.0,2.0,0.103,0.748,0.097,0.37890000000000007,4.362000000000001,58.338,5.015,1000
35,9.0,3.0,0.252,0.572,0.095,0.2864000000000001,4.176000000000001,57.714,5.219,1000
36,10.0,0.0,0.24401913875598086,1.2503987240829346,0.2982456140350877,0.5503987240829348,6.968102073365233,83.32854864433811,6.54066985645933,627
37,10.0,1.0,0.18993839835728954,2.102669404517454,0.01026694045174538,1.0617043121149896,11.756673511293632,110.97741273100615,4.90041067761807,974
38,10.0,2.0,0.13714285714285715,1.1257142857142857,0.07142857142857142,0.4755714285714287,5.57857142857143,72.63714285714286,5.967142857142857,700
39,10.0,3.0,0.1616871704745167,1.0193321616871704,0.08084358523725835,0.4117750439367312,5.087873462214413,71.73462214411248,6.4007029876977155,569
40,11.0,0.0,0.3572567783094099,1.3492822966507176,0.2982456140350877,0.5097288676236046,7.2408293460925055,90.5598086124402,6.9393939393939394,627
41,11.0,1.0,0.21868583162217659,2.2874743326488707,0.011293634496919919,1.0725872689938396,12.037987679671456,123.01540041067761,5.251540041067762,974
42,11.0,2.0,0.15142857142857144,1.2328571428571429,0.07142857142857142,0.439857142857143,5.307142857142859,77.94428571428571,6.331428571428572,700
43,11.0,3.0,0.23198594024604569,1.07908611599297,0.08084358523725835,0.34762741652021106,4.868189806678385,76.60281195079087,6.701230228471002,569
44,12.0,0.0,0.4178628389154705,1.4896331738437,0.3014354066985646,0.4939393939393941,7.4465709728867635,98.00637958532695,7.2727272727272725,627
45,12.0,1.0,0.20123203285420946,2.4979466119096507,0.013347022587268994,1.098870636550308,12.196098562628334,135.2053388090349,5.550308008213553,974
46,12.0,2.0,0.16285714285714287,1.3642857142857143,0.07142857142857142,0.4187142857142858,5.1642857142857155,83.10857142857142,6.6085714285714285,700
47,12.0,3.0,0.335676625659051,1.124780316344464,0.08084358523725835,0.27504393673110733,4.76449912126538,81.36731107205624,6.942003514938489,569
48,13.0,0.0,0.3652312599681021,1.69377990430622,0.30303030303030304,0.516427432216906,7.355661881977673,105.35247208931419,7.548644338118022,627
49,13.0,1.0,0.19507186858316222,2.684804928131417,0.017453798767967144,1.1109856262833675,12.280287474332647,147.48562628336757,5.747433264887063,974
50,13.0,2.0,0.18714285714285714,1.487142857142857,0.07142857142857142,0.39242857142857157,5.047142857142858,88.15571428571428,6.797142857142857,700
51,13.0,3.0,0.38312829525483305,1.233743409490334,0.08084358523725835,0.24042179261862934,4.702987697715292,86.07029876977153,7.1230228471001755,569
52,14.0,0.0,0.3588516746411483,1.8468899521531101,0.3078149920255183,0.50829346092504,7.23604465709729,112.58851674641149,7.760765550239235,627
53,14.0,1.0,0.2032854209445585,2.8706365503080082,0.017453798767967144,1.122484599589322,12.444558521560571,159.91786447638603,5.916837782340862,974
54,14.0,2.0,0.18428571428571427,1.6057142857142856,0.07428571428571429,0.3635714285714287,4.741428571428574,92.89714285714285,7.022857142857143,700
55,14.0,3.0,0.35676625659050965,1.3848857644991213,0.08084358523725835,0.23110720562390177,4.451669595782075,90.5219683655536,7.3743409490333915,569
56,15.0,0.0,0.3269537480063796,2.0223285486443383,0.3078149920255183,0.5411483253588517,7.215311004784689,119.80382775119617,8.264752791068581,627
57,15.0,1.0,0.2166324435318275,3.0677618069815193,0.019507186858316223,1.1438398357289525,12.723819301848046,172.62320328542094,6.356262833675565,974
58,15.0,2.0,0.15428571428571428,1.717142857142857,0.07571428571428572,0.3680000000000001,4.5114285714285725,97.4,7.542857142857143,700
59,15.0,3.0,0.3145869947275923,1.555360281195079,0.0913884007029877,0.27803163444639734,4.455184534270651,94.97715289982425,7.833040421792619,569
60,16.0,0.0,0.28634361233480177,2.548458149779736,0.2973568281938326,0.7295154185022027,9.011013215859032,139.43171806167402,8.916299559471366,454
61,16.0,1.0,0.1896186440677966,3.3379237288135593,0.023305084745762712,1.2028601694915249,13.16631355932203,188.83686440677965,6.884533898305085,944
62,16.0,2.0,0.15560640732265446,2.192219679633867,0.07551487414187644,0.5157894736842107,6.0892448512585835,116.13272311212815,8.276887871853546,437
63,16.0,3.0,0.26666666666666666,2.0126984126984127,0.09206349206349207,0.4079365079365081,5.679365079365081,109.98730158730159,8.698412698412698,315
64,17.0,0.0,0.33995584988962474,2.684326710816777,0.30022075055187636,0.7105960264900663,9.14569536423841,148.65562913907286,9.222958057395143,453
65,17.0,1.0,0.19385593220338984,3.527542372881356,0.024364406779661018,1.2166313559322028,13.329449152542368,202.15995762711864,7.1684322033898304,944
66,17.0,2.0,0.2018348623853211,2.293577981651376,0.07568807339449542,0.47614678899082585,5.972477064220185,122.22935779816514,8.529816513761467,436
67,17.0,3.0,0.39365079365079364,2.0317460317460316,0.09206349206349207,0.3193650793650796,5.555555555555558,115.54285714285714,8.914285714285715,315
68,18.0,0.0,0.3818984547461369,2.834437086092715,0.30242825607064017,0.7006622516556292,9.298013245033113,157.95364238410596,9.44150110375276,453
69,18.0,1.0,0.21822033898305085,3.7161016949152543,0.025423728813559324,1.229766949152542,13.606991525423723,215.76694915254237,7.393008474576271,944
70,18.0,2.0,0.22706422018348624,2.4243119266055047,0.07568807339449542,0.4545871559633029,5.908256880733947,128.13761467889907,8.71788990825688,436
71,18.0,3.0,0.526984126984127,2.085714285714286,0.09206349206349207,0.25174603174603194,5.679365079365081,121.22222222222223,9.123809523809523,315
72,19.0,0.0,0.3554083885209713,3.0242825607064017,0.31125827814569534,0.7145695364238411,9.278145695364238,167.2185430463576,9.655629139072847,453
73,19.0,1.0,0.1875,3.9216101694915255,0.029661016949152543,1.2530720338983048,13.655720338983045,229.40995762711864,7.575211864406779,944
74,19.0,2.0,0.21559633027522937,2.5779816513761467,0.07568807339449542,0.44678899082568824,5.761467889908259,133.89908256880733,8.889908256880734,436
75,19.0,3.0,0.49206349206349204,2.2444444444444445,0.09523809523809523,0.2469841269841272,5.422222222222224,126.64444444444445,9.361904761904762,315
76,20.0,0.0,0.36644591611479027,3.1876379690949226,0.31567328918322296,0.7125827814569536,9.324503311258278,176.50331125827816,9.834437086092715,453
77,20.0,1.0,0.2097457627118644,4.096398305084746,0.036016949152542374,1.2579449152542368,13.837923728813553,243.2478813559322,7.698093220338983,944
78,20.0,2.0,0.23853211009174313,2.688073394495413,0.07568807339449542,0.4128440366972479,5.5596330275229375,139.45871559633028,9.06651376146789,436
79,20.0,3.0,0.44761904761904764,2.3936507936507936,0.09841269841269841,0.23650793650793678,5.050793650793653,131.6952380952381,9.603174603174603,315
80,21.0,0.0,0.27876106194690264,3.4292035398230087,0.32079646017699115,0.7714601769911504,9.327433628318584,185.6769911504425,10.25,452
81,21.0,1.0,0.19936373276776245,4.305408271474019,0.04029692470837752,1.2863202545068921,14.046659597030745,257.3616118769883,7.998939554612938,943
82,21.0,2.0,0.2160919540229885,2.820689655172414,0.08275862068965517,0.42298850574712654,5.432183908045978,144.82528735632184,9.535632183908046,435
83,21.0,3.0,0.410828025477707,2.531847133757962,0.09872611464968153,0.26687898089171985,4.878980891719746,136.21019108280254,9.949044585987261,314
84,22.0,0.0,0.32390745501285345,3.7917737789203083,0.32904884318766064,0.875064267352185,10.694087403598973,206.69151670951157,10.688946015424165,389
85,22.0,1.0,0.18797814207650274,4.563934426229508,0.04480874316939891,1.3384699453551905,14.512568306010921,276.2021857923497,8.302732240437159,915
86,22.0,2.0,0.1456953642384106,3.281456953642384,0.08609271523178808,0.5688741721854306,6.56291390728477,163.13245033112582,10.006622516556291,302
87,22.0,3.0,0.38181818181818183,3.0242424242424244,0.07878787878787878,0.415757575757576,6.442424242424245,153.37575757575758,10.72121212121212,165
88,23.0,0.0,0.3213367609254499,3.966580976863753,0.32904884318766064,0.8799485861182518,10.727506426735216,217.40359897172237,10.922879177377892,389
89,23.0,1.0,0.22950819672131148,4.747540983606557,0.04590163934426229,1.34863387978142,14.863387978142068,291.0655737704918,8.495081967213114,915
90,23.0,2.0,0.19205298013245034,3.3741721854304636,0.08609271523178808,0.5245033112582783,6.397350993377485,169.52980132450332,10.195364238410596,302
91,23.0,3.0,0.4634146341463415,3.0609756097560976,0.07926829268292683,0.33658536585365884,6.146341463414637,159.84146341463415,10.878048780487806,164
92,24.0,0.0,0.3676092544987147,4.125964010282776,0.32904884318766064,0.8755784061696658,10.961439588688943,228.30334190231363,11.082262210796916,389
93,24.0,1.0,0.18579234972677597,4.960655737704918,0.05136612021857923,1.3765027322404364,14.879781420765019,305.94535519125685,8.669945355191256,915
94,24.0,2.0,0.2152317880794702,3.4768211920529803,0.08609271523178808,0.4860927152317882,6.152317880794704,175.68211920529802,10.321192052980132,302
95,24.0,3.0,0.524390243902439,3.097560975609756,0.07926829268292683,0.2585365853658539,5.731707317073173,165.5731707317073,10.987804878048781,164
96,25.0,0.0,0.4498714652956298,4.259640102827763,0.32904884318766064,0.8557840616966579,11.257069408740358,239.54498714652956,11.254498714652957,389
97,25.0,1.0,0.20327868852459016,5.13551912568306,0.05245901639344262,1.3814207650273216,15.033879781420755,320.9792349726776,8.779234972677596,915
98,25.0,2.0,0.22847682119205298,3.589403973509934,0.08609271523178808,0.45364238410596047,5.907284768211922,181.58940397350995,10.440397350993377,302
99,25.0,3.0,0.5548780487804879,3.2195121951219514,0.07926829268292683,0.231707317073171,5.646341463414637,171.21951219512195,11.115853658536585,164
100,26.0,0.0,0.4652956298200514,4.434447300771208,0.33676092544987146,0.8606683804627249,11.398457583547556,250.88174807197944,11.437017994858612,389
101,26.0,1.0,0.18907103825136612,5.32896174863388,0.05792349726775956,1.3974863387978134,15.10928961748633,336.08196721311475,8.883060109289618,915
102,26.0,2.0,0.271523178807947,3.69205298013245,0.08609271523178808,0.4152317880794704,5.781456953642386,187.3708609271523,10.559602649006623,302
103,26.0,3.0,0.5121951219512195,3.3841463414634148,0.07926829268292683,0.2304878048780491,5.378048780487807,176.59756097560975,11.292682926829269,164
104,27.0,0.0,0.3298429319371728,4.7565445026178015,0.3193717277486911,0.9657068062827223,11.594240837696333,261.5523560209424,11.772251308900524,382
105,27.0,1.0,0.20659340659340658,5.521978021978022,0.06373626373626373,1.4147252747252739,15.376923076923067,352.02967032967035,9.083516483516483,910
106,27.0,2.0,0.23920265780730898,3.8372093023255816,0.08637873754152824,0.43455149501661133,5.674418604651164,192.9202657807309,10.906976744186046,301
107,27.0,3.0,0.48148148148148145,3.537037037037037,0.08024691358024691,0.26975308641975326,5.290123456790125,180.14197530864197,11.518518518518519,162
108,28.0,0.0,0.3590504451038576,5.142433234421365,0.2878338278931751,1.0854599406528187,13.008902077151333,287.5548961424332,12.077151335311573,337
109,28.0,1.0,0.19509476031215162,5.756967670011148,0.06577480490523968,1.4542920847268663,15.713489409141573,370.23634336677816,9.304347826086957,897
110,28.0,2.0,0.20588235294117646,4.328431372549019,0.06862745098039216,0.5970588235294119,7.2058823529411775,218.2058823529412,11.235294117647058,204
111,28.0,3.0,0.4117647058823529,4.023529411764706,0.03529411764705882,0.4141176470588238,6.611764705882355,195.03529411764706,12.141176470588235,85
112,29.0,0.0,0.3916913946587537,5.287833827893175,0.2878338278931751,1.0727002967359047,13.07715133531157,300.59643916913944,12.305637982195845,337
113,29.0,1.0,0.1939799331103679,5.94314381270903,0.0713489409141583,1.4659977703455953,15.82385730211816,386.0602006688963,9.471571906354516,897
114,29.0,2.0,0.21568627450980393,4.446078431372549,0.06862745098039216,0.5676470588235295,6.970588235294119,225.1764705882353,11.387254901960784,204
115,29.0,3.0,0.47058823529411764,4.047058823529412,0.03529411764705882,0.3282352941176474,6.1058823529411805,201.14117647058825,12.329411764705883,85
116,30.0,0.0,0.456973293768546,5.436201780415431,0.2878338278931751,1.061721068249258,13.359050445103854,313.93768545994067,12.459940652818991,337
117,30.0,1.0,0.19843924191750278,6.127090301003345,0.07469342251950947,1.476365663322184,15.954292084726855,402.0144927536232,9.597547380156076,897
118,30.0,2.0,0.22058823529411764,4.563725490196078,0.06862745098039216,0.5382352941176471,6.7058823529411775,231.88235294117646,11.446078431372548,204
119,30.0,3.0,0.5882352941176471,4.070588235294117,0.03529411764705882,0.2423529411764709,5.952941176470592,207.09411764705882,12.376470588235295,85
120,31.0,0.0,0.4421364985163205,5.635014836795253,0.2878338278931751,1.081008902077151,13.46290801186943,327.34718100890206,12.632047477744807,337
121,31.0,1.0,0.21181716833890746,6.3132664437012265,0.08249721293199554,1.4880713489409132,16.151616499442575,418.16610925306577,9.684503901895207,897
122,31.0,2.0,0.24019607843137256,4.6568627450980395,0.06862745098039216,0.49411764705882366,6.382352941176472,238.26470588235293,11.544117647058824,204
123,31.0,3.0,0.6,4.2,0.03529411764705882,0.22000000000000033,5.800000000000003,212.89411764705883,12.470588235294118,85
124,32.0,0.0,0.4896142433234421,5.813056379821958,0.2878338278931751,1.0878338278931747,13.816023738872397,341.12759643916917,12.780415430267063,337
125,32.0,1.0,0.1850613154960981,6.517279821627648,0.08807134894091416,1.5104793756967658,16.215161649944246,434.38127090301003,9.743589743589743,897
126,32.0,2.0,0.2647058823529412,4.759803921568627,0.06862745098039216,0.4558823529411766,6.147058823529413,244.41176470588235,11.661764705882353,204
127,32.0,3.0,0.5294117647058824,4.352941176470588,0.047058823529411764,0.21176470588235333,5.294117647058827,218.18823529411765,12.670588235294117,85
128,33.0,0.0,0.3562874251497006,6.116766467065868,0.2874251497005988,1.1775449101796402,13.871257485029934,355.40419161676647,13.059880239520957,334
129,33.0,1.0,0.20697412823397077,6.716535433070866,0.09673790776152981,1.5309336332958368,16.547806524184463,452.30033745781776,9.92013498312711,889
130,33.0,2.0,0.3112244897959184,4.877551020408164,0.07653061224489796,0.45969387755102037,6.336734693877551,247.8673469387755,11.959183673469388,196
131,33.0,3.0,0.5058823529411764,4.5058823529411764,0.047058823529411764,0.2541176470588237,5.294117647058826,223.48235294117646,12.941176470588236,85
132,34.0,0.0,0.36893203883495146,6.436893203883495,0.29449838187702265,1.2621359223300965,14.834951456310673,382.80582524271847,13.362459546925566,309
133,34.0,1.0,0.19750283768444948,6.9398410896708285,0.10442678774120318,1.5640181611804755,16.82519863791145,471.1929625425653,10.069239500567537,881
134,34.0,2.0,0.1984732824427481,5.442748091603053,0.08396946564885496,0.6656488549618321,7.847328244274809,279.3206106870229,12.083969465648854,131
135,34.0,3.0,0.47619047619047616,5.023809523809524,0.07142857142857142,0.4142857142857147,7.000000000000003,252.28571428571428,13.761904761904763,42
136,35.0,0.0,0.42718446601941745,6.588996763754046,0.29449838187702265,1.2533980582524267,15.09708737864077,397.88349514563106,13.563106796116505,309
137,35.0,1.0,0.2043132803632236,7.135073779795687,0.10556186152099886,1.5811577752553903,17.037457434733245,488.23041997729854,10.190692395005675,881
138,35.0,2.0,0.20610687022900764,5.526717557251908,0.08396946564885496,0.6160305343511451,7.396946564885496,286.7175572519084,12.213740458015268,131
139,35.0,3.0,0.7380952380952381,5.023809523809524,0.07142857142857142,0.31428571428571467,7.571428571428576,259.85714285714283,13.80952380952381,42
140,36.0,0.0,0.44660194174757284,6.744336569579288,0.29449838187702265,1.2466019417475722,15.145631067961157,413.00970873786406,13.760517799352751,309
141,36.0,1.0,0.2122587968217934,7.332576617480136,0.10669693530079455,1.59965947786606,17.270147559591358,505.5005675368899,10.300794551645858,881
142,36.0,2.0,0.2595419847328244,5.6106870229007635,0.08396946564885496,0.566412213740458,7.221374045801527,293.9389312977099,12.312977099236642,131
143,36.0,3.0,0.7380952380952381,5.071428571428571,0.07142857142857142,0.24285714285714322,6.857142857142861,266.7142857142857,13.928571428571429,42
144,37.0,0.0,0.47572815533980584,6.906148867313916,0.29449838187702265,1.2436893203883488,15.291262135922322,428.22330097087377,13.889967637540453,309
145,37.0,1.0,0.18274687854710556,7.5334846765039725,0.11350737797956867,1.6202043132803619,17.298524404086248,522.7990919409762,10.370034052213393,881
146,37.0,2.0,0.3053435114503817,5.732824427480916,0.08396946564885496,0.5396946564885496,7.229007633587786,301.1679389312977,12.389312977099237,131
147,37.0,3.0,0.7380952380952381,5.190476190476191,0.07142857142857142,0.21428571428571466,6.571428571428576,273.2857142857143,14.0,42
148,38.0,0.0,0.5145631067961165,7.093851132686084,0.30097087378640774,1.2563106796116497,15.650485436893195,443.7378640776699,14.019417475728156,309
149,38.0,1.0,0.2133938706015891,7.704880817253121,0.12485811577752554,1.6230419977298507,17.510783200908044,540.3098751418843,10.42905788876277,881
150,38.0,2.0,0.31297709923664124,5.900763358778626,0.08396946564885496,0.5404580152671755,7.282442748091603,308.4503816793893,12.488549618320612,131
151,38.0,3.0,0.6666666666666666,5.309523809523809,0.07142857142857142,0.18571428571428614,5.85714285714286,279.14285714285717,14.119047619047619,42
152,39.0,0.0,0.41118421052631576,7.391447368421052,0.3059210526315789,1.3434210526315782,15.888157894736834,461.26973684210526,14.256578947368421,304
153,39.0,1.0,0.19632606199770378,7.939150401836969,0.13203214695752008,1.664867967853041,17.819747416762326,560.0551090700344,10.535017221584386,871
154,39.0,2.0,0.3384615384615385,6.061538461538461,0.08461538461538462,0.5607692307692307,7.538461538461537,315.89230769230767,12.8,130
155,39.0,3.0,0.6666666666666666,5.428571428571429,0.07142857142857142,0.21428571428571447,5.738095238095241,284.8809523809524,14.285714285714286,42
156,40.0,0.0,0.4568345323741007,7.780575539568345,0.2805755395683453,1.4683453237410062,17.424460431654666,498.9064748201439,14.467625899280575,278
157,40.0,1.0,0.19651162790697674,8.16046511627907,0.14186046511627906,1.6963953488372077,18.143023255813933,582.1348837209302,10.64186046511628,860
158,40.0,2.0,0.21212121212121213,6.5353535353535355,0.0707070707070707,0.7212121212121211,8.484848484848483,345.3939393939394,12.8989898989899,99
159,40.0,3.0,0.6666666666666666,6.0,0.05555555555555555,0.4000000000000004,8.000000000000004,321.6666666666667,14.055555555555555,18
160,41.0,0.0,0.5611510791366906,7.920863309352518,0.2805755395683453,1.4525179856115098,17.892086330935243,516.7553956834532,14.651079136690647,278
161,41.0,1.0,0.20232558139534884,8.353488372093024,0.14418604651162792,1.7122093023255796,18.336046511627888,600.4709302325581,10.734883720930233,860
162,41.0,2.0,0.24242424242424243,6.636363636363637,0.0707070707070707,0.6818181818181817,8.27272727272727,353.6666666666667,13.01010101010101,99
163,41.0,3.0,0.8888888888888888,6.0,0.05555555555555555,0.3000000000000005,8.333333333333337,330.0,14.11111111111111,18
164,42.0,0.0,0.5323741007194245,8.115107913669064,0.2805755395683453,1.4690647482014378,17.884892086330925,534.6187050359712,14.83093525179856,278
165,42.0,1.0,0.20232558139534884,8.551162790697674,0.14767441860465116,1.7308139534883702,18.522093023255795,618.9930232558139,10.85,860
166,42.0,2.0,0.2727272727272727,6.767676767676767,0.0707070707070707,0.6606060606060604,8.24242424242424,361.90909090909093,13.121212121212121,99
167,42.0,3.0,0.8888888888888888,6.055555555555555,0.05555555555555555,0.23333333333333373,7.666666666666671,337.6666666666667,14.222222222222221,18
168,43.0,0.0,0.5503597122302158,8.276978417266188,0.2805755395683453,1.466187050359711,17.964028776978406,552.5611510791367,14.93525179856115,278
169,43.0,1.0,0.1930232558139535,8.75,0.1511627906976744,1.7501162790697655,18.659302325581375,637.6523255813953,10.91046511627907,860
170,43.0,2.0,0.31313131313131315,6.909090909090909,0.0707070707070707,0.6454545454545453,8.33333333333333,370.24242424242425,13.222222222222221,99
171,43.0,3.0,0.7222222222222222,6.277777777777778,0.05555555555555555,0.2666666666666671,7.000000000000004,344.6666666666667,14.222222222222221,18
172,44.0,0.0,0.5863309352517986,8.467625899280575,0.2841726618705036,1.4805755395683442,18.323741007194233,570.841726618705,15.053956834532373,278
173,44.0,1.0,0.22325581395348837,8.93720930232558,0.15813953488372093,1.7624418604651142,18.963953488372074,656.6093023255814,10.944186046511629,860
174,44.0,2.0,0.25252525252525254,7.090909090909091,0.0707070707070707,0.6545454545454543,8.060606060606059,378.3030303030303,13.383838383838384,99
175,44.0,3.0,0.8333333333333334,6.388888888888889,0.05555555555555555,0.23333333333333378,7.333333333333338,352.0,14.333333333333334,18
176,45.0,0.0,0.4833948339483395,8.833948339483396,0.2952029520295203,1.603690036900368,18.926199261992608,593.0885608856089,15.261992619926199,271
177,45.0,1.0,0.18213866039952997,9.17978848413631,0.172737955346651,1.8085781433607502,19.17508813160985,678.0329024676851,11.015276145710928,851
178,45.0,2.0,0.20618556701030927,7.247422680412371,0.07216494845360824,0.6649484536082472,7.81443298969072,385.9381443298969,13.639175257731958,97
179,45.0,3.0,0.7222222222222222,6.555555555555555,0.05555555555555555,0.27777777777777807,6.777777777777781,358.77777777777777,14.444444444444445,18
180,46.0,0.0,0.5076335877862596,9.129770992366412,0.2900763358778626,1.677862595419846,19.824427480916018,623.4732824427481,15.473282442748092,262
181,46.0,1.0,0.1773049645390071,9.373522458628841,0.17848699763593381,1.8242316784869954,19.306146572103998,699.661938534279,11.063829787234043,846
182,46.0,2.0,0.1728395061728395,7.580246913580247,0.06172839506172839,0.7481481481481478,8.518518518518515,413.2962962962963,13.753086419753087,81
183,46.0,3.0,0.7,7.0,0.0,0.40000000000000047,8.200000000000005,400.8,13.7,10
184,47.0,0.0,0.5419847328244275,9.301526717557252,0.2900763358778626,1.68091603053435,20.06106870229006,643.5114503816794,15.732824427480915,262
185,47.0,1.0,0.2127659574468085,9.547281323877069,0.18085106382978725,1.8284869976359317,19.561465721040168,719.2234042553191,11.132387706855791,846
186,47.0,2.0,0.25925925925925924,7.666666666666667,0.06172839506172839,0.6999999999999997,8.555555555555552,421.85185185185185,13.802469135802468,81
187,47.0,3.0,1.0,7.0,0.0,0.30000000000000054,9.000000000000004,409.8,13.7,10
188,48.0,0.0,0.5801526717557252,9.454198473282442,0.2900763358778626,1.6725190839694644,20.206106870228993,663.6717557251908,15.885496183206106,262
189,48.0,1.0,0.2186761229314421,9.75531914893617,0.18557919621749408,1.8533096926713926,19.84515366430258,739.0685579196218,11.22340425531915,846
190,48.0,2.0,0.16049382716049382,7.839506172839506,0.06172839506172839,0.7037037037037034,7.999999999999996,429.85185185185185,13.88888888888889,81
191,48.0,3.0,0.8,7.2,0.0,0.32000000000000045,8.000000000000004,417.8,13.7,10
192,49.0,0.0,0.5572519083969466,9.625954198473282,0.2900763358778626,1.675572519083968,20.09923664122136,683.7480916030535,15.99618320610687,262
193,49.0,1.0,0.1879432624113475,9.97163120567376,0.1879432624113475,1.8830969267139457,19.958628841607542,759.0271867612294,11.264775413711584,846
194,49.0,2.0,0.2345679012345679,7.91358024691358,0.06172839506172839,0.6481481481481478,7.888888888888885,437.74074074074076,14.012345679012345,81
195,49.0,3.0,0.8,7.4,0.0,0.34000000000000047,8.200000000000006,426.0,13.8,10
196,50.0,0.0,0.583969465648855,9.80916030534351,0.29389312977099236,1.6854961832061055,20.358778625954184,703.9923664122138,16.087786259541986,262
197,50.0,1.0,0.2186761229314421,10.153664302600474,0.1950354609929078,1.892316784869974,20.23522458628839,779.2553191489362,11.286052009456265,846
198,50.0,2.0,0.32098765432098764,8.049382716049383,0.06172839506172839,0.6296296296296293,8.222222222222218,445.962962962963,14.123456790123457,81
199,50.0,3.0,0.6,7.7,0.0,0.42000000000000054,7.800000000000004,433.8,13.9,10
200,51.0,0.0,0.5708661417322834,10.161417322834646,0.2992125984251969,1.799606299212597,21.40944881889762,729.1732283464567,16.30708661417323,254
201,51.0,1.0,0.20500595947556616,10.393325387365913,0.20143027413587605,1.9363528009535138,20.59356376638853,802.2562574493445,11.33253873659118,839
202,51.0,2.0,0.15384615384615385,8.307692307692308,0.0641025641025641,0.7025641025641022,7.923076923076919,453.15384615384613,14.294871794871796,78
203,51.0,3.0,0.5,7.9,0.0,0.4600000000000005,7.400000000000004,441.2,14.0,10
204,52.0,0.0,0.4817813765182186,10.497975708502024,0.291497975708502,1.898785425101213,21.878542510121438,761.5627530364372,16.526315789473685,247
205,52.0,1.0,0.2019115890083632,10.604540023894863,0.20430107526881722,1.962843488649938,20.839904420549555,824.0884109916368,11.393070489844684,837
206,52.0,2.0,0.265625,8.640625,0.078125,0.7843749999999995,9.437499999999995,490.78125,14.234375,64
207,52.0,3.0,0.75,8.125,0.0,0.47500000000000053,9.250000000000005,462.75,14.25,8
208,53.0,0.0,0.5344129554655871,10.631578947368421,0.291497975708502,1.878947368421051,21.99595141700403,783.5101214574898,16.68016194331984,247
209,53.0,1.0,0.18399044205495818,10.801672640382318,0.20908004778972522,1.9811230585424109,20.915173237753855,845.0035842293906,11.481481481481481,837
210,53.0,2.0,0.203125,8.796875,0.078125,0.7781249999999995,8.999999999999995,499.78125,14.3125,64
211,53.0,3.0,0.75,8.125,0.0,0.37500000000000056,8.250000000000005,471.0,14.25,8
212,54.0,0.0,0.5991902834008097,10.765182186234817,0.291497975708502,1.859109311740889,22.186234817813748,805.6963562753036,16.789473684210527,247
213,54.0,1.0,0.19474313022700118,10.985663082437275,0.20908004778972522,1.9915173237753856,21.083632019115864,866.0872162485066,11.578255675029869,837
214,54.0,2.0,0.265625,8.890625,0.078125,0.7343749999999994,8.937499999999995,508.71875,14.390625,64
215,54.0,3.0,1.125,8.125,0.0,0.2750000000000006,9.500000000000005,480.5,14.25,8
216,55.0,0.0,0.582995951417004,10.951417004048583,0.291497975708502,1.870850202429148,22.206477732793505,827.82995951417,16.898785425101213,247
217,55.0,1.0,0.19952210274790919,11.176821983273596,0.2126642771804062,2.006212664277178,21.259259259259235,887.3464755077658,11.61409796893668,837
218,55.0,2.0,0.203125,9.046875,0.078125,0.7281249999999995,8.499999999999995,517.21875,14.5,64
219,55.0,3.0,1.0,8.5,0.0,0.4000000000000005,10.000000000000005,490.5,14.375,8
220,56.0,0.0,0.5991902834008097,11.117408906882591,0.29554655870445345,1.8704453441295528,22.299595141700387,850.1052631578947,16.983805668016196,247
221,56.0,1.0,0.1971326164874552,11.373954599761051,0.2162485065710872,2.0244922341696507,21.42771804062124,908.7670250896057,11.6415770609319,837
222,56.0,2.0,0.234375,9.125,0.078125,0.6749999999999996,8.156249999999995,525.375,14.53125,64
223,56.0,3.0,0.75,8.75,0.0,0.4500000000000005,9.000000000000004,499.5,14.5,8
224,57.0,0.0,0.5655737704918032,11.389344262295081,0.29918032786885246,1.9372950819672112,22.758196721311457,876.5532786885246,17.139344262295083,244
225,57.0,1.0,0.20868516284680338,11.600723763570567,0.21109770808202655,2.0605548854040987,21.857659831121808,933.9227985524728,11.691194209891435,829
226,57.0,2.0,0.2033898305084746,9.271186440677965,0.0847457627118644,0.6745762711864401,7.966101694915248,528.6440677966102,14.745762711864407,59
227,57.0,3.0,1.0,8.75,0.0,0.38750000000000034,9.750000000000004,509.25,14.5,8
228,58.0,0.0,0.5787234042553191,11.727659574468085,0.28085106382978725,2.036595744680849,23.838297872340405,917.8340425531915,17.272340425531915,235
229,58.0,1.0,0.2195416164053076,11.804583835946923,0.21592279855247287,2.0828709288299128,22.14595898673097,956.0687575392038,11.743063932448733,829
230,58.0,2.0,0.21153846153846154,9.557692307692308,0.07692307692307693,0.734615384615384,8.61538461538461,561.1153846153846,14.711538461538462,52
231,58.0,3.0,1.0,9.4,0.0,0.6400000000000006,12.400000000000006,605.4,14.4,5
232,59.0,0.0,0.6212765957446809,11.902127659574468,0.28085106382978725,2.041276595744679,24.140425531914875,941.9489361702127,17.395744680851063,235
233,59.0,1.0,0.20989143546441497,12.021712907117008,0.21712907117008443,2.113148371531963,22.39083232810612,978.45958986731,11.82388419782871,829
234,59.0,2.0,0.28846153846153844,9.634615384615385,0.07692307692307693,0.6807692307692302,8.538461538461531,569.6538461538462,14.807692307692308,52
235,59.0,3.0,1.2,9.4,0.0,0.5400000000000006,12.600000000000005,618.0,14.4,5
236,60.0,0.0,0.6042553191489362,12.059574468085106,0.28085106382978725,2.035744680851062,23.982978723404237,965.9063829787234,17.463829787234044,235
237,60.0,1.0,0.18697225572979492,12.230398069963812,0.218335343787696,2.1383594692400454,22.505428226779223,1000.9650180940893,11.916767189384801,829
238,60.0,2.0,0.28846153846153844,9.788461538461538,0.07692307692307693,0.6730769230769224,8.461538461538455,578.1153846153846,14.865384615384615,52
239,60.0,3.0,1.0,9.6,0.0,0.5600000000000006,11.600000000000005,629.6,14.4,5
240,61.0,0.0,0.676595744680851,12.187234042553191,0.2851063829787234,2.012340425531913,24.182978723404233,990.063829787234,17.54468085106383,235
241,61.0,1.0,0.20265379975874548,12.416164053075995,0.22074788902291917,2.1498190591073554,22.714113389626025,1023.6718938480096,11.940892641737033,829
242,61.0,2.0,0.17307692307692307,9.961538461538462,0.07692307692307693,0.6769230769230763,7.807692307692301,585.9230769230769,15.0,52
243,61.0,3.0,1.0,9.8,0.0,0.5800000000000006,11.800000000000006,641.4,14.4,5
244,62.0,0.0,0.6595744680851063,12.37872340425532,0.2851063829787234,2.0272340425531894,24.22978723404253,1014.2936170212766,17.651063829787233,235
245,62.0,1.0,0.20024125452352232,12.616405307599518,0.22195416164053075,2.169963811821469,22.90108564535582,1046.5729794933654,11.962605548854041,829
246,62.0,2.0,0.36538461538461536,10.01923076923077,0.07692307692307693,0.6115384615384609,8.307692307692301,594.2307692307693,15.115384615384615,52
247,62.0,3.0,1.2,10.0,0.0,0.6000000000000005,13.200000000000006,654.6,14.4,5
248,63.0,0.0,0.6147186147186147,12.670995670995671,0.29004329004329005,2.1038961038961017,24.727272727272705,1043.2597402597403,17.835497835497836,231
249,63.0,1.0,0.20802919708029197,12.83941605839416,0.22627737226277372,2.2038929440389263,23.28588807785885,1072.9136253041363,11.990267639902676,822
250,63.0,2.0,0.30612244897959184,10.326530612244898,0.08163265306122448,0.7122448979591829,8.89795918367346,606.0204081632653,15.183673469387756,49
251,63.0,3.0,1.2,10.0,0.0,0.5400000000000003,12.200000000000005,666.8,14.8,5
252,64.0,0.0,0.618421052631579,12.921052631578947,0.2807017543859649,2.152631578947366,25.236842105263133,1076.657894736842,17.964912280701753,228
253,64.0,1.0,0.18392204628501826,13.045066991473812,0.23142509135200975,2.227161997563943,23.375152253349544,1096.979293544458,12.021924482338612,821
254,64.0,2.0,0.17073170731707318,10.78048780487805,0.04878048780487805,0.8682926829268283,9.707317073170723,649.3170731707318,14.975609756097562,41
255,64.0,3.0,1.0,10.666666666666666,0.0,0.8000000000000004,14.000000000000005,738.0,14.666666666666666,3
256,65.0,0.0,0.6359649122807017,13.070175438596491,0.2850877192982456,2.1421052631578923,25.236842105263133,1101.8947368421052,18.07894736842105,228
257,65.0,1.0,0.19244823386114496,13.228989037758831,0.23142509135200975,2.2375152253349544,23.529841656516414,1120.5091352009745,12.071863580998782,821
258,65.0,2.0,0.3170731707317073,10.853658536585366,0.04878048780487805,0.8121951219512186,10.02439024390243,659.3414634146342,15.024390243902438,41
259,65.0,3.0,1.0,10.666666666666666,0.0,0.7000000000000003,13.000000000000002,751.0,14.666666666666666,3
260,66.0,0.0,0.6842105263157895,13.219298245614034,0.2850877192982456,2.131578947368419,25.421052631578924,1127.3157894736842,18.11842105263158,228
261,66.0,1.0,0.2143727161997564,13.421437271619975,0.23142509135200975,2.2529841656516414,23.816077953714952,1144.3252131546894,12.133982947624848,821
262,66.0,2.0,0.17073170731707318,11.073170731707316,0.04878048780487805,0.8439024390243892,9.463414634146332,668.8048780487804,15.146341463414634,41
263,66.0,3.0,1.3333333333333333,10.666666666666666,0.0,0.6000000000000003,14.000000000000002,765.0,14.666666666666666,3
264,67.0,0.0,0.631578947368421,13.394736842105264,0.2850877192982456,2.1368421052631557,25.15789473684208,1152.4736842105262,18.18859649122807,228
265,67.0,1.0,0.19732034104750304,13.635809987819732,0.23142509135200975,2.281607795371495,23.999999999999968,1168.3252131546894,12.15225334957369,821
266,67.0,2.0,0.17073170731707318,11.170731707317072,0.04878048780487805,0.802439024390243,9.04878048780487,677.8536585365854,15.24390243902439,41
267,67.0,3.0,0.6666666666666666,11.333333333333334,0.0,0.9000000000000004,13.000000000000005,778.0,14.666666666666666,3
268,68.0,0.0,0.6228070175438597,13.557017543859649,0.2850877192982456,2.134210526315787,25.07894736842103,1177.5526315789473,18.236842105263158,228
269,68.0,1.0,0.18879415347137637,13.831912302070645,0.23264311814859928,2.299269183922043,24.12545676004869,1192.4506699147382,12.157125456760049,821
270,68.0,2.0,0.1951219512195122,11.268292682926829,0.04878048780487805,0.7609756097560967,8.780487804878039,686.6341463414634,15.268292682926829,41
271,68.0,3.0,0.6666666666666666,11.333333333333334,0.0,0.8000000000000003,12.000000000000002,790.0,14.666666666666666,3
272,69.0,0.0,0.6053811659192825,13.834080717488789,0.2825112107623318,2.2022421524663653,25.65022421524661,1212.3856502242152,18.30493273542601,223
273,69.0,1.0,0.22783251231527094,14.060344827586206,0.23029556650246305,2.3363300492610803,24.730295566502427,1222.6169950738915,12.151477832512315,812
274,69.0,2.0,0.23684210526315788,11.447368421052632,0.05263157894736842,0.7789473684210516,9.184210526315779,703.2894736842105,15.289473684210526,38
275,69.0,3.0,0.6666666666666666,11.333333333333334,0.0,0.7000000000000003,11.000000000000002,801.0,14.666666666666666,3
276,70.0,0.0,0.6027397260273972,14.127853881278538,0.2785388127853881,2.2767123287671205,26.383561643835588,1251.7671232876712,18.410958904109588,219
277,70.0,1.0,0.18842364532019704,14.28448275862069,0.23399014778325122,2.37081280788177,24.83866995073888,1247.4556650246304,12.185960591133005,812
278,70.0,2.0,0.23529411764705882,11.705882352941176,0.058823529411764705,0.8235294117647047,9.6470588235294,735.8823529411765,15.588235294117647,34
279,70.0,3.0,1.0,11.333333333333334,0.0,0.6000000000000003,12.000000000000002,813.0,14.666666666666666,3
280,71.0,0.0,0.6118721461187214,14.32420091324201,0.2831050228310502,2.294520547945203,26.616438356164355,1278.3835616438357,18.49771689497717,219
281,71.0,1.0,0.18226600985221675,14.47167487684729,0.23645320197044334,2.3831280788177307,24.924876847290605,1272.3731527093596,12.236453201970443,812
282,71.0,2.0,0.23529411764705882,11.823529411764707,0.058823529411764705,0.7941176470588224,9.352941176470576,745.2352941176471,15.647058823529411,34
283,71.0,3.0,1.3333333333333333,11.333333333333334,0.0,0.5000000000000003,13.000000000000002,826.0,14.666666666666666,3
284,72.0,0.0,0.6210045662100456,14.488584474885844,0.2831050228310502,2.293150684931504,26.657534246575313,1305.013698630137,18.557077625570777,219
285,72.0,1.0,0.22660098522167488,14.651477832512315,0.23891625615763548,2.3910098522167456,25.269704433497502,1297.642857142857,12.291871921182265,812
286,72.0,2.0,0.29411764705882354,11.941176470588236,0.058823529411764705,0.76470588235294,9.41176470588234,754.6470588235294,15.735294117647058,34
287,72.0,3.0,1.0,11.666666666666666,0.0,0.6000000000000003,12.000000000000002,838.0,15.333333333333334,3
288,73.0,0.0,0.6255707762557078,14.63013698630137,0.2922374429223744,2.278082191780819,26.534246575342436,1331.5479452054794,18.60730593607306,219
289,73.0,1.0,0.18226600985221675,14.879310344827585,0.24014778325123154,2.427709359605908,25.370689655172377,1323.006157635468,12.304187192118226,812
290,73.0,2.0,0.2647058823529412,12.117647058823529,0.058823529411764705,0.7705882352941165,9.294117647058812,763.9411764705883,15.794117647058824,34
291,73.0,3.0,1.0,11.666666666666666,0.0,0.5000000000000003,11.000000000000005,849.0,15.333333333333334,3
292,74.0,0.0,0.680365296803653,14.80365296803653,0.2968036529680365,2.282191780821915,26.904109589041067,1358.4520547945206,18.67579908675799,219
293,74.0,1.0,0.21428571428571427,15.061576354679802,0.24014778325123154,2.4370689655172377,25.656403940886662,1348.655172413793,12.31527093596059,812
294,74.0,2.0,0.3235294117647059,12.176470588235293,0.058823529411764705,0.7058823529411754,8.999999999999988,772.9411764705883,15.882352941176471,34
295,74.0,3.0,1.3333333333333333,11.666666666666666,0.0,0.40000000000000036,12.000000000000002,861.0,15.333333333333334,3
296,75.0,0.0,0.568075117370892,15.150234741784038,0.30985915492957744,2.39107981220657,27.31924882629105,1397.1643192488264,18.718309859154928,213
297,75.0,1.0,0.18781094527363185,15.314676616915422,0.236318407960199,2.488930348258703,26.01616915422882,1380.0385572139303,12.32587064676617,804
298,75.0,2.0,0.2,12.5,0.06666666666666667,0.8133333333333321,9.299999999999986,784.9,16.133333333333333,30
299,75.0,3.0,1.0,12.0,0.0,0.5333333333333332,11.0,872.0,15.666666666666666,3
300,76.0,0.0,0.5829383886255924,15.303317535545023,0.3127962085308057,2.3819905213270114,27.317535545023667,1431.7535545023698,18.81516587677725,211
301,76.0,1.0,0.2064676616915423,15.502487562189055,0.236318407960199,2.501616915422882,26.254975124378074,1406.2935323383085,12.342039800995025,804
302,76.0,2.0,0.3076923076923077,12.846153846153847,0.038461538461538464,0.9076923076923062,10.923076923076907,830.7692307692307,15.961538461538462,26
303,76.0,3.0,1.0,12.5,0.0,0.7,12.999999999999996,957.0,15.0,2
304,77.0,0.0,0.6635071090047393,15.421800947867299,0.3127962085308057,2.353080568720376,27.5118483412322,1459.2654028436018,18.85308056872038,211
305,77.0,1.0,0.19154228855721392,15.708955223880597,0.236318407960199,2.5254975124378074,26.404228855721357,1432.69776119403,12.384328358208956,804
306,77.0,2.0,0.2692307692307692,13.0,0.038461538461538464,0.8999999999999986,10.6153846153846,841.3846153846154,16.115384615384617,26
307,77.0,3.0,1.5,12.5,0.0,0.5999999999999998,14.999999999999996,972.0,15.0,2
308,78.0,0.0,0.6777251184834123,15.611374407582938,0.3127962085308057,2.36682464454976,27.734597156398074,1486.9715639810427,18.924170616113745,211
309,78.0,1.0,0.1828358208955224,15.899253731343284,0.23756218905472637,2.5396766169154192,26.49378109452733,1459.1915422885572,12.446517412935323,804
310,78.0,2.0,0.38461538461538464,13.076923076923077,0.038461538461538464,0.8461538461538447,10.769230769230754,852.1538461538462,16.153846153846153,26
311,78.0,3.0,1.5,12.5,0.0,0.4999999999999998,13.999999999999998,986.0,15.0,2
312,79.0,0.0,0.7156398104265402,15.777251184834123,0.3175355450236967,2.366350710900471,27.95734597156395,1514.9289099526065,19.018957345971565,211
313,79.0,1.0,0.19527363184079602,16.082089552238806,0.23756218905472637,2.5493781094527326,26.6654228855721,1485.8569651741293,12.458955223880597,804
314,79.0,2.0,0.2692307692307692,13.307692307692308,0.038461538461538464,0.8846153846153831,10.461538461538446,862.6153846153846,16.192307692307693,26
315,79.0,3.0,1.0,13.0,0.0,0.6999999999999998,13.0,999.0,15.5,2
316,80.0,0.0,0.6398104265402843,15.981042654028435,0.3175355450236967,2.3886255924170587,27.72511848341229,1542.654028436019,19.075829383886255,211
317,80.0,1.0,0.20522388059701493,16.276119402985074,0.23756218905472637,2.565796019900494,26.889303482587025,1512.7462686567164,12.466417910447761,804
318,80.0,2.0,0.19230769230769232,13.461538461538462,0.038461538461538464,0.8769230769230755,9.923076923076907,872.5384615384615,16.23076923076923,26
319,80.0,3.0,1.0,13.0,0.0,0.5999999999999999,11.999999999999996,1011.0,15.5,2
320,81.0,0.0,0.6796116504854369,16.24271844660194,0.32038834951456313,2.44660194174757,28.53398058252424,1585.3300970873786,19.140776699029125,206
321,81.0,1.0,0.2107904642409034,16.51693851944793,0.23337515683814303,2.610288582183183,27.367628607277247,1545.939774153074,12.478042659974905,797
322,81.0,2.0,0.08333333333333333,13.666666666666666,0.0,0.929166666666665,9.749999999999984,869.0,16.333333333333332,24
323,81.0,3.0,1.5,13.0,0.0,0.4999999999999999,13.999999999999996,1025.0,15.5,2
324,82.0,0.0,0.6421568627450981,16.475490196078432,0.3284313725490196,2.4852941176470558,28.705882352941146,1622.6176470588234,19.25,204
325,82.0,1.0,0.20200752823086573,16.727728983688834,0.23337515683814303,2.636762860727725,27.579673776662442,1573.5194479297365,12.508155583437892,797
326,82.0,2.0,0.11764705882352941,14.411764705882353,0.0,1.2470588235294093,13.176470588235269,983.8235294117648,15.647058823529411,17
327,82.0,3.0,1.0,13.5,0.0,0.7,12.999999999999996,1038.0,15.5,2
328,83.0,0.0,0.6470588235294118,16.622549019607842,0.3284313725490196,2.473529411764703,28.617647058823493,1651.235294117647,19.30392156862745,204
329,83.0,1.0,0.21455457967377667,16.92848180677541,0.23337515683814303,2.65721455457967,27.859473023839357,1601.378920953576,12.544542032622333,797
330,83.0,2.0,0.11764705882352941,14.529411764705882,0.0,1.2176470588235269,12.882352941176446,996.7058823529412,15.705882352941176,17
331,83.0,3.0,1.0,13.5,0.0,0.5999999999999999,11.999999999999996,1050.0,15.5,2
332,84.0,0.0,0.6813725490196079,16.784313725490197,0.3284313725490196,2.470588235294114,28.794117647058787,1680.0294117647059,19.372549019607842,204
333,84.0,1.0,0.22082810539523212,17.141781681304895,0.23337515683814303,2.685194479297361,28.176913425345003,1629.555834378921,12.593475533249686,797
334,84.0,2.0,0.29411764705882354,14.647058823529411,0.0,1.1882352941176446,13.647058823529385,1010.3529411764706,15.764705882352942,17
335,84.0,3.0,1.5,13.5,0.0,0.4999999999999999,13.999999999999998,1064.0,15.5,2
336,85.0,0.0,0.6225490196078431,16.965686274509803,0.3333333333333333,2.479411764705879,28.529411764705845,1708.5,19.41176470588235,204
337,85.0,1.0,0.19698870765370138,17.358845671267254,0.23588456712672523,2.7154328732747763,28.336260978669973,1657.8845671267252,12.60853199498118,797
338,85.0,2.0,0.29411764705882354,14.823529411764707,0.0,1.194117647058821,13.705882352941149,1024.0588235294117,15.882352941176471,17
339,85.0,3.0,1.0,14.0,0.0,0.6999999999999998,12.999999999999998,1077.0,15.5,2
340,86.0,0.0,0.6764705882352942,17.102941176470587,0.3333333333333333,2.4617647058823495,28.676470588235258,1737.1764705882354,19.44607843137255,204
341,86.0,1.0,0.20451693851944794,17.55332496863237,0.2371392722710163,2.7321204516938478,28.548306148055165,1686.4328732747804,12.613550815558344,797
342,86.0,2.0,0.17647058823529413,15.058823529411764,0.0,1.2352941176470562,13.411764705882327,1037.4705882352941,16.0,17
343,86.0,3.0,0.5,14.5,0.0,0.8999999999999999,11.999999999999998,1089.0,15.5,2
344,87.0,0.0,0.695,17.38,0.335,2.5284999999999966,29.449999999999964,1783.67,19.47,200
345,87.0,1.0,0.18124207858048164,17.80101394169835,0.22306717363751585,2.7807351077313016,28.894803548795903,1722.8453738910014,12.594423320659063,789
346,87.0,2.0,0.29411764705882354,15.117647058823529,0.0,1.170588235294115,13.47058823529409,1050.9411764705883,16.176470588235293,17
347,87.0,3.0,1.0,14.5,0.0,0.7999999999999997,13.999999999999996,1103.0,16.0,2
348,88.0,0.0,0.678391959798995,17.587939698492463,0.32663316582914576,2.552763819095474,29.59798994974871,1817.608040201005,19.487437185929647,199
349,88.0,1.0,0.21292775665399238,17.980988593155892,0.22306717363751585,2.788719898605826,29.164765525982215,1752.0101394169835,12.610899873257289,789
350,88.0,2.0,0.058823529411764705,15.352941176470589,0.0,1.2117647058823504,12.470588235294091,1063.4117647058824,16.176470588235293,17
351,88.0,3.0,1.0,14.5,0.0,0.6999999999999997,12.999999999999996,1116.0,16.0,2
352,89.0,0.0,0.6683417085427136,17.738693467336685,0.3316582914572864,2.5432160804020065,29.442211055276346,1847.0502512562814,19.527638190954775,199
353,89.0,1.0,0.2002534854245881,18.193916349809886,0.22306717363751585,2.816476552598221,29.366286438529745,1781.3688212927757,12.642585551330798,789
354,89.0,2.0,0.29411764705882354,15.352941176470589,0.0,1.11176470588235,12.882352941176443,1076.2941176470588,16.235294117647058,17
355,89.0,3.0,1.0,14.5,0.0,0.5999999999999998,11.999999999999996,1128.0,16.0,2
356,90.0,0.0,0.7135678391959799,17.884422110552762,0.33668341708542715,2.5306532663316545,29.587939698492427,1876.6381909547738,19.57788944723618,199
357,90.0,1.0,0.18250950570342206,18.392902408111535,0.22433460076045628,2.83586818757921,29.453738910012632,1810.8149556400506,12.683143219264892,789
358,90.0,2.0,0.35294117647058826,15.470588235294118,0.0,1.0823529411764679,12.941176470588207,1089.235294117647,16.294117647058822,17
359,90.0,3.0,1.0,14.5,0.0,0.4999999999999998,10.999999999999996,1139.0,16.0,2
360,91.0,0.0,0.7135678391959799,18.07035175879397,0.33668341708542715,2.5422110552763786,29.70351758793966,1906.3417085427136,19.628140703517587,199
361,91.0,1.0,0.23827629911280102,18.574144486692017,0.22433460076045628,2.844613434727499,29.875792141951795,1840.6907477820025,12.688212927756654,789
362,91.0,2.0,0.35294117647058826,15.588235294117647,0.0,1.0529411764705854,12.647058823529383,1101.8823529411766,16.529411764705884,17
363,91.0,3.0,1.5,14.5,0.0,0.3999999999999998,12.999999999999996,1152.0,16.0,2
364,92.0,0.0,0.6934673366834171,18.281407035175878,0.33668341708542715,2.568844221105524,29.849246231155742,1936.1909547738694,19.64824120603015,199
365,92.0,1.0,0.19898605830164764,18.807351077313054,0.22686945500633712,2.8845373891001227,30.039290240811113,1870.7300380228137,12.690747782002536,789
366,92.0,2.0,0.23529411764705882,15.764705882352942,0.0,1.058823529411762,11.999999999999972,1113.8823529411766,16.58823529411765,17
367,92.0,3.0,1.0,15.0,0.0,0.5999999999999999,11.999999999999996,1164.0,16.0,2
368,93.0,0.0,0.6787564766839378,18.60103626943005,0.34196891191709844,2.6606217616580277,30.6787564766839,1985.1243523316061,19.642487046632123,193
369,93.0,1.0,0.20051085568326948,19.043422733077904,0.2222222222222222,2.9261813537675563,30.464878671775182,1908.9246487867179,12.66794380587484,783
370,93.0,2.0,0.4375,15.9375,0.0,1.062499999999997,13.249999999999968,1150.25,16.6875,16
371,93.0,3.0,1.0,15.0,0.0,0.49999999999999983,10.999999999999996,1175.0,16.0,2
372,94.0,0.0,0.6787564766839378,18.797927461139896,0.34196891191709844,2.6787564766839345,30.86010362694297,2015.9844559585492,19.699481865284973,193
373,94.0,1.0,0.21966794380587484,19.24137931034483,0.22349936143039592,2.94495530012771,30.767560664112345,1939.6922094508302,12.685823754789272,783
374,94.0,2.0,0.25,16.1875,0.0,1.112499999999997,12.624999999999968,1162.875,16.6875,16
375,94.0,3.0,1.0,15.0,0.0,0.3999999999999998,9.999999999999996,1185.0,16.0,2
376,95.0,0.0,0.6994818652849741,18.94818652849741,0.3626943005181347,2.668911917098442,30.886010362694265,2046.8704663212436,19.787564766839377,193
377,95.0,1.0,0.21455938697318008,19.46360153256705,0.22349936143039592,2.9782886334610432,31.070242656449512,1970.7624521072796,12.713920817369093,783
378,95.0,2.0,0.1875,16.3125,0.0,1.0874999999999968,11.999999999999968,1174.875,16.6875,16
379,95.0,3.0,1.0,15.0,0.0,0.2999999999999998,8.999999999999998,1194.0,16.0,2
380,96.0,0.0,0.7098445595854922,19.145077720207254,0.3626943005181347,2.687046632124349,31.129533678756438,2078.0,19.844559585492227,193
381,96.0,1.0,0.17879948914431673,19.67560664112388,0.22349936143039592,3.0054916985951423,31.127713920817328,2001.8901660280972,12.745849297573436,783
382,96.0,2.0,0.1875,16.375,0.0,1.0249999999999968,11.374999999999968,1186.25,16.75,16
383,96.0,3.0,0.5,15.5,0.0,0.49999999999999983,7.999999999999998,1202.0,16.0,2
384,97.0,0.0,0.6476683937823834,19.357512953367877,0.36787564766839376,2.714507772020722,31.031088082901515,2109.0,19.89637305699482,193
385,97.0,1.0,0.2222222222222222,19.850574712643677,0.2247765006385696,3.01047254150702,31.438058748403535,2033.3205619412515,12.753512132822477,783
386,97.0,2.0,0.25,16.4375,0.0,0.9624999999999968,11.124999999999968,1197.375,16.75,16
387,97.0,3.0,1.0,15.5,0.0,0.39999999999999986,9.999999999999998,1212.0,16.5,2
388,98.0,0.0,0.6373056994818653,19.512953367875646,0.36787564766839376,2.7077720207253853,30.90155440414504,2139.8704663212434,19.927461139896373,193
389,98.0,1.0,0.21328224776500637,20.06513409961686,0.227330779054917,3.039208173690928,31.671775223499314,2064.992337164751,12.76117496807152,783
390,98.0,2.0,0.4375,16.5625,0.0,0.9374999999999973,11.99999999999997,1209.375,16.75,16
391,98.0,3.0,0.5,16.0,0.0,0.5999999999999999,8.999999999999998,1221.0,16.5,2
392,99.0,0.0,0.7037037037037037,19.75132275132275,0.36507936507936506,2.7513227513227476,31.7354497354497,2184.671957671958,20.015873015873016,189
393,99.0,1.0,0.20539152759948653,20.30038510911425,0.2233632862644416,3.080359435173295,32.03594351732987,2102.478818998716,12.758664955070603,779
394,99.0,2.0,0.14285714285714285,17.071428571428573,0.0,1.14285714285714,12.285714285714255,1208.857142857143,17.071428571428573,14
395,99.0,3.0,0.5,16.0,0.0,0.4999999999999999,7.999999999999998,1229.0,16.5,2
396,100.0,0.0,0.648936170212766,19.98936170212766,0.35638297872340424,2.793617021276592,31.829787234042513,2223.063829787234,20.05851063829787,188
397,100.0,1.0,0.21309370988446727,20.50064184852375,0.2246469833119384,3.100513478818994,32.28369704749675,2134.762516046213,12.776636713735558,779
398,100.0,2.0,0.07142857142857142,17.142857142857142,0.0,1.0857142857142825,11.285714285714255,1220.142857142857,17.142857142857142,14
399,100.0,3.0,0.5,16.0,0.0,0.3999999999999999,6.999999999999998,1236.0,17.0,2
400,101.0,0.0,0.7021276595744681,20.122340425531913,0.35638297872340424,2.773404255319145,31.94680851063826,2255.0106382978724,20.101063829787233,188
401,101.0,1.0,0.18356867779204109,20.709884467265724,0.2246469833119384,3.1260590500641805,32.36200256739405,2167.124518613607,12.79204107830552,779
402,101.0,2.0,0.42857142857142855,17.142857142857142,0.0,0.9857142857142825,12.428571428571397,1232.5714285714287,17.142857142857142,14
403,101.0,3.0,0.5,16.0,0.0,0.29999999999999993,5.999999999999999,1242.0,17.0,2
404,102.0,0.0,0.7021276595744681,20.31382978723404,0.35638297872340424,2.7882978723404217,32.09574468085103,2287.1063829787236,20.132978723404257,188
405,102.0,1.0,0.23491655969191272,20.887034659820284,0.22593068035943517,3.132349165596915,32.73299101412062,2199.8575096277277,12.817715019255456,779
406,102.0,2.0,0.0,17.571428571428573,0.0,1.1428571428571397,11.428571428571397,1244.0,17.357142857142858,14
407,102.0,3.0,0.5,16.0,0.0,0.1999999999999999,4.999999999999999,1247.0,17.0,2
408,103.0,0.0,0.7180851063829787,20.48936170212766,0.35638297872340424,2.793617021276592,32.24468085106379,2319.351063829787,20.20212765957447,188
409,103.0,1.0,0.21694480102695765,21.115532734274712,0.22593068035943517,3.1694480102695723,32.996148908857464,2232.8536585365855,12.821566110397946,779
410,103.0,2.0,0.14285714285714285,17.571428571428573,0.0,1.0428571428571396,11.285714285714253,1255.2857142857142,17.5,14
411,103.0,3.0,1.0,16.0,0.0,0.0999999999999999,6.999999999999999,1254.0,17.0,2
412,104.0,0.0,0.7021276595744681,20.6968085106383,0.35638297872340424,2.818085106382975,32.393617021276555,2351.744680851064,20.22872340425532,188
413,104.0,1.0,0.20282413350449294,21.320924261874197,0.22721437740693196,3.192682926829264,33.1437740693196,2265.997432605905,12.829268292682928,779
414,104.0,2.0,0.0,17.714285714285715,0.0,1.0285714285714254,10.285714285714253,1265.5714285714287,17.571428571428573,14
415,104.0,3.0,0.5,16.5,0.0,0.2999999999999999,5.999999999999998,1260.0,17.0,2
416,105.0,0.0,0.6470588235294118,20.925133689839573,0.3582887700534759,2.8550802139037397,32.433155080213865,2388.4117647058824,20.27807486631016,187
417,105.0,1.0,0.18193548387096775,21.545806451612904,0.22064516129032258,3.2276129032258023,33.36774193548383,2305.4632258064516,12.823225806451612,775
418,105.0,2.0,0.2857142857142857,17.714285714285715,0.0,0.9285714285714253,10.999999999999968,1276.5714285714287,17.785714285714285,14
419,105.0,3.0,0.5,16.5,0.0,0.24999999999999956,5.499999999999996,1265.5,17.0,2
420,106.0,0.0,0.6524064171122995,21.085561497326204,0.36363636363636365,2.851336898395718,32.427807486630975,2420.775401069519,20.3048128342246,187
421,106.0,1.0,0.2232258064516129,21.721290322580646,0.2232258064516129,3.2329032258064476,33.668387096774154,2339.123870967742,12.830967741935483,775
422,106.0,2.0,0.14285714285714285,18.0,0.0,0.9999999999999967,10.857142857142824,1287.4285714285713,17.857142857142858,14
423,106.0,3.0,1.0,17.0,0.0,0.3999999999999991,9.999999999999991,1401.0,21.0,1
424,107.0,0.0,0.7005347593582888,21.22994652406417,0.36363636363636365,2.8379679144384986,32.58288770053472,2453.3582887700536,20.358288770053477,187
425,107.0,1.0,0.19870967741935483,21.93806451612903,0.2232258064516129,3.2629677419354794,33.821935483870924,2372.945806451613,12.845161290322581,775
426,107.0,2.0,0.21428571428571427,18.142857142857142,0.0,0.9857142857142823,11.142857142857109,1298.5714285714287,17.928571428571427,14
427,107.0,3.0,1.0,17.0,0.0,0.2999999999999991,8.999999999999991,1410.0,21.0,1
428,108.0,0.0,0.6684491978609626,21.41711229946524,0.36363636363636365,2.8502673796791407,32.51336898395718,2485.871657754011,20.390374331550802,187
429,108.0,1.0,0.2232258064516129,22.129032258064516,0.2232258064516129,3.27754838709677,34.11483870967738,2407.0606451612903,12.861935483870967,775
430,108.0,2.0,0.14285714285714285,18.285714285714285,0.0,0.9714285714285681,10.571428571428537,1309.142857142857,18.0,14
431,108.0,3.0,1.0,17.0,0.0,0.1999999999999991,7.999999999999991,1418.0,21.0,1
432,109.0,0.0,0.732620320855615,21.55614973262032,0.3689839572192513,2.833689839572189,32.732620320855574,2518.604278074866,20.475935828877006,187
433,109.0,1.0,0.19612903225806452,22.339354838709678,0.22451612903225807,3.303741935483867,34.21419354838705,2441.2670967741938,12.868387096774194,775
434,109.0,2.0,0.35714285714285715,18.357142857142858,0.0,0.9142857142857109,11.285714285714251,1320.4285714285713,18.0,14
435,109.0,3.0,1.0,17.0,0.0,0.0999999999999991,6.99999999999999,1425.0,22.0,1
436,110.0,0.0,0.6951871657754011,21.764705882352942,0.3689839572192513,2.8588235294117608,32.75935828877002,2551.3636363636365,20.502673796791445,187
437,110.0,1.0,0.24258064516129033,22.51483870967742,0.22451612903225807,3.309032258064512,34.54580645161286,2475.8129032258066,12.87741935483871,775
438,110.0,2.0,0.21428571428571427,18.571428571428573,0.0,0.9428571428571397,10.714285714285682,1331.142857142857,18.0,14
439,110.0,3.0,1.0,17.0,0.0,0.0,5.99999999999999,1431.0,22.0,1
440,111.0,0.0,0.6951871657754011,21.946524064171122,0.37433155080213903,2.8684491978609588,32.85561497326199,2584.187165775401,20.540106951871657,187
441,111.0,1.0,0.20725388601036268,22.764248704663213,0.21632124352331605,3.35867875647668,34.830310880828975,2515.231865284974,12.876943005181348,772
442,111.0,2.0,0.38461538461538464,18.76923076923077,0.0,0.9615384615384581,11.923076923076888,1346.4615384615386,17.46153846153846,13
443,112.0,0.0,0.6881720430107527,22.13978494623656,0.3763440860215054,2.883870967741932,32.96774193548383,2626.1290322580644,20.559139784946236,186
444,112.0,1.0,0.211139896373057,22.962435233160623,0.21632124352331605,3.3775906735751255,35.042746113989594,2550.2746113989638,12.882124352331607,772
445,112.0,2.0,0.38461538461538464,19.0,0.0,0.9999999999999966,12.307692307692273,1358.7692307692307,17.615384615384617,13
446,113.0,0.0,0.6720430107526881,22.311827956989248,0.3817204301075269,2.887096774193545,32.90322580645157,2659.032258064516,20.607526881720432,186
447,113.0,1.0,0.2344559585492228,23.161917098445596,0.21632124352331605,3.39727979274611,35.37953367875643,2585.6541450777204,12.89119170984456,772
448,113.0,2.0,0.3076923076923077,19.23076923076923,0.0,1.038461538461535,12.230769230769196,1371.0,17.76923076923077,13
449,114.0,0.0,0.6505376344086021,22.478494623655912,0.3817204301075269,2.887096774193545,32.77419354838706,2691.8064516129034,20.629032258064516,186
450,114.0,1.0,0.21373056994818654,23.371761658031087,0.21632124352331605,3.4231865284974057,35.51424870466317,2621.1683937823836,12.913212435233161,772
451,114.0,2.0,0.23076923076923078,19.384615384615383,0.0,1.0307692307692273,11.692307692307658,1382.6923076923076,17.76923076923077,13
452,115.0,0.0,0.6559139784946236,22.618279569892472,0.3870967741935484,2.87096774193548,32.64516129032254,2724.451612903226,20.666666666666668,186
453,115.0,1.0,0.20984455958549222,23.559585492227978,0.21632124352331605,3.43588082901554,35.61787564766835,2656.786269430052,12.91580310880829,772
454,115.0,2.0,0.15384615384615385,19.46153846153846,0.0,0.9769230769230735,10.692307692307658,1393.3846153846155,17.76923076923077,13
455,116.0,0.0,0.6935483870967742,22.77956989247312,0.3870967741935484,2.8677419354838674,32.83870967741932,2757.2903225806454,20.72043010752688,186
456,116.0,1.0,0.24611398963730569,23.737046632124354,0.21761658031088082,3.4423575129533637,35.90025906735747,2692.686528497409,12.92357512953368,772
457,116.0,2.0,0.15384615384615385,19.46153846153846,0.0,0.8769230769230737,9.692307692307658,1403.076923076923,17.76923076923077,13
458,117.0,0.0,0.6486486486486487,23.01081081081081,0.3891891891891892,2.9064864864864823,32.95675675675672,2787.281081081081,20.74054054054054,185
459,117.0,1.0,0.23958333333333334,23.989583333333332,0.20963541666666666,3.4938802083333296,36.37630208333329,2736.3059895833335,12.916666666666666,768
460,117.0,2.0,0.6666666666666666,19.583333333333332,0.0,0.8499999999999964,12.499999999999963,1440.0,17.5,12
461,118.0,0.0,0.6270270270270271,23.183783783783785,0.3891891891891892,2.9102702702702663,32.86486486486483,2820.145945945946,20.772972972972973,185
462,118.0,1.0,0.23828125,24.205729166666668,0.2109375,3.5235677083333297,36.66536458333329,2772.9713541666665,12.916666666666666,768
463,118.0,2.0,0.5,20.083333333333332,0.0,1.0499999999999963,13.499999999999963,1453.5,17.583333333333332,12
464,119.0,0.0,0.6972972972972973,23.318918918918918,0.3945945945945946,2.8913513513513474,33.09729729729726,2853.2432432432433,20.816216216216215,185
465,119.0,1.0,0.1953125,24.41796875,0.2109375,3.5509114583333297,36.68098958333329,2809.64453125,12.924479166666666,768
466,119.0,2.0,0.25,20.416666666666668,0.0,1.1499999999999964,12.999999999999963,1466.5,17.583333333333332,12
467,120.0,0.0,0.6648648648648648,23.52972972972973,0.3945945945945946,2.917837837837834,33.16756756756753,2886.4108108108107,20.83783783783784,185
468,120.0,1.0,0.2565104166666667,24.583333333333332,0.21223958333333334,3.55013020833333,37.04036458333329,2846.6848958333335,12.936197916666666,768
469,120.0,2.0,0.25,20.5,0.0,1.0999999999999963,12.499999999999963,1479.0,17.583333333333332,12
470,121.0,0.0,0.6972972972972973,23.691891891891892,0.4,2.9151351351351313,33.3351351351351,2919.745945945946,20.897297297297296,185
471,121.0,1.0,0.21354166666666666,24.805989583333332,0.21223958333333334,3.5837239583333296,37.11848958333329,2883.7955729166665,12.942708333333334,768
472,121.0,2.0,0.25,20.583333333333332,0.0,1.0499999999999963,11.999999999999963,1491.0,17.666666666666668,12
473,122.0,0.0,0.6864864864864865,23.886486486486486,0.41081081081081083,2.931891891891888,33.4378378378378,2953.183783783784,20.94054054054054,185
474,122.0,1.0,0.24609375,24.984375,0.21223958333333334,3.5907552083333294,37.38411458333329,2921.171875,12.94921875,768
475,122.0,2.0,0.25,20.666666666666668,0.0,0.9999999999999963,11.499999999999963,1502.5,17.666666666666668,12
476,123.0,0.0,0.6574585635359116,24.19889502762431,0.4143646408839779,3.019337016574582,34.13812154696129,3001.303867403315,20.900552486187845,181
477,123.0,1.0,0.2604712041884817,25.226439790575917,0.2094240837696335,3.6359947643979025,37.92277486910991,2966.7630890052355,12.943717277486911,764
478,123.0,2.0,0.5833333333333334,20.75,0.0,0.9499999999999962,12.999999999999963,1515.5,17.666666666666668,12
479,124.0,0.0,0.6740331491712708,24.34806629834254,0.4198895027624309,3.008839779005521,34.13259668508283,3035.4364640883978,20.944751381215468,181
480,124.0,1.0,0.2107329842931937,25.456806282722514,0.2094240837696335,3.6742146596858603,38.006544502617764,3004.7696335078535,12.954188481675393,764
481,124.0,2.0,0.3333333333333333,21.166666666666668,0.0,1.0999999999999963,12.999999999999963,1528.5,17.666666666666668,12
482,125.0,0.0,0.7458563535911602,24.49171270718232,0.425414364640884,2.9950276243093885,34.425414364640844,3069.8618784530386,20.977900552486187,181
483,125.0,1.0,0.2369109947643979,25.634816753926703,0.2094240837696335,3.6810209424083737,38.23167539267012,3042.993455497382,12.962041884816754,764
484,125.0,2.0,0.25,21.25,0.0,1.0499999999999963,11.999999999999963,1540.5,17.75,12
485,126.0,0.0,0.6408839779005525,24.712707182320443,0.43646408839779005,3.0276243093922615,34.121546961325926,3103.983425414365,21.022099447513813,181
486,126.0,1.0,0.25785340314136124,25.836387434554975,0.2094240837696335,3.701963350785337,38.56675392670154,3081.5523560209426,12.965968586387435,764
487,126.0,2.0,0.4166666666666667,21.25,0.0,0.9499999999999962,11.999999999999963,1552.5,17.833333333333332,12
488,127.0,0.0,0.6685082872928176,24.83977900552486,0.4419889502762431,3.0038674033149135,34.04972375690604,3138.033149171271,21.049723756906076,181
489,127.0,1.0,0.23821989528795812,26.048429319371728,0.2094240837696335,3.7291884816753895,38.72120418848164,3120.2657068062827,12.972513089005236,764
490,127.0,2.0,0.3333333333333333,21.416666666666668,0.0,0.9499999999999962,11.499999999999963,1564.0,17.916666666666668,12
491,128.0,0.0,0.7016574585635359,24.983425414364643,0.44751381215469616,2.990055248618781,34.11049723756902,3172.1436464088397,21.060773480662984,181
492,128.0,1.0,0.23298429319371727,26.232984293193716,0.2107329842931937,3.739921465968583,38.79712041884813,3159.0549738219897,12.982984293193716,764
493,128.0,2.0,0.4166666666666667,21.5,0.0,0.8999999999999962,11.499999999999963,1575.5,17.916666666666668,12
494,129.0,0.0,0.7457627118644068,25.27683615819209,0.4576271186440678,3.0666666666666633,35.141242937853065,3223.853107344633,20.9774011299435,177
495,129.0,1.0,0.24605263157894736,26.45657894736842,0.20789473684210527,3.774078947368418,39.21710526315786,3208.267105263158,12.967105263157896,760
496,129.0,2.0,0.5833333333333334,21.666666666666668,0.0,0.8999999999999962,12.49999999999996,1588.0,18.083333333333332,12
497,130.0,0.0,0.7159090909090909,25.52840909090909,0.45454545454545453,3.1170454545454507,35.46590909090906,3270.6477272727275,21.005681818181817,176
498,130.0,1.0,0.2394736842105263,26.67236842105263,0.20789473684210527,3.803552631578944,39.4723684210526,3247.7394736842107,12.971052631578948,760
499,130.0,2.0,0.4166666666666667,22.0,0.0,0.9999999999999961,12.49999999999996,1600.5,18.333333333333332,12
500,131.0,0.0,0.6931818181818182,25.710227272727273,0.4602272727272727,3.12613636363636,35.42045454545451,3306.068181818182,21.017045454545453,176
501,131.0,1.0,0.25,26.876315789473683,0.20789473684210527,3.8259210526315757,39.759210526315755,3287.4986842105263,12.975,760
502,131.0,2.0,0.4166666666666667,22.083333333333332,0.0,0.9499999999999962,11.99999999999996,1612.5,18.416666666666668,12
503,132.0,0.0,0.6534090909090909,25.880681818181817,0.4602272727272727,3.1284090909090874,35.20454545454542,3341.2727272727275,21.051136363636363,176
504,132.0,1.0,0.24210526315789474,27.075,0.20789473684210527,3.8451315789473655,39.90394736842102,3327.4026315789474,12.982894736842105,760
505,132.0,2.0,0.4166666666666667,22.166666666666668,0.0,0.8999999999999962,11.49999999999996,1624.0,18.416666666666668,12
506,133.0,0.0,0.6647727272727273,26.017045454545453,0.4659090909090909,3.1102272727272693,35.09090909090906,3376.3636363636365,21.085227272727273,176
507,133.0,1.0,0.2710526315789474,27.251315789473683,0.20921052631578949,3.8509210526315765,40.13552631578945,3367.5381578947367,12.992105263157894,760
508,133.0,2.0,0.5,22.25,0.0,0.8499999999999961,11.49999999999996,1635.5,18.5,12
509,134.0,0.0,0.7556818181818182,26.15340909090909,0.4715909090909091,3.0920454545454508,35.45454545454542,3411.818181818182,21.125,176
510,134.0,1.0,0.2723684210526316,27.45394736842105,0.21052631578947367,3.8724999999999974,40.35921052631576,3407.8973684210528,13.003947368421052,760
511,134.0,2.0,0.5833333333333334,22.333333333333332,0.0,0.7999999999999964,11.49999999999996,1647.0,18.583333333333332,12
512,135.0,0.0,0.7126436781609196,26.436781609195403,0.47701149425287354,3.162068965517238,35.89655172413789,3454.4137931034484,21.160919540229884,174
513,135.0,1.0,0.2532981530343008,27.684696569920845,0.20844327176781002,3.9109498680738763,40.629287598944565,3454.0910290237466,13.002638522427441,758
514,135.0,2.0,0.5,22.8,0.0,0.9799999999999957,12.799999999999956,1688.6,18.8,10
515,136.0,0.0,0.7241379310344828,26.60919540229885,0.47701149425287354,3.1655172413793067,35.999999999999964,3490.4137931034484,21.17816091954023,174
516,136.0,1.0,0.2532981530343008,27.887862796833772,0.20844327176781002,3.932849604221633,40.848284960422134,3494.939313984169,13.010554089709762,758
517,136.0,2.0,0.3,23.0,0.0,0.9999999999999956,11.799999999999956,1700.4,18.8,10
518,137.0,0.0,0.7241379310344828,26.798850574712645,0.47701149425287354,3.1793103448275826,36.13793103448272,3526.551724137931,21.264367816091955,174
519,137.0,1.0,0.25065963060686014,28.0844327176781,0.20844327176781002,3.9507915567282303,41.01187335092346,3535.9511873350925,13.019788918205805,758
520,137.0,2.0,0.5,23.0,0.0,0.8999999999999956,11.999999999999956,1712.4,18.9,10
521,138.0,0.0,0.7126436781609196,27.00574712643678,0.47701149425287354,3.2034482758620655,36.31034482758617,3562.862068965517,21.28735632183908,174
522,138.0,1.0,0.28891820580474936,28.266490765171504,0.20976253298153033,3.9600263852242725,41.333773087071215,3577.2849604221637,13.034300791556728,758
523,138.0,2.0,0.5,23.2,0.0,0.9199999999999955,12.199999999999957,1724.6,18.9,10
524,139.0,0.0,0.7011494252873564,27.17816091954023,0.4827586206896552,3.206896551724135,36.27586206896548,3599.137931034483,21.316091954022987,174
525,139.0,1.0,0.2849604221635884,28.480211081794195,0.20976253298153033,3.988258575197887,41.5923482849604,3618.877308707124,13.04089709762533,758
526,139.0,2.0,0.4,23.4,0.0,0.9399999999999956,11.799999999999955,1736.4,18.9,10
527,140.0,0.0,0.6781609195402298,27.350574712643677,0.4827586206896552,3.2103448275862037,36.17241379310341,3635.310344827586,21.32183908045977,174
528,140.0,1.0,0.24934036939313983,28.687335092348285,0.20976253298153033,4.012532981530341,41.62137203166225,3660.4986807387863,13.052770448548813,758
529,140.0,2.0,0.4,23.5,0.0,0.8999999999999954,11.399999999999954,1747.8,19.0,10
530,141.0,0.0,0.6470588235294118,27.641176470588235,0.47058823529411764,3.2847058823529376,36.72941176470585,3683.705882352941,21.28235294117647,170
531,141.0,1.0,0.2770448548812665,28.87335092348285,0.21108179419525067,4.02414248021108,41.9036939313984,3702.4023746701846,13.060686015831134,758
532,141.0,2.0,0.5,23.6,0.0,0.8699999999999953,11.699999999999953,1759.5,19.0,10
533,142.0,0.0,0.6705882352941176,27.794117647058822,0.47058823529411764,3.276470588235291,36.78823529411761,3720.494117647059,21.32941176470588,170
534,142.0,1.0,0.26649076517150394,29.091029023746703,0.21108179419525067,4.0547493403693915,42.14643799472294,3744.5488126649075,13.067282321899736,758
535,142.0,2.0,0.3333333333333333,24.0,0.0,0.9999999999999949,11.99999999999995,1840.3333333333333,19.444444444444443,9
536,143.0,0.0,0.7411764705882353,27.94705882352941,0.4823529411764706,3.268235294117644,37.12941176470585,3757.6235294117646,21.358823529411765,170
537,143.0,1.0,0.25857519788918204,29.29551451187335,0.21108179419525067,4.077440633245381,42.3258575197889,3786.858839050132,13.08179419525066,758
538,143.0,2.0,0.2222222222222222,24.11111111111111,0.0,0.9666666666666617,10.99999999999995,1851.3333333333333,19.444444444444443,9
539,144.0,0.0,0.6705882352941176,28.17058823529412,0.5,3.302352941176468,37.04705882352938,3794.670588235294,21.41176470588235,170
540,144.0,1.0,0.30606860158311344,29.49076517150396,0.21108179419525067,4.0945910290237455,42.782321899736125,3829.6332453825858,13.092348284960423,758
541,144.0,2.0,0.4444444444444444,24.11111111111111,0.0,0.8666666666666616,11.33333333333328,1862.6666666666667,19.444444444444443,9
542,145.0,0.0,0.6529411764705882,28.347058823529412,0.5,3.3082352941176443,36.999999999999964,3831.670588235294,21.44705882352941,170
543,145.0,1.0,0.2757255936675462,29.70844327176781,0.21108179419525067,4.125197889182057,42.90633245382584,3872.539577836412,13.102902374670185,758
544,145.0,2.0,0.3333333333333333,24.333333333333332,0.0,0.8999999999999948,10.999999999999948,1873.6666666666667,19.444444444444443,9
545,146.0,0.0,0.6470588235294118,28.5,0.5,3.299999999999997,36.882352941176435,3868.5529411764705,21.46470588235294,170
546,146.0,1.0,0.28232189973614774,29.897097625329817,0.21108179419525067,4.13839050131926,43.07783641160948,3915.6174142480213,13.108179419525065,758
547,146.0,2.0,0.2222222222222222,24.444444444444443,0.0,0.8666666666666616,9.99999999999995,1883.6666666666667,19.444444444444443,9
548,147.0,0.0,0.6946107784431138,28.736526946107784,0.5029940119760479,3.3419161676646683,37.586826347305355,3910.5508982035926,21.46706586826347,167
549,147.0,1.0,0.2566137566137566,30.125661375661377,0.21164021164021163,4.1755291005291,43.29497354497353,3964.3425925925926,13.10846560846561,756
550,147.0,2.0,0.4444444444444444,24.444444444444443,0.0,0.7666666666666616,10.333333333333282,1894.0,19.555555555555557,9
551,148.0,0.0,0.6167664670658682,28.91616766467066,0.5089820359281437,3.3497005988023925,37.19760479041913,3947.748502994012,21.50299401197605,167
552,148.0,1.0,0.2777777777777778,30.32010582010582,0.21164021164021163,4.192195767195766,43.58862433862433,4007.9232804232806,13.112433862433862,756
553,148.0,2.0,0.3333333333333333,24.666666666666668,0.0,0.7999999999999949,9.99999999999995,1904.0,19.555555555555557,9
554,149.0,0.0,0.7125748502994012,29.017964071856287,0.5209580838323353,3.3107784431137697,37.383233532934106,3985.131736526946,21.538922155688624,167
555,149.0,1.0,0.2896825396825397,30.52910052910053,0.21164021164021163,4.217592592592592,43.91402116402116,4051.8214285714284,13.117724867724867,756
556,149.0,2.0,0.3333333333333333,24.666666666666668,0.0,0.699999999999995,8.99999999999995,1913.0,19.555555555555557,9
557,150.0,0.0,0.6646706586826348,29.233532934131738,0.5209580838323353,3.340119760479039,37.3892215568862,4022.5209580838323,21.5748502994012,167
558,150.0,1.0,0.28703703703703703,30.736772486772487,0.21164021164021163,4.242195767195766,44.144179894179885,4095.9656084656085,13.124338624338625,756
559,150.0,2.0,0.5555555555555556,24.666666666666668,0.0,0.5999999999999949,9.33333333333328,1922.3333333333333,19.555555555555557,9
560,151.0,0.0,0.7005988023952096,29.40119760479042,0.5269461077844312,3.340718562874249,37.610778443113745,4060.131736526946,21.604790419161677,167
561,151.0,1.0,0.2976190476190476,30.924603174603174,0.21164021164021163,4.25489417989418,44.334656084656075,4140.300264550265,13.134920634920634,756
562,151.0,2.0,0.5555555555555556,24.88888888888889,0.0,0.6333333333333282,9.666666666666615,1932.0,19.666666666666668,9
563,152.0,0.0,0.6526946107784432,29.58682634730539,0.5269461077844312,3.3520958083832313,37.437125748502964,4097.568862275449,21.646706586826348,167
564,152.0,1.0,0.2923280423280423,31.11904761904762,0.21164021164021163,4.271560846560846,44.46957671957671,4184.769841269841,13.15079365079365,756
565,152.0,2.0,0.4444444444444444,25.11111111111111,0.0,0.666666666666663,9.333333333333291,1941.3333333333333,19.666666666666668,9
566,153.0,0.0,0.6666666666666666,29.812121212121212,0.5272727272727272,3.388484848484846,37.884848484848455,4139.157575757576,21.64848484848485,165
567,153.0,1.0,0.28286852589641437,31.346613545816734,0.20318725099601595,4.308100929614874,44.778220451527226,4238.419654714476,13.147410358565738,753
568,153.0,2.0,0.42857142857142855,25.428571428571427,0.0,0.7571428571428525,10.142857142857096,1985.857142857143,19.714285714285715,7
569,154.0,0.0,0.6809815950920245,30.05521472392638,0.5276073619631901,3.4331288343558257,38.417177914110404,4193.245398773006,21.699386503067483,163
570,154.0,1.0,0.27091633466135456,31.55378486055777,0.20318725099601595,4.332403718459496,44.94953519256308,4283.369189907038,13.152722443559098,753
571,154.0,2.0,0.7142857142857143,25.428571428571427,0.0,0.6571428571428525,10.85714285714281,1996.7142857142858,19.714285714285715,7
572,155.0,0.0,0.6748466257668712,30.23926380368098,0.5276073619631901,3.4435582822085866,38.484662576687086,4231.730061349694,21.7239263803681,163
573,155.0,1.0,0.2948207171314741,31.741035856573706,0.20318725099601595,4.344754316069057,45.21646746347942,4328.585657370518,13.162018592297477,753
574,155.0,2.0,0.5714285714285714,25.714285714285715,0.0,0.7285714285714239,10.714285714285667,2007.4285714285713,19.714285714285715,7
575,156.0,0.0,0.6748466257668712,30.39877300613497,0.5398773006134969,3.439263803680979,38.441717791411016,4270.171779141105,21.74846625766871,163
576,156.0,1.0,0.3253652058432935,31.92563081009296,0.20318725099601595,4.355511288180611,45.50730411686587,4374.084993359894,13.177954847277556,753
577,156.0,2.0,0.42857142857142855,25.857142857142858,0.0,0.7142857142857096,9.714285714285667,2017.142857142857,19.714285714285715,7
578,157.0,0.0,0.6687116564417178,30.56441717791411,0.5398773006134969,3.438650306748464,38.39877300613494,4308.570552147239,21.791411042944784,163
579,157.0,1.0,0.31341301460823373,32.12217795484728,0.20318725099601595,4.373439575033201,45.614873837981406,4419.699867197875,13.188579017264276,753
580,157.0,2.0,0.7142857142857143,25.857142857142858,0.0,0.6142857142857095,10.428571428571383,2027.5714285714287,19.857142857142858,7
581,158.0,0.0,0.754601226993865,30.717791411042946,0.5460122699386503,3.4306748466257653,38.834355828220836,4347.368098159509,21.84049079754601,163
582,158.0,1.0,0.3705179282868526,32.300132802124836,0.20451527224435592,4.380212483399736,46.02523240371846,4465.717131474104,13.200531208499337,753
583,158.0,2.0,0.5714285714285714,26.0,0.0,0.5999999999999971,9.428571428571379,2037.0,19.857142857142858,7
584,159.0,0.0,0.6477987421383647,31.11320754716981,0.5157232704402516,3.5685534591194945,39.57232704402514,4411.402515723271,21.67924528301887,159
585,159.0,1.0,0.2986666666666667,32.58533333333333,0.19866666666666666,4.451333333333334,46.305333333333344,4520.8893333333335,13.208,750
586,159.0,2.0,0.6,26.4,0.0,0.7599999999999957,11.199999999999957,1936.6,19.0,5
587,160.0,0.0,0.7341772151898734,31.265822784810126,0.5063291139240507,3.5594936708860736,39.99999999999998,4467.797468354431,21.70886075949367,158
588,160.0,1.0,0.30666666666666664,32.781333333333336,0.19866666666666666,4.468933333333334,46.52933333333334,4567.4186666666665,13.212,750
589,160.0,2.0,0.25,27.25,0.0,1.1499999999999946,12.999999999999947,2148.0,19.75,4
590,161.0,0.0,0.6582278481012658,31.468354430379748,0.5063291139240507,3.5810126582278463,39.75949367088605,4507.556962025316,21.734177215189874,158
591,161.0,1.0,0.31333333333333335,32.970666666666666,0.19866666666666666,4.482533333333334,46.70533333333334,4614.124,13.216,750
592,161.0,2.0,0.5,27.25,0.0,1.0499999999999945,13.499999999999947,2161.5,19.75,4
593,162.0,0.0,0.7215189873417721,31.582278481012658,0.5063291139240507,3.5493670886075934,39.82278481012656,4547.379746835443,21.753164556962027,158
594,162.0,1.0,0.33866666666666667,33.148,0.19866666666666666,4.4889333333333346,46.921333333333344,4661.0453333333335,13.225333333333333,750
595,162.0,2.0,0.25,27.5,0.0,1.0999999999999945,12.499999999999947,2174.0,19.75,4
596,163.0,0.0,0.7468354430379747,31.759493670886076,0.5189873417721519,3.5556962025316436,40.03797468354428,4587.4177215189875,21.78481012658228,158
597,163.0,1.0,0.368,33.330666666666666,0.19866666666666666,4.498533333333334,47.19333333333334,4708.238666666667,13.245333333333333,750
598,163.0,2.0,0.5,27.5,0.0,0.9999999999999946,12.999999999999945,2187.0,19.75,4
599,164.0,0.0,0.6645569620253164,32.00632911392405,0.5189873417721519,3.6037974683544287,40.025316455696185,4627.405063291139,21.848101265822784,158
600,164.0,1.0,0.38266666666666665,33.52133333333333,0.2,4.512933333333335,47.42533333333334,4755.664,13.266666666666667,750
601,164.0,2.0,0.25,27.75,0.0,1.0499999999999945,11.999999999999945,2199.0,19.75,4
602,165.0,0.0,0.6687898089171974,32.203821656050955,0.5222929936305732,3.62356687898089,40.248407643312085,4674.08280254777,21.878980891719745,157
603,165.0,1.0,0.3190348525469169,33.79490616621984,0.18230563002680966,4.577077747989278,47.68498659517428,4818.810991957104,13.257372654155496,746
604,165.0,2.0,0.25,27.75,0.0,0.9499999999999944,10.999999999999945,2210.0,19.75,4
605,166.0,0.0,0.7290322580645161,32.43225806451613,0.5161290322580645,3.6593548387096755,40.96774193548385,4735.877419354839,21.903225806451612,155
606,166.0,1.0,0.33109919571045576,33.98123324396783,0.18230563002680966,4.588873994638072,47.87533512064345,4866.686327077748,13.262734584450403,746
607,166.0,2.0,0.5,27.75,0.0,0.8499999999999944,11.499999999999945,2221.5,19.75,4
608,167.0,0.0,0.6838709677419355,32.61290322580645,0.5161290322580645,3.6677419354838694,40.7806451612903,4776.658064516129,21.93548387096774,155
609,167.0,1.0,0.3485254691689008,34.17024128686327,0.18230563002680966,4.6022788203753375,48.11394101876677,4914.800268096515,13.269436997319035,746
610,167.0,2.0,0.25,28.0,0.0,0.8999999999999945,10.499999999999943,2232.0,19.75,4
611,168.0,0.0,0.7290322580645161,32.73548387096774,0.5161290322580645,3.6412903225806437,40.78709677419353,4817.445161290322,21.980645161290322,155
612,168.0,1.0,0.3900804289544236,34.35254691689008,0.18230563002680966,4.611662198391423,48.45710455764077,4963.257372654156,13.277479892761393,746
613,168.0,2.0,0.5,28.0,0.0,0.7999999999999945,10.999999999999943,2243.0,20.0,4
614,169.0,0.0,0.6838709677419355,32.91612903225806,0.5161290322580645,3.6496774193548376,40.59999999999998,4858.0451612903225,22.01290322580645,155
615,169.0,1.0,0.3726541554959786,34.542895442359246,0.18230563002680966,4.625871313672925,48.49463806970511,5011.752010723861,13.297587131367292,746
616,169.0,2.0,0.5,28.25,0.0,0.8499999999999944,11.499999999999943,2254.5,20.0,4
617,170.0,0.0,0.7483870967741936,33.038709677419355,0.5161290322580645,3.6232258064516114,40.72258064516127,4898.767741935484,22.032258064516128,155
618,170.0,1.0,0.4222520107238606,34.71313672922252,0.18230563002680966,4.628016085790888,48.81367292225203,5060.565683646113,13.31367292225201,746
619,170.0,2.0,0.25,28.5,0.0,0.8999999999999949,10.499999999999948,2265.0,20.0,4
620,171.0,0.0,0.7142857142857143,33.253246753246756,0.5324675324675324,3.6525974025974013,40.8116883116883,4949.62987012987,22.038961038961038,154
621,171.0,1.0,0.36595174262734587,34.97319034852547,0.18230563002680966,4.684048257372657,49.03619302949065,5109.585790884718,13.315013404825738,746
622,171.0,2.0,0.3333333333333333,29.0,0.0,1.0999999999999932,12.99999999999993,2528.0,20.666666666666668,3
623,172.0,0.0,0.7058823529411765,33.450980392156865,0.5424836601307189,3.670588235294116,40.941176470588225,4986.980392156863,22.124183006535947,153
624,172.0,1.0,0.35254691689008044,35.19436997319035,0.18230563002680966,4.716756032171586,49.28284182305633,5158.860589812332,13.323056300268096,746
625,172.0,2.0,0.3333333333333333,29.0,0.0,0.9999999999999932,11.99999999999993,2540.0,20.666666666666668,3
626,173.0,0.0,0.7058823529411765,33.60130718954248,0.5490196078431373,3.6607843137254887,40.84313725490195,5027.823529411765,22.15032679738562,153
627,173.0,1.0,0.35924932975871315,35.375335120643435,0.18230563002680966,4.725335120643435,49.40884718498663,5208.269436997319,13.328418230563003,746
628,173.0,2.0,0.3333333333333333,29.0,0.0,0.8999999999999931,10.99999999999993,2551.0,20.666666666666668,3
629,174.0,0.0,0.6666666666666666,33.75816993464052,0.5555555555555556,3.6549019607843127,40.54901960784313,5068.3725490196075,22.176470588235293,153
630,174.0,1.0,0.42761394101876676,35.53217158176944,0.18230563002680966,4.719436997319038,49.76005361930298,5258.021447721179,13.341823056300267,746
631,174.0,2.0,0.3333333333333333,29.0,0.0,0.799999999999993,9.99999999999993,2561.0,20.666666666666668,3
632,175.0,0.0,0.7712418300653595,33.89542483660131,0.5555555555555556,3.6372549019607834,40.999999999999986,5109.3725490196075,22.202614379084967,153
633,175.0,1.0,0.42359249329758714,35.72386058981233,0.1836461126005362,4.734450402144776,49.886058981233276,5307.907506702413,13.359249329758713,746
634,175.0,2.0,1.0,29.0,0.0,0.6999999999999931,12.99999999999993,2574.0,20.666666666666668,3
635,176.0,0.0,0.6862745098039216,34.111111111111114,0.5555555555555556,3.666666666666666,40.784313725490186,5150.156862745098,22.209150326797385,153
636,176.0,1.0,0.4839142091152815,35.89946380697051,0.1836461126005362,4.739812332439682,50.30160857908851,5358.209115281501,13.376675603217159,746
637,176.0,2.0,0.3333333333333333,29.666666666666668,0.0,0.999999999999993,11.999999999999929,2586.0,20.666666666666668,3
638,177.0,0.0,0.6842105263157895,34.28947368421053,0.5592105263157895,3.6736842105263148,40.84210526315789,5187.894736842105,22.236842105263158,152
639,177.0,1.0,0.36863270777479895,36.17024128686327,0.18498659517426275,4.8022788203753395,50.23458445040218,5408.435656836461,13.379356568364612,746
640,177.0,2.0,0.6666666666666666,29.666666666666668,0.0,0.8999999999999929,12.999999999999929,2599.0,20.666666666666668,3
641,178.0,0.0,0.6644736842105263,34.46052631578947,0.5657894736842105,3.676315789473684,40.74999999999999,5228.644736842105,22.25657894736842,152
642,178.0,1.0,0.4155495978552279,36.343163538873995,0.18498659517426275,4.806032171581774,50.5536193029491,5458.981233243968,13.382037533512065,746
643,178.0,2.0,0.3333333333333333,30.0,0.0,0.999999999999993,11.999999999999929,2611.0,20.666666666666668,3
644,179.0,0.0,0.6973684210526315,34.61842105263158,0.5789473684210527,3.6710526315789465,40.89473684210526,5269.539473684211,22.289473684210527,152
645,179.0,1.0,0.39544235924932974,36.54959785522788,0.18498659517426275,4.829892761394107,50.67158176943703,5509.63672922252,13.384718498659517,746
646,179.0,2.0,0.3333333333333333,30.0,0.0,0.8999999999999929,10.999999999999929,2622.0,20.666666666666668,3
647,180.0,0.0,0.6907894736842105,34.78947368421053,0.5789473684210527,3.6736842105263157,40.88157894736842,5310.421052631579,22.30263157894737,152
648,180.0,1.0,0.4597855227882037,36.702412868632706,0.18498659517426275,4.821581769437001,50.97453083109924,5560.611260053619,13.400804289544237,746
649,180.0,2.0,0.3333333333333333,30.0,0.0,0.799999999999993,9.99999999999993,2632.0,20.666666666666668,3
650,181.0,0.0,0.7302631578947368,34.94078947368421,0.5789473684210527,3.664473684210526,41.02631578947368,5351.4473684210525,22.342105263157894,152
651,181.0,1.0,0.467828418230563,36.89008042895443,0.18498659517426275,4.834182305630032,51.1487935656837,5611.760053619303,13.412868632707776,746
652,181.0,2.0,0.6666666666666666,30.0,0.0,0.699999999999993,10.999999999999929,2643.0,20.666666666666668,3
653,182.0,0.0,0.7368421052631579,35.11842105263158,0.5789473684210527,3.6710526315789473,41.13157894736842,5392.578947368421,22.36842105263158,152
654,182.0,1.0,0.49195710455764075,37.071045576407506,0.1876675603217158,4.842761394101882,51.37935656836466,5663.139410187668,13.432975871313673,746
655,182.0,2.0,0.6666666666666666,30.333333333333332,0.0,0.7999999999999928,11.999999999999929,2655.0,20.666666666666668,3
656,183.0,0.0,0.7483443708609272,35.317880794701985,0.609271523178808,3.6913907284768213,41.40397350993377,5446.867549668874,22.37748344370861,151
657,183.0,1.0,0.4080536912751678,37.328859060402685,0.1825503355704698,4.897449664429535,51.422818791946355,5718.83355704698,13.441610738255033,745
658,183.0,2.0,0.3333333333333333,30.666666666666668,0.0,0.8999999999999929,10.999999999999929,2666.0,21.0,3
659,184.0,0.0,0.72,35.553333333333335,0.6133333333333333,3.7319999999999998,41.64,5491.6,22.466666666666665,150
660,184.0,1.0,0.43087248322147653,37.515436241610736,0.1825503355704698,4.909395973154368,51.67919463087253,5770.512751677852,13.446979865771812,745
661,184.0,2.0,0.3333333333333333,30.666666666666668,0.0,0.799999999999993,9.999999999999929,2676.0,21.0,3
662,185.0,0.0,0.7333333333333333,35.72,0.6133333333333333,3.7319999999999998,41.72,5533.32,22.493333333333332,150
663,185.0,1.0,0.45234899328859063,37.70872483221476,0.1825503355704698,4.925369127516785,51.96778523489938,5822.480536912752,13.449664429530202,745
664,185.0,2.0,0.6666666666666666,30.666666666666668,0.0,0.699999999999993,10.999999999999929,2687.0,21.0,3
665,186.0,0.0,0.72,35.873333333333335,0.6133333333333333,3.724,41.56,5574.88,22.513333333333332,150
666,186.0,1.0,0.4697986577181208,37.893959731543625,0.1825503355704698,4.9365100671141,52.18389261744972,5874.664429530201,13.45503355704698,745
667,186.0,2.0,0.6666666666666666,31.0,0.0,0.799999999999993,11.999999999999929,2699.0,21.0,3
668,187.0,0.0,0.7933333333333333,36.00666666666667,0.62,3.704,41.8,5616.68,22.586666666666666,150
669,187.0,1.0,0.49530201342281877,38.06174496644295,0.1825503355704698,4.937181208053697,52.34362416107388,5927.0,13.468456375838926,745
670,187.0,2.0,1.0,31.0,0.0,0.699999999999993,12.999999999999929,2712.0,21.0,3
671,188.0,0.0,0.6866666666666666,36.22666666666667,0.6266666666666667,3.7360000000000007,41.48,5658.12,22.66,150
672,188.0,1.0,0.5302013422818792,38.24026845637584,0.18389261744966443,4.944295302013429,52.62416107382556,5979.624161073825,13.488590604026845,745
673,188.0,2.0,0.6666666666666666,31.333333333333332,0.0,0.7999999999999958,11.999999999999927,2724.0,21.0,3
674,189.0,0.0,0.7619047619047619,36.49659863945578,0.6190476190476191,3.79795918367347,42.551020408163275,5744.673469387755,22.625850340136054,147
675,189.0,1.0,0.423956931359354,38.52220726783311,0.18304172274562583,5.013458950201891,52.67833109017503,6041.833109017497,13.468371467025571,743
676,189.0,2.0,0.0,32.0,0.0,1.0999999999999939,10.999999999999936,2516.0,21.0,2
677,190.0,0.0,0.7210884353741497,36.70068027210884,0.6258503401360545,3.820408163265307,42.530612244897966,5787.2040816326535,22.64625850340136,147
678,190.0,1.0,0.4535666218034993,38.69313593539704,0.18304172274562583,5.016016150740249,52.88156123822349,6094.71467025572,13.471063257065948,743
679,190.0,2.0,0.5,32.0,0.0,0.9999999999999937,12.999999999999936,2529.0,21.0,2
680,191.0,0.0,0.7619047619047619,36.863945578231295,0.6326530612244898,3.8183673469387758,42.75510204081633,5829.959183673469,22.666666666666668,147
681,191.0,1.0,0.49663526244952894,38.864064602960966,0.18304172274562583,5.018573351278607,53.165545087483245,6147.872139973082,13.480484522207268,743
682,191.0,2.0,0.0,32.5,0.0,1.1999999999999937,11.999999999999938,2541.0,21.0,2
683,192.0,0.0,0.6394557823129252,37.06802721088435,0.6326530612244898,3.840816326530613,42.24489795918368,5872.2040816326535,22.68027210884354,147
684,192.0,1.0,0.5181695827725438,39.049798115746974,0.18304172274562583,5.030013458950209,53.40915208613735,6201.28129205922,13.48721399730821,743
685,192.0,2.0,0.0,32.5,0.0,1.0999999999999936,10.999999999999936,2552.0,21.5,2
686,193.0,0.0,0.7482993197278912,37.156462585034014,0.6326530612244898,3.7938775510204095,42.42857142857144,5914.632653061224,22.707482993197278,147
687,193.0,1.0,0.5477792732166891,39.22341857335128,0.18304172274562583,5.0341857335127935,53.62853297442806,6254.909825033647,13.507402422611037,743
688,193.0,2.0,0.5,32.5,0.0,0.9999999999999936,12.999999999999936,2565.0,21.5,2
689,194.0,0.0,0.7414965986394558,37.333333333333336,0.6394557823129252,3.8000000000000007,42.44897959183674,5957.081632653061,22.72108843537415,147
690,194.0,1.0,0.5518169582772544,39.43203230148048,0.18304172274562583,5.059353970390317,53.90444145356669,6308.806191117093,13.518169582772543,743
691,194.0,2.0,0.0,33.0,0.0,1.1999999999999937,11.999999999999936,2577.0,21.5,2
692,195.0,0.0,0.7103448275862069,37.59310344827586,0.6482758620689655,3.857241379310346,42.8344827586207,6012.4,22.724137931034484,145
693,195.0,1.0,0.5013477088948787,39.681940700808624,0.1792452830188679,5.109299191374671,54.10107816711598,6367.629380053909,13.520215633423181,742
694,195.0,2.0,0.0,33.0,0.0,1.1499999999999935,11.499999999999934,2588.5,21.5,2
695,196.0,0.0,0.7202797202797203,37.84615384615385,0.6293706293706294,3.907692307692309,43.398601398601414,6086.307692307692,22.706293706293707,143
696,196.0,1.0,0.4973045822102426,39.89353099730458,0.1792452830188679,5.136253369272245,54.34636118598391,6421.975741239892,13.522911051212938,742
697,196.0,2.0,0.0,35.0,0.0,2.199999999999987,21.99999999999987,3618.0,23.0,1
698,197.0,0.0,0.7272727272727273,37.96503496503497,0.6363636363636364,3.879020979020981,43.15384615384617,6129.461538461538,22.762237762237763,143
699,197.0,1.0,0.5202156334231806,40.08355795148248,0.1792452830188679,5.150269541778984,54.62398921832892,6476.591644204852,13.526954177897574,742
700,197.0,2.0,0.0,35.0,0.0,2.0999999999999868,20.999999999999865,3639.0,23.0,1
701,198.0,0.0,0.7972027972027972,38.09090909090909,0.6433566433566433,3.8545454545454563,43.32867132867134,6172.79020979021,22.762237762237763,143
702,198.0,1.0,0.5336927223719676,40.26549865229111,0.1792452830188679,5.159433962264159,54.79649595687339,6531.380053908356,13.537735849056604,742
703,198.0,2.0,0.0,35.0,0.0,1.999999999999987,19.999999999999865,3659.0,23.0,1
704,199.0,0.0,0.7972027972027972,38.28671328671329,0.6433566433566433,3.8720279720279738,43.503496503496514,6216.293706293706,22.776223776223777,143
705,199.0,1.0,0.578167115902965,40.4177897574124,0.1792452830188679,5.150808625336936,54.97708894878714,6586.357142857143,13.560646900269541,742
706,199.0,2.0,0.0,35.0,0.0,1.8999999999999864,18.999999999999865,3678.0,23.0,1
707,200.0,0.0,0.7552447552447552,38.48951048951049,0.6573426573426573,3.8937062937062956,43.46853146853148,6259.762237762237,22.846153846153847,143
708,200.0,1.0,0.6320754716981132,40.60646900269542,0.1792452830188679,5.164016172506748,55.43261455525615,6641.781671159029,13.580862533692722,742
709,200.0,2.0,0.0,35.0,0.0,1.7999999999999865,17.999999999999865,3696.0,23.0,1
