episode,total_norms,cooperative_norms,proportion,reward,numerosity,fitness
1,28,5,17.857142857142858,8711.499999999996,27502,1164875.46
2,39,8,20.51282051282051,10615.499999999982,35265,1802603.700000001
3,34,3,8.823529411764707,4772.633333333328,22552,77822.20000000001
4,51,15,29.411764705882355,6837.899999999993,30144,1315893.9299999997
5,36,7,19.444444444444446,4369.866666666666,20010,284519.78999999986
6,22,6,27.27272727272727,4513.599999999994,17851,35667.36000000007
7,30,4,13.333333333333334,9864.99999999999,35621,1112625.9599999988
8,29,5,17.24137931034483,5046.699999999992,20650,61311.47999999987
9,13,1,7.6923076923076925,6757.400000000006,23241,2526682.320000001
10,16,2,12.5,382.6,2214,3879.960000000001
11,16,0,0.0,5812.4000000000015,21403,663168.5999999992
12,29,3,10.344827586206897,8323.799999999988,33842,969527.039999999
13,33,7,21.21212121212121,10812.999999999993,43150,3162413.520000001
14,28,4,14.285714285714285,1697.1999999999991,8155,10732.44
15,16,2,12.5,232.26666666666674,1020,2172.540000000001
16,17,2,11.76470588235294,3589.499999999995,18998,204022.43999999997
17,31,8,25.806451612903224,3914.066666666667,18881,251094.22000000006
18,17,2,11.76470588235294,3295.1999999999953,11377,10838.399999999992
19,22,2,9.090909090909092,187.99999999999997,1138,384.78000000000003
20,20,1,5.0,4067.199999999996,17356,81330.95999999998
21,15,2,13.333333333333334,965.9999999999995,5205,11928.240000000005
22,12,0,0.0,2533.6000000000017,12436,106506.96
23,16,1,6.25,2859.399999999999,11413,99056.84000000004
24,23,5,21.73913043478261,3522.899999999996,14952,36643.19999999993
25,23,4,17.391304347826086,909.6000000000004,4480,11980.32
26,25,7,28.000000000000004,1008.9000000000007,5186,17354.82
27,28,3,10.714285714285714,6689.599999999994,29218,216524.16000000006
28,23,5,21.73913043478261,613.8333333333335,2559,7041.240000000002
29,18,3,16.666666666666664,2781.599999999998,11140,48668.15999999995
30,32,7,21.875,5233.000000000003,20232,137659.6400000001
31,16,2,12.5,3508.1999999999935,14456,55499.39999999991
32,35,3,8.571428571428571,1535.9999999999995,5298,14011.830000000004
33,10,1,10.0,808.7999999999996,2876,1287.8399999999983
34,32,4,12.5,7910.866666666658,28664,1791809.5199999998
35,21,1,4.761904761904762,1139.6,4873,38090.399999999994
36,14,3,21.428571428571427,2677.8999999999974,8694,5250.800000000005
37,27,6,22.22222222222222,794.8333333333329,4523,26863.640000000014
38,33,6,18.181818181818183,7900.2,28700,538375.7399999994
39,41,7,17.073170731707318,4927.900000000002,18520,244218.72000000003
40,15,1,6.666666666666667,2761.1999999999944,13740,32500.799999999974
41,14,1,7.142857142857142,846.4000000000001,3983,20890.440000000006
42,35,10,28.57142857142857,4645.333333333331,19183,306573.8999999999
43,11,1,9.090909090909092,186.39999999999995,980,1041.6
44,44,8,18.181818181818183,7718.866666666665,33496,445587.8100000005
45,23,2,8.695652173913043,10396.399999999998,33566,5151687.600000001
46,42,5,11.904761904761903,9909.499999999993,36944,1450867.24
47,30,7,23.333333333333332,1445.0,5028,19731.3
48,23,0,0.0,2948.2000000000007,13135,66405.24000000005
49,36,10,27.77777777777778,2370.333333333335,9609,137270.0299999999
50,15,1,6.666666666666667,4199.200000000001,16418,88750.55999999992
51,25,1,4.0,2975.866666666665,14255,91452.60000000002
52,37,8,21.62162162162162,1477.7999999999997,7134,39080.04000000004
53,41,5,12.195121951219512,1604.1999999999996,5385,14298.539999999995
54,15,2,13.333333333333334,1056.666666666667,4633,18873.559999999998
55,46,11,23.91304347826087,5038.9333333333325,21682,237481.9800000001
56,10,1,10.0,224.3,1345,3345.599999999999
57,3,0,0.0,20.0,153,32.160000000000004
58,6,0,0.0,204.00000000000006,1056,1280.6399999999999
59,18,1,5.555555555555555,11303.399999999998,35638,4259917.4399999995
60,12,1,8.333333333333332,7703.0,36346,4877332.080000003
61,6,0,0.0,25.6,341,12.000000000000002
62,14,3,21.428571428571427,4035.2999999999943,15776,337472.4000000001
63,36,5,13.88888888888889,7705.799999999994,28056,970595.7600000007
64,12,3,25.0,109.60000000000001,730,1266.0
65,39,4,10.256410256410255,6029.233333333333,29187,716630.5599999998
66,29,3,10.344827586206897,2695.866666666666,11048,67431.28000000003
67,24,3,12.5,10757.900000000001,35015,3881169.67
68,26,5,19.230769230769234,5160.6999999999925,19470,285316.08
69,15,4,26.666666666666668,88.10000000000004,603,89.64000000000001
70,9,1,11.11111111111111,223.2666666666667,1197,1345.4399999999991
71,31,8,25.806451612903224,2159.199999999999,9410,77009.27999999997
72,16,1,6.25,536.6000000000001,2644,5490.720000000001
73,20,3,15.0,3758.3333333333358,15202,538979.5000000002
74,27,8,29.629629629629626,6797.233333333326,24056,1394890.35
75,9,1,11.11111111111111,192.60000000000005,903,628.3199999999995
76,29,2,6.896551724137931,7736.599999999989,27341,2697066.1799999997
77,15,1,6.666666666666667,1097.4,5235,12347.399999999998
78,44,7,15.909090909090908,7148.233333333328,32636,459234.96000000054
79,11,0,0.0,558.0,2756,11075.04
80,32,3,9.375,8863.399999999998,31082,1020196.7400000002
81,24,3,12.5,7879.499999999992,25859,1832187.2100000004
82,42,13,30.952380952380953,8796.199999999986,35937,896442.15
83,12,2,16.666666666666664,868.4999999999998,3226,5313.6
84,15,1,6.666666666666667,3527.7999999999956,16314,74222.8799999999
85,15,2,13.333333333333334,8232.399999999998,26651,3345268.6799999997
86,17,2,11.76470588235294,6508.59999999999,19880,1424166.7200000004
87,23,4,17.391304347826086,11228.19999999999,37210,4930169.250000003
88,37,5,13.513513513513514,8318.366666666663,28288,783641.3500000001
89,20,1,5.0,3066.399999999993,12101,14092.32000000001
90,41,7,17.073170731707318,12180.699999999997,45266,1084977.6000000006
91,33,3,9.090909090909092,8896.833333333327,31308,956635.0799999998
92,28,6,21.428571428571427,2568.0666666666684,13645,188383.68999999992
93,30,4,13.333333333333334,522.2666666666669,2466,13216.519999999997
94,23,1,4.3478260869565215,3552.3999999999983,14976,131061.71999999994
95,3,0,0.0,60.0,224,269.2800000000001
96,43,6,13.953488372093023,4397.999999999996,19467,235901.75999999998
97,30,5,16.666666666666664,6022.79999999999,22915,923123.1000000001
98,11,1,9.090909090909092,75.80000000000001,528,972.9599999999998
99,21,3,14.285714285714285,1647.9999999999998,6285,6345.600000000004
100,24,5,20.833333333333336,7007.633333333328,30144,1999075.9799999997
101,18,0,0.0,1352.5999999999985,4685,3629.52
102,16,0,0.0,201.59999999999997,1104,1105.9199999999996
103,15,2,13.333333333333334,1326.2999999999977,6821,7011.960000000003
104,32,5,15.625,1716.433333333334,6406,16521.329999999994
105,29,6,20.689655172413794,3236.199999999995,12649,22000.56000000001
106,18,1,5.555555555555555,2604.399999999998,10583,211983.12000000002
107,24,4,16.666666666666664,9236.43333333333,31926,4837919.6
108,10,0,0.0,4975.2,21056,2336036.64
109,32,5,15.625,2288.3999999999987,9098,101325.84
110,36,6,16.666666666666664,5876.16666666666,24936,289474.2500000002
111,48,11,22.916666666666664,6917.766666666658,31318,714862.7500000003
112,18,1,5.555555555555555,6676.133333333331,22745,570264.3599999989
113,28,3,10.714285714285714,1178.3000000000006,5862,55308.59999999997
114,22,1,4.545454545454546,2285.2333333333327,12775,465580.3600000001
115,16,2,12.5,955.2666666666668,4270,23537.40000000001
116,38,4,10.526315789473683,12326.799999999988,43750,1026051.24
117,27,1,3.7037037037037033,8701.199999999995,37138,3496343.5200000005
118,18,1,5.555555555555555,6184.566666666666,24808,1469966.8800000004
119,22,2,9.090909090909092,2109.0666666666652,9793,38546.519999999975
120,50,11,22.0,8987.099999999995,37646,466007.8800000002
121,21,2,9.523809523809524,1028.9333333333334,4307,12709.679999999998
122,28,5,17.857142857142858,2763.5999999999985,9504,34909.919999999984
123,29,4,13.793103448275861,858.5999999999996,3689,13452.119999999995
124,20,2,10.0,178.4000000000001,894,1950.5600000000002
125,15,1,6.666666666666667,253.40000000000006,1368,2134.5599999999995
126,8,0,0.0,197.59999999999997,882,1106.8799999999997
127,9,0,0.0,159.6,889,669.3599999999999
128,9,0,0.0,237.19999999999996,1206,2903.5199999999995
129,28,4,14.285714285714285,10001.766666666661,32983,1600434.8400000008
130,10,0,0.0,186.40000000000003,860,321.6
131,39,4,10.256410256410255,2002.099999999999,7224,225617.58000000002
132,23,5,21.73913043478261,3618.566666666665,14421,69748.80000000005
133,21,4,19.047619047619047,5183.799999999994,22306,195946.80000000005
134,15,1,6.666666666666667,230.20000000000002,1206,1242.6599999999999
135,17,3,17.647058823529413,2754.3999999999933,10695,15974.400000000036
136,19,2,10.526315789473683,734.0000000000001,2967,9357.360000000002
137,29,2,6.896551724137931,4785.899999999995,20052,136839.95999999996
138,44,10,22.727272727272727,8076.866666666657,33087,815229.5799999991
139,6,0,0.0,175.4000000000001,1526,2738.28
140,19,1,5.263157894736842,9830.800000000008,33710,3160106.9399999995
141,23,4,17.391304347826086,6447.633333333331,23006,1646442.5599999998
142,30,6,20.0,981.1333333333338,4890,18494.48
143,30,7,23.333333333333332,817.9999999999999,3814,20274.479999999992
144,10,1,10.0,1737.9999999999982,7300,15562.080000000013
145,35,4,11.428571428571429,8873.36666666666,30936,928811.0100000002
146,29,3,10.344827586206897,5590.399999999992,24161,1600325.7199999983
147,17,2,11.76470588235294,5446.966666666663,19718,814368.99
148,22,3,13.636363636363635,1017.5000000000008,3528,18688.83000000002
149,41,8,19.51219512195122,2509.0,11619,79707.26000000004
150,7,1,14.285714285714285,66.8,348,245.52000000000004
151,20,2,10.0,9865.699999999995,33632,5949027.959999999
152,14,0,0.0,180.60000000000002,950,3079.0800000000004
153,19,1,5.263157894736842,8611.999999999998,39622,1038383.7599999994
154,39,5,12.82051282051282,5214.199999999995,27196,956708.7600000006
155,12,0,0.0,6822.4,29891,2614114.8000000017
156,27,3,11.11111111111111,11189.599999999991,35195,6426857.279999998
157,10,0,0.0,240.80000000000004,1617,1962.7199999999993
158,11,1,9.090909090909092,62.8,288,14.400000000000002
159,36,4,11.11111111111111,7082.9333333333325,33864,1289907.450000001
160,27,4,14.814814814814813,1341.6333333333332,6670,22991.540000000005
161,39,5,12.82051282051282,7214.833333333327,27713,1193442.2399999995
162,22,3,13.636363636363635,1669.1666666666654,7256,120235.52000000002
163,5,0,0.0,229.6,1072,3253.92
164,25,6,24.0,5923.599999999994,23279,102061.79999999987
165,33,3,9.090909090909092,7716.499999999991,37104,246851.38
166,42,15,35.714285714285715,1694.1666666666665,8043,89560.00000000003
167,16,1,6.25,4865.799999999996,17263,178115.52000000028
168,26,2,7.6923076923076925,12019.799999999987,39498,1805252.3399999999
169,20,0,0.0,637.5999999999995,3463,12549.119999999999
170,25,6,24.0,8273.099999999993,30305,2018873.4500000002
171,13,1,7.6923076923076925,289.3333333333333,1862,3652.0499999999997
172,11,1,9.090909090909092,163.60000000000005,936,1436.4
173,22,2,9.090909090909092,6652.73333333333,21286,1086787.7100000002
174,18,1,5.555555555555555,3460.8999999999937,12347,37416.72
175,29,5,17.24137931034483,10900.099999999997,35099,1824996.7699999993
176,5,0,0.0,120.39999999999999,761,622.3200000000002
177,42,14,33.33333333333333,3130.6333333333328,13366,189893.4000000001
178,18,3,16.666666666666664,576.0000000000003,2641,2597.8799999999997
179,25,7,28.000000000000004,512.4333333333334,2661,12848.72
180,10,1,10.0,1996.9999999999968,8794,9901.200000000008
181,21,1,4.761904761904762,450.0000000000003,2232,3972.240000000001
182,48,12,25.0,11165.766666666652,43261,1060151.5700000005
183,14,0,0.0,364.8,1987,2578.800000000001
184,33,6,18.181818181818183,1855.2666666666664,6830,8829.480000000001
185,6,0,0.0,5941.599999999996,21970,2140889.039999996
186,35,4,11.428571428571429,8954.399999999992,39188,1533590.6400000004
187,27,4,14.814814814814813,9702.766666666666,32820,2877526.789999999
188,32,8,25.0,11722.799999999992,44081,1810013.2200000007
189,20,3,15.0,629.7666666666667,2572,4314.240000000001
190,23,3,13.043478260869565,1426.9666666666649,5315,97179.88999999994
191,17,1,5.88235294117647,341.6,1733,1979.16
192,33,6,18.181818181818183,11161.8,35738,2416456.5300000007
193,35,2,5.714285714285714,8054.266666666669,27845,4734541.740000004
194,4,0,0.0,347.20000000000005,1570,12385.919999999995
195,22,2,9.090909090909092,1766.8666666666657,6173,4643.640000000001
196,22,0,0.0,984.8000000000002,3987,19404.96
197,32,6,18.75,2977.7666666666637,11968,31004.12999999999
198,22,0,0.0,9378.799999999997,34024,1954994.9400000002
199,31,8,25.806451612903224,4796.566666666667,19557,342978.01000000007
200,31,1,3.225806451612903,5261.399999999993,21022,536057.5200000003
201,16,1,6.25,395.2000000000001,1966,7529.759999999999
202,37,9,24.324324324324326,2540.833333333333,11268,37404.47999999997
203,24,3,12.5,2063.633333333334,7897,25016.160000000003
204,53,13,24.528301886792452,4527.366666666662,19928,517394.06999999995
205,15,0,0.0,4509.399999999995,16724,1142410.2600000005
206,28,2,7.142857142857142,8989.6,35975,1802425.9200000006
207,40,7,17.5,7090.766666666662,27805,449160.79999999993
208,24,3,12.5,7559.0999999999985,34613,1166630.4000000006
209,33,4,12.121212121212121,10749.699999999988,41191,1203418.7700000005
210,22,6,27.27272727272727,3131.466666666665,11934,108649.49999999983
211,45,8,17.77777777777778,10102.700000000003,34357,2026263.040000003
212,28,0,0.0,3727.999999999999,13358,230825.27999999988
213,30,9,30.0,7165.466666666665,28377,1429015.88
214,19,4,21.052631578947366,5905.499999999993,24929,463348.3800000002
215,8,1,12.5,853.4999999999986,3377,5417.760000000002
216,34,8,23.52941176470588,9344.099999999991,33850,714614.6099999999
217,16,2,12.5,7058.233333333322,24831,1794641.2600000016
218,51,15,29.411764705882355,2008.7333333333333,8639,25257.729999999996
219,38,8,21.052631578947366,9525.166666666666,35641,864706.1600000003
220,23,3,13.043478260869565,872.5999999999995,3575,10227.360000000002
221,20,6,30.0,326.40000000000026,1325,2551.92
222,18,2,11.11111111111111,924.1999999999998,3351,7118.879999999997
223,40,6,15.0,6847.799999999992,25376,238442.34000000032
224,58,16,27.586206896551722,6615.999999999995,29066,258584.87999999998
225,35,7,20.0,1063.8,4312,13879.000000000005
226,36,10,27.77777777777778,8302.033333333333,31468,772627.3900000002
227,10,0,0.0,180.79999999999998,972,2066.8800000000006
228,16,4,25.0,139.20000000000002,743,386.4
229,37,5,13.513513513513514,8193.56666666666,31668,1032580.5599999997
230,46,6,13.043478260869565,9848.599999999999,41063,530679.78
231,39,12,30.76923076923077,1221.5666666666675,4899,10686.839999999997
232,36,10,27.77777777777778,1480.3999999999999,6042,30864.30000000002
233,43,8,18.6046511627907,1595.599999999999,6968,50370.95999999996
234,16,0,0.0,9364.6,33223,8155936.8
235,26,2,7.6923076923076925,9728.466666666654,39375,3625536.239999998
236,33,7,21.21212121212121,10828.733333333326,36859,2450481.720000001
237,41,8,19.51219512195122,5354.166666666671,22994,1118016.3899999997
238,16,1,6.25,2658.3999999999937,9963,16676.64
239,25,4,16.0,1306.4000000000003,5311,16741.92
240,37,5,13.513513513513514,10656.866666666667,38533,1479784.2799999993
241,27,2,7.4074074074074066,8947.500000000005,31868,1303215.089999999
242,20,1,5.0,344.39999999999975,1684,1236.1800000000003
243,25,1,4.0,10542.56666666666,32885,1886173.6199999999
244,44,7,15.909090909090908,9370.833333333328,34694,704406.6799999992
245,26,4,15.384615384615385,429.16666666666686,2249,3393.2700000000023
246,15,2,13.333333333333334,5930.599999999996,18307,2330997.1199999996
247,32,8,25.0,6586.1333333333305,23362,1178726.7999999998
248,38,10,26.31578947368421,4063.9999999999964,18179,334766.4000000002
249,23,4,17.391304347826086,2301.600000000001,9758,18147.35999999998
250,16,0,0.0,982.4000000000002,4525,10734.479999999996
251,33,6,18.181818181818183,11503.19999999998,38841,2758959.9300000006
252,13,1,7.6923076923076925,271.00000000000006,1231,4552.799999999999
253,33,3,9.090909090909092,4750.899999999995,20946,111832.20000000004
254,30,4,13.333333333333334,7932.966666666659,29692,692437.0800000002
255,13,1,7.6923076923076925,6250.799999999996,23297,4269096.42
256,14,5,35.714285714285715,1188.399999999999,4727,4801.440000000006
257,7,0,0.0,6200.999999999995,25034,3483674.8799999985
258,50,12,24.0,3997.3999999999937,19612,114787.80000000002
259,3,0,0.0,64.0,350,195.59999999999997
260,25,4,16.0,11842.200000000004,39032,3572816.9099999988
261,6,0,0.0,82.40000000000002,678,350.63999999999993
262,24,2,8.333333333333332,4238.999999999996,15832,269555.0399999998
263,31,3,9.67741935483871,7106.19999999999,28974,175256.52000000005
264,36,6,16.666666666666664,4048.899999999997,17224,223393.92
265,31,7,22.58064516129032,8175.199999999999,31146,1451749.7400000002
266,17,1,5.88235294117647,4329.199999999995,21748,333083.5800000002
267,36,11,30.555555555555557,3798.3333333333303,16743,36708.200000000004
268,12,1,8.333333333333332,2003.4666666666642,8338,5539.920000000007
269,6,1,16.666666666666664,674.3666666666662,2298,4275.359999999997
270,21,1,4.761904761904762,10060.19999999999,42119,2035664.5799999991
271,26,2,7.6923076923076925,8850.433333333338,29586,899778.3599999994
272,10,0,0.0,2666.399999999997,13218,118675.92000000003
273,40,11,27.500000000000004,2060.200000000002,8588,39491.040000000015
274,8,0,0.0,587.0,3082,18235.080000000013
275,21,1,4.761904761904762,458.6000000000001,2072,1290.84
276,24,1,4.166666666666666,1444.0,6058,32068.56
277,14,1,7.142857142857142,359.20000000000005,1678,1560.7199999999998
278,35,8,22.857142857142858,6223.03333333333,25706,378499.1399999997
279,32,8,25.0,2146.199999999999,8288,27057.359999999993
280,31,4,12.903225806451612,8770.999999999995,30133,1198682.56
281,25,2,8.0,618.0,2970,10464.839999999997
282,33,4,12.121212121212121,7683.999999999994,29382,2205308.579999999
283,33,2,6.0606060606060606,9317.599999999997,34153,1527154.9199999992
284,7,0,0.0,94.8,550,509.6399999999999
285,26,2,7.6923076923076925,8213.099999999991,30018,2556492.0
286,19,2,10.526315789473683,695.1999999999999,3056,9102.0
287,13,1,7.6923076923076925,681.9333333333332,2255,9578.880000000001
288,19,0,0.0,10251.099999999997,31405,5505186.539999998
289,11,1,9.090909090909092,1735.199999999999,6090,127849.61999999994
290,31,4,12.903225806451612,10282.599999999988,37390,755855.3400000001
291,22,2,9.090909090909092,8928.366666666656,25922,1327236.52
292,46,17,36.95652173913043,4146.499999999998,20366,503165.10000000015
293,48,12,25.0,8896.266666666663,33822,951724.19
294,55,16,29.09090909090909,3420.2666666666687,16736,379392.09000000026
295,26,2,7.6923076923076925,1701.1999999999996,5811,11485.619999999997
296,13,1,7.6923076923076925,1979.2666666666655,7000,292725.60000000003
297,25,3,12.0,1082.7333333333336,3928,5200.079999999998
298,27,6,22.22222222222222,6682.499999999994,27488,2440917.21
299,25,3,12.0,7045.899999999998,30779,2278292.8499999987
300,28,3,10.714285714285714,8461.466666666667,34887,3068107.7199999997
301,18,2,11.11111111111111,8979.366666666665,26744,5527267.620000002
302,10,1,10.0,240.79999999999995,1040,840.4800000000001
303,17,2,11.76470588235294,2629.000000000001,10673,94547.28000000003
304,32,2,6.25,12074.866666666663,41050,1762275.48
305,5,0,0.0,32.800000000000004,258,215.28000000000006
306,18,0,0.0,10489.0,33641,5755403.220000001
307,16,1,6.25,117.26666666666665,859,520.8
308,33,8,24.242424242424242,7352.16666666666,28666,302546.39999999973
309,38,9,23.684210526315788,1179.3999999999996,5011,24864.060000000012
310,21,3,14.285714285714285,10785.499999999996,34377,3190734.1799999992
311,24,3,12.5,1658.3333333333321,6780,126743.1
312,23,4,17.391304347826086,783.4,2980,3895.2
313,30,4,13.333333333333334,10585.399999999987,37426,1091348.8799999997
314,11,1,9.090909090909092,1576.7999999999993,7146,2544.4799999999923
315,22,1,4.545454545454546,9115.999999999989,33131,2173269.239999999
316,30,4,13.333333333333334,7813.899999999997,35379,384747.19999999984
317,37,9,24.324324324324326,5502.399999999999,21170,1363964.6400000006
318,27,5,18.51851851851852,5630.200000000001,22230,1407138.119999998
319,38,6,15.789473684210526,8370.199999999992,35769,294160.5600000001
320,33,7,21.21212121212121,969.2000000000002,4634,34642.8
321,25,6,24.0,3135.7333333333313,11947,91176.69999999998
322,35,8,22.857142857142858,2075.566666666666,8471,42913.53000000002
323,30,5,16.666666666666664,6978.033333333329,26214,248138.4600000004
324,40,13,32.5,6200.633333333335,27178,253022.76000000015
325,27,4,14.814814814814813,2823.4999999999964,14940,28859.399999999994
326,32,5,15.625,10773.799999999992,40187,1739483.9100000001
327,25,5,20.0,5540.96666666666,24808,530115.75
328,24,4,16.666666666666664,8105.69999999999,29474,2330879.5199999996
329,25,4,16.0,2971.5999999999985,11451,25959.210000000014
330,19,2,10.526315789473683,4204.399999999993,14782,70880.87999999999
331,16,1,6.25,4650.399999999998,16473,337300.31999999954
332,14,2,14.285714285714285,7738.799999999996,30011,3364575.600000003
333,25,2,8.0,8709.699999999995,27138,3972958.6800000006
334,25,4,16.0,11312.533333333336,44442,7937937.3400000045
335,13,1,7.6923076923076925,86.16666666666664,766,694.88
336,29,5,17.24137931034483,8150.933333333334,36710,1531785.2600000002
337,19,2,10.526315789473683,3560.4666666666676,12024,27846.95999999999
338,8,0,0.0,351.2000000000001,1820,5565.12
339,19,3,15.789473684210526,2463.3666666666654,10165,61498.52
340,26,4,15.384615384615385,6532.366666666657,24992,180295.3999999998
341,18,2,11.11111111111111,3446.3999999999965,13610,35813.03999999998
342,11,1,9.090909090909092,1504.0,7027,63292.31999999996
343,34,8,23.52941176470588,4050.133333333336,14749,143624.07000000012
344,23,1,4.3478260869565215,706.2333333333333,3306,10354.680000000002
345,39,9,23.076923076923077,9853.066666666666,36042,1535728.109999999
346,14,0,0.0,6053.599999999995,22204,229758.96000000005
347,15,2,13.333333333333334,8186.733333333342,26567,3666905.9699999997
348,29,8,27.586206896551722,4774.699999999999,20824,190727.7600000002
349,25,5,20.0,268.3666666666668,1400,1252.4400000000005
350,16,2,12.5,9079.599999999999,29237,4445168.279999998
351,17,4,23.52941176470588,2933.1999999999975,11130,54732.640000000065
352,38,8,21.052631578947366,8255.566666666658,34569,274088.0100000002
353,20,1,5.0,1499.9999999999995,7456,11802.960000000006
354,12,0,0.0,6894.400000000005,23603,5180391.36
355,10,2,20.0,101.19999999999999,539,305.04
356,41,5,12.195121951219512,7112.999999999999,34083,734923.1699999993
357,40,9,22.5,2511.5999999999976,11068,57302.039999999986
358,21,3,14.285714285714285,8781.366666666676,26502,1072464.6200000003
359,16,1,6.25,307.1333333333335,1976,4022.7600000000007
360,36,5,13.88888888888889,3571.299999999997,16791,324104.4599999999
361,41,13,31.70731707317073,9762.433333333334,42090,617170.0
362,18,2,11.11111111111111,10135.299999999988,31906,3045927.8700000006
363,21,3,14.285714285714285,8331.86666666666,28283,2965738.44
364,17,3,17.647058823529413,2734.9999999999964,9454,29344.559999999965
365,24,2,8.333333333333332,11479.199999999997,38019,2461869.0000000005
366,14,0,0.0,7213.199999999997,29259,6602709.72
367,24,4,16.666666666666664,2591.533333333332,11206,40076.82000000001
368,29,6,20.689655172413794,4889.799999999999,21737,197958.33000000028
369,14,2,14.285714285714285,615.2000000000002,2386,895.2000000000002
370,18,3,16.666666666666664,2460.9999999999977,8319,21556.040000000023
371,10,0,0.0,718.3999999999997,3501,23568.96
372,9,1,11.11111111111111,795.5999999999982,4625,900.7199999999979
373,5,1,20.0,1491.1999999999998,7126,110508.72000000019
374,32,8,25.0,8817.333333333328,34688,514609.3199999995
375,28,4,14.285714285714285,3188.0,13100,51280.320000000036
376,29,5,17.24137931034483,8472.399999999996,28861,450366.9000000002
377,8,0,0.0,286.40000000000003,1186,1271.9999999999993
378,26,3,11.538461538461538,946.0999999999992,4308,59590.950000000026
379,35,5,14.285714285714285,13236.999999999996,47219,1215276.2399999998
380,29,7,24.137931034482758,10153.7,38879,2375853.0299999993
381,19,3,15.789473684210526,2274.4999999999986,11812,81331.61999999994
382,32,5,15.625,9074.799999999992,32262,1861957.92
383,27,3,11.11111111111111,9289.499999999989,33031,3260875.7699999996
384,19,6,31.57894736842105,471.7666666666666,1839,1233.2400000000002
385,21,5,23.809523809523807,2681.399999999999,9962,93108.95999999998
386,25,4,16.0,9650.833333333332,32538,2198069.5299999993
387,33,8,24.242424242424242,7460.9333333333225,29487,775863.7500000001
388,29,5,17.24137931034483,9588.633333333331,34494,1213623.6900000004
389,26,3,11.538461538461538,8111.099999999997,31867,1147568.0400000003
390,27,6,22.22222222222222,2286.7333333333318,10232,38197.82000000002
391,23,1,4.3478260869565215,7323.199999999999,24685,769385.2800000003
392,21,2,9.523809523809524,9659.399999999992,34025,6231883.380000003
393,24,7,29.166666666666668,1014.333333333333,3885,8781.360000000008
394,48,11,22.916666666666664,4362.099999999998,15796,36919.95
395,35,11,31.428571428571427,9803.63333333333,36758,830892.2700000008
396,36,9,25.0,3332.833333333332,14204,33350.399999999994
397,34,11,32.35294117647059,1059.6,5588,44754.47999999999
398,10,0,0.0,148.00000000000006,768,508.80000000000024
399,32,4,12.5,2069.733333333334,8177,15439.800000000008
400,25,2,8.0,5957.599999999991,26140,132784.56
401,34,9,26.47058823529412,8185.5999999999985,30015,304611.7199999999
402,30,2,6.666666666666667,8080.199999999987,31555,563704.5600000003
403,26,1,3.8461538461538463,11779.233333333328,37298,2380884.72
404,48,17,35.41666666666667,2312.5,11390,40541.75999999997
405,11,0,0.0,238.4,830,3136.8
406,30,5,16.666666666666664,10384.499999999989,36800,4044087.660000002
407,37,3,8.108108108108109,8261.766666666663,37403,1161356.7800000012
408,19,1,5.263157894736842,2799.9000000000005,12455,124032.83999999991
409,19,3,15.789473684210526,6419.799999999996,24064,1153093.920000001
410,25,1,4.0,3603.2000000000016,12931,221088.23999999996
411,27,4,14.814814814814813,1281.7666666666676,4508,19787.039999999997
412,38,7,18.421052631578945,7156.033333333326,27216,181361.92000000016
413,33,3,9.090909090909092,9880.999999999996,36385,2123904.96
414,2,0,0.0,55.999999999999986,452,778.5600000000002
415,19,2,10.526315789473683,1059.4,5644,7943.460000000004
416,51,11,21.568627450980394,9847.63333333333,36340,1078294.4100000001
417,20,2,10.0,9132.499999999995,29836,4283251.26
418,34,10,29.411764705882355,4063.600000000002,15688,366093.06000000075
419,39,8,20.51282051282051,3573.8,16461,185369.82000000012
420,20,5,25.0,437.03333333333353,1955,4029.4799999999987
421,33,7,21.21212121212121,7841.933333333325,27206,958097.3700000002
422,18,3,16.666666666666664,3028.999999999994,11792,38058.00000000001
423,36,5,13.88888888888889,8226.866666666658,31457,520818.0299999999
424,27,2,7.4074074074074066,11345.599999999999,39945,2147685.42
425,27,1,3.7037037037037033,3490.5999999999945,17315,204433.9199999999
426,24,4,16.666666666666664,7013.499999999998,23678,904341.36
427,38,5,13.157894736842104,6234.766666666663,24794,1163133.5699999998
428,38,8,21.052631578947366,4082.366666666664,14051,112368.24
429,10,1,10.0,6348.433333333332,19035,3746227.4999999986
430,33,2,6.0606060606060606,2311.699999999999,10567,84339.00000000004
431,25,1,4.0,6932.79999999999,26180,130459.14000000003
432,19,1,5.263157894736842,11206.166666666657,37453,2770773.9599999995
433,22,4,18.181818181818183,8793.36666666666,30562,3532555.3200000003
434,36,8,22.22222222222222,1153.7666666666657,4660,11408.850000000004
435,26,5,19.230769230769234,1932.2000000000003,7153,16517.999999999985
436,25,6,24.0,515.4666666666665,2534,2147.28
437,34,3,8.823529411764707,8423.19999999999,31635,481391.9400000004
438,47,12,25.53191489361702,9353.699999999995,39995,573595.8900000002
439,37,6,16.216216216216218,12209.799999999981,45232,2035636.6000000003
440,27,2,7.4074074074074066,6777.59999999999,27945,865647.1199999998
441,25,1,4.0,11779.199999999997,37299,2083479.3599999999
442,37,8,21.62162162162162,9464.533333333322,40837,350865.3800000003
443,12,2,16.666666666666664,281.3333333333335,1381,2108.880000000001
444,29,6,20.689655172413794,4659.2999999999965,17886,301651.8000000001
445,12,0,0.0,1248.1999999999982,6051,8557.080000000004
446,18,2,11.11111111111111,581.6,2960,8651.999999999998
447,24,3,12.5,910.8,3505,9432.599999999997
448,16,0,0.0,7947.199999999992,35878,2504664.4799999977
449,34,7,20.588235294117645,6774.399999999988,28108,396040.44
450,19,1,5.263157894736842,253.53333333333327,1435,1688.34
451,25,6,24.0,194.20000000000016,676,978.2699999999999
452,31,6,19.35483870967742,4002.6,15564,289138.02
453,39,5,12.82051282051282,10409.899999999985,41278,603604.1399999993
454,3,0,0.0,33.599999999999994,298,485.7600000000001
455,35,9,25.71428571428571,5410.533333333332,22710,656829.11
456,54,12,22.22222222222222,6614.799999999991,25195,268055.63999999984
457,45,13,28.888888888888886,6116.46666666666,27166,483690.7900000003
458,13,0,0.0,925.7999999999998,4493,24328.560000000023
459,14,0,0.0,3784.799999999996,15706,428026.08000000013
460,30,4,13.333333333333334,1045.9666666666667,4467,16840.08000000001
461,27,1,3.7037037037037033,9932.699999999993,34993,3405033.69
462,9,0,0.0,51.6,384,207.84000000000006
463,20,4,20.0,9582.4,37678,1896665.1899999995
464,37,7,18.91891891891892,9354.033333333327,35744,880595.0699999998
465,35,6,17.142857142857142,10034.733333333334,38153,1336244.8499999999
466,39,6,15.384615384615385,5811.899999999995,24404,238588.76999999987
467,12,0,0.0,657.5999999999991,4545,11508.960000000006
468,43,6,13.953488372093023,9993.8,35576,1116435.8399999999
469,52,11,21.153846153846153,9428.999999999995,34672,878240.0500000005
470,38,8,21.052631578947366,10347.999999999989,34759,2136800.8199999994
471,20,4,20.0,3588.9999999999964,14025,281459.04
472,49,8,16.3265306122449,4466.399999999998,19558,125787.79000000007
473,26,3,11.538461538461538,6633.999999999994,26274,446568.9599999997
474,26,2,7.6923076923076925,10806.79999999999,35843,4782851.880000002
475,39,7,17.94871794871795,11518.2,47602,1442828.8200000005
476,29,3,10.344827586206897,536.4666666666665,2515,2625.599999999998
477,29,5,17.24137931034483,1258.3666666666675,6060,31021.83
478,13,1,7.6923076923076925,240.40000000000012,1495,1435.44
479,35,11,31.428571428571427,6494.766666666655,27903,267470.17999999993
480,36,10,27.77777777777778,2567.100000000001,10127,74880.33999999997
481,42,10,23.809523809523807,2164.899999999999,9668,25469.999999999996
482,44,10,22.727272727272727,11432.06666666666,46117,1160159.2800000003
483,25,2,8.0,3365.733333333329,15698,79266.47999999995
484,39,7,17.94871794871795,8500.4,30027,2985769.6199999973
485,31,3,9.67741935483871,4707.2333333333345,22916,1975120.3800000004
486,27,4,14.814814814814813,11241.699999999995,36995,6997449.33
487,2,0,0.0,9.6,121,60.48
488,23,6,26.08695652173913,1677.6999999999987,7914,6721.380000000001
489,20,6,30.0,2627.6999999999966,11850,18653.519999999975
490,35,7,20.0,8265.333333333327,30645,1008223.39
491,5,0,0.0,34.0,290,93.36
492,27,1,3.7037037037037033,6632.933333333331,28937,498218.8800000007
493,56,12,21.428571428571427,6745.166666666663,24542,367794.18000000017
494,34,7,20.588235294117645,12411.199999999995,47301,1435507.38
495,24,2,8.333333333333332,1086.0666666666668,5061,18862.68
496,23,5,21.73913043478261,3075.3666666666672,11052,171728.02
497,15,2,13.333333333333334,1465.866666666667,6353,52445.76
498,34,9,26.47058823529412,1316.0333333333335,6090,36503.840000000004
499,21,1,4.761904761904762,356.43333333333334,2663,6125.94
500,12,1,8.333333333333332,1375.5999999999967,7312,5406.959999999993
501,28,1,3.571428571428571,9769.599999999997,35766,1380297.6599999995
502,26,3,11.538461538461538,611.9666666666668,3307,9013.32
503,28,3,10.714285714285714,7324.399999999998,24298,694577.2799999993
504,29,9,31.03448275862069,5255.199999999998,23579,67315.68000000008
505,38,6,15.789473684210526,11940.266666666668,49539,979935.9100000001
506,19,3,15.789473684210526,1189.0999999999992,4155,4240.200000000001
507,14,3,21.428571428571427,1302.3999999999978,5614,1591.2000000000014
508,11,0,0.0,146.79999999999998,953,442.6800000000002
509,12,0,0.0,4374.600000000001,15924,1189834.7999999998
510,10,0,0.0,102.4,510,313.68000000000006
511,23,4,17.391304347826086,4063.6666666666597,17309,182859.26
512,12,0,0.0,3213.9999999999927,14958,23300.580000000005
513,34,3,8.823529411764707,5318.03333333333,21629,401252.7799999999
514,32,5,15.625,479.70000000000005,2326,8692.62
515,15,2,13.333333333333334,594.8666666666668,2901,1484.2800000000004
516,47,12,25.53191489361702,11743.999999999993,42335,971586.5700000002
517,20,2,10.0,1043.3999999999999,3926,16244.640000000007
518,37,10,27.027027027027028,4301.833333333336,18421,189584.87000000002
519,27,6,22.22222222222222,3446.0666666666616,13279,32044.350000000017
520,4,0,0.0,73.60000000000001,569,557.0400000000003
521,15,0,0.0,3594.7999999999993,14130,955583.4600000001
522,41,3,7.317073170731707,11479.599999999997,47413,1293569.9999999993
523,24,4,16.666666666666664,580.8000000000002,2058,1918.7999999999995
524,28,6,21.428571428571427,1183.3999999999999,5056,18876.479999999996
525,26,3,11.538461538461538,9446.433333333322,31926,2091935.8900000006
526,38,11,28.947368421052634,9191.000000000007,37569,480821.39999999944
527,18,2,11.11111111111111,4025.133333333326,16742,31738.79999999997
528,7,1,14.285714285714285,614.9,2367,11860.8
529,25,3,12.0,4336.999999999996,19364,192505.73999999976
530,27,4,14.814814814814813,2098.399999999997,8951,11195.280000000002
531,30,4,13.333333333333334,10773.399999999996,36734,3873159.24
532,17,2,11.76470588235294,1964.6333333333341,10052,148924.56
533,23,5,21.73913043478261,7342.799999999998,28281,1408370.2799999998
534,27,5,18.51851851851852,921.1999999999998,4285,16222.830000000007
535,33,6,18.181818181818183,6514.366666666665,28397,742101.5400000007
536,19,4,21.052631578947366,963.533333333333,3674,9465.399999999994
537,26,3,11.538461538461538,2807.9999999999973,9769,511083.1200000002
538,16,5,31.25,442.6333333333334,2171,3367.71
539,27,4,14.814814814814813,1124.2999999999995,4138,12208.02
540,37,6,16.216216216216218,3691.233333333334,16126,160708.60000000003
541,26,6,23.076923076923077,1146.6999999999991,4959,17105.519999999993
542,22,2,9.090909090909092,758.8333333333336,3128,6849.619999999996
543,25,2,8.0,12764.799999999994,39326,3129734.5800000005
544,34,7,20.588235294117645,3250.1999999999985,12728,28809.84000000001
545,13,2,15.384615384615385,170.20000000000002,1060,1656.9599999999996
546,18,2,11.11111111111111,1877.2666666666637,10370,20126.879999999997
547,20,1,5.0,4195.599999999991,14387,43176.959999999955
548,18,4,22.22222222222222,3001.299999999997,11842,226712.9099999999
549,13,2,15.384615384615385,156.0666666666667,865,634.5000000000002
550,23,0,0.0,12794.799999999994,38365,2766316.1399999997
551,37,8,21.62162162162162,7736.100000000001,28147,505363.0799999998
552,20,3,15.0,5386.866666666661,18401,1211510.5499999998
553,46,6,13.043478260869565,9213.199999999993,41102,1530318.1799999983
554,12,1,8.333333333333332,719.4000000000002,2361,5912.160000000001
555,23,3,13.043478260869565,7012.999999999996,23913,1591772.5999999999
556,35,4,11.428571428571429,4939.066666666663,17789,432761.02
557,26,2,7.6923076923076925,6480.599999999996,27438,221771.03999999972
558,21,2,9.523809523809524,1879.4666666666662,7279,28288.569999999985
559,32,5,15.625,10150.933333333323,41206,1960884.1399999994
560,14,2,14.285714285714285,2336.9333333333316,10100,49102.400000000016
561,33,5,15.151515151515152,6537.6333333333305,28352,409004.3099999999
562,28,5,17.857142857142858,1015.7666666666669,5025,22229.8
563,22,7,31.818181818181817,1398.4,5291,7623.12
564,27,5,18.51851851851852,694.133333333333,3083,2972.2800000000007
565,33,7,21.21212121212121,818.6666666666672,3234,12504.3
566,33,4,12.121212121212121,7881.733333333325,30457,753908.8799999997
567,35,3,8.571428571428571,5302.499999999995,21851,708422.8800000006
568,32,5,15.625,1761.8000000000002,7544,11743.860000000004
569,48,9,18.75,7826.93333333333,31571,1213339.2199999995
570,21,1,4.761904761904762,7837.599999999999,24242,5085936.69
571,7,0,0.0,723.1999999999994,2373,108.47999999999976
572,46,12,26.08695652173913,4644.73333333333,21625,485994.4099999997
573,11,0,0.0,52.4,374,89.76
574,37,9,24.324324324324326,9417.066666666658,35981,1649678.3800000001
575,4,0,0.0,179.20000000000005,1049,1708.7999999999997
576,33,5,15.151515151515152,4242.400000000001,18811,1200030.7800000007
577,26,2,7.6923076923076925,9530.0,31162,860587.5900000004
578,28,6,21.428571428571427,2335.0000000000014,9581,34210.8
579,33,8,24.242424242424242,3594.999999999995,13573,357298.9799999999
580,33,4,12.121212121212121,7928.499999999995,29480,1465757.1899999995
581,17,1,5.88235294117647,9768.5,31630,2398592.549999998
582,8,1,12.5,190.80000000000004,662,189.84000000000003
583,10,0,0.0,478.40000000000026,1988,6373.4400000000005
584,49,13,26.53061224489796,8204.766666666666,31338,464147.82999999967
585,10,0,0.0,290.40000000000003,1209,768.4799999999999
586,14,1,7.142857142857142,282.4,1550,2163.3599999999997
587,27,3,11.11111111111111,6469.199999999997,33749,352045.20000000036
588,47,13,27.659574468085108,2405.2,10316,39890.640000000036
589,29,5,17.24137931034483,8177.033333333323,32765,3021896.880000001
590,37,5,13.513513513513514,9862.60000000001,32822,1450612.5299999996
591,28,4,14.285714285714285,7568.599999999993,27456,693923.23
592,32,7,21.875,8387.13333333332,32993,242394.58
593,32,4,12.5,10695.199999999984,39047,1391440.6799999995
594,55,16,29.09090909090909,5181.899999999998,20774,428958.44999999995
595,41,7,17.073170731707318,11251.899999999994,41525,1793201.7000000002
596,22,2,9.090909090909092,12124.866666666663,38880,2709777.0000000005
597,38,12,31.57894736842105,2608.3666666666686,12467,100717.73
598,29,7,24.137931034482758,1982.0000000000002,7912,65529.71000000004
599,29,3,10.344827586206897,7946.033333333326,32301,663623.1600000001
600,12,0,0.0,6118.399999999995,27249,1785241.2000000011
601,24,2,8.333333333333332,5171.9999999999945,22961,712090.7999999997
602,29,5,17.24137931034483,728.8000000000003,3142,18783.6
603,27,2,7.4074074074074066,12564.93333333332,39792,2129406.3599999994
604,43,10,23.25581395348837,4269.799999999999,19822,122122.20000000003
605,22,4,18.181818181818183,2961.8999999999974,10881,27521.04
606,39,9,23.076923076923077,5073.799999999998,20660,118621.80000000005
607,34,8,23.52941176470588,9962.166666666662,39134,1013009.2899999997
608,32,8,25.0,11949.599999999995,37280,6223184.16
609,36,6,16.666666666666664,11983.633333333337,46503,1176989.0299999998
610,21,1,4.761904761904762,11170.799999999994,37329,3619325.309999998
611,19,1,5.263157894736842,1385.6000000000004,5672,11080.520000000004
612,20,0,0.0,5371.399999999992,23092,533083.9199999991
613,5,0,0.0,51.19999999999999,367,235.67999999999995
614,20,2,10.0,615.4000000000002,2864,5509.980000000001
615,15,0,0.0,6724.2,22233,1141510.7400000002
616,29,4,13.793103448275861,4375.399999999997,17110,308316.95999999996
617,30,9,30.0,1722.433333333333,8258,78073.56999999998
618,24,7,29.166666666666668,1871.1999999999991,8936,158929.91999999993
619,33,8,24.242424242424242,564.0,2302,2201.2799999999993
620,15,2,13.333333333333334,7750.999999999995,25728,6621408.000000003
621,28,4,14.285714285714285,12484.999999999993,42917,2901544.8
622,25,3,12.0,5355.833333333324,24647,133843.64000000013
623,17,0,0.0,223.00000000000003,1358,657.1800000000001
624,33,6,18.181818181818183,4669.866666666668,20472,215063.84000000008
625,19,0,0.0,4285.599999999992,16240,42527.039999999964
626,45,11,24.444444444444443,6989.533333333326,25325,323545.85999999975
627,29,4,13.793103448275861,9179.266666666665,37289,1464840.31
628,37,4,10.81081081081081,6689.599999999995,27020,308055.6000000001
629,36,6,16.666666666666664,2678.3999999999974,10056,80208.95999999999
630,33,5,15.151515151515152,4024.3999999999955,18729,40139.40000000003
631,1,0,0.0,9.6,169,70.32
632,9,1,11.11111111111111,179.20000000000007,1197,1378.0800000000002
633,30,4,13.333333333333334,7181.2666666666655,29431,252783.96000000022
634,39,4,10.256410256410255,4191.366666666663,14596,251154.90000000005
635,23,5,21.73913043478261,1125.4,4839,25458.560000000005
636,38,14,36.84210526315789,7513.533333333326,29394,1129130.8
637,29,5,17.24137931034483,10315.366666666656,36397,1832267.1599999997
638,39,10,25.64102564102564,10218.699999999992,39314,891821.1600000003
639,44,9,20.454545454545457,5857.166666666662,24147,826810.5200000001
640,38,9,23.684210526315788,3751.4333333333343,15458,74213.85999999999
641,28,3,10.714285714285714,3231.6333333333328,12701,44458.31999999997
642,16,3,18.75,2741.7000000000007,10153,143823.6
643,33,0,0.0,11848.799999999994,43798,1560879.48
644,53,10,18.867924528301888,10016.000000000004,39694,698607.4799999996
645,26,4,15.384615384615385,1409.333333333333,6108,11499.750000000007
646,31,3,9.67741935483871,9679.999999999989,39723,758745.5999999992
647,25,6,24.0,3102.9999999999977,12582,161162.63999999998
648,14,2,14.285714285714285,3395.099999999999,12975,88127.76
649,25,2,8.0,9472.399999999994,34086,2489873.46
650,27,3,11.11111111111111,3181.5666666666666,11701,66951.62000000008
651,23,5,21.73913043478261,6528.799999999996,24342,255177.11999999965
652,23,4,17.391304347826086,6777.5999999999985,24645,1631674.5599999998
653,32,2,6.25,1080.1333333333325,4453,48507.84
654,17,1,5.88235294117647,2690.0666666666625,9608,25109.76
655,15,2,13.333333333333334,2107.199999999999,8959,29605.440000000024
656,24,3,12.5,7637.966666666659,29512,3744210.5700000008
657,27,5,18.51851851851852,966.133333333333,3909,8807.370000000003
658,53,10,18.867924528301888,4122.299999999996,18341,186741.19000000018
659,19,4,21.052631578947366,5644.933333333326,22142,1129451.52
660,23,6,26.08695652173913,4894.566666666662,18967,182832.00000000012
661,41,3,7.317073170731707,1870.3666666666627,9052,43094.159999999974
662,16,2,12.5,156.00000000000006,646,368.64
663,13,3,23.076923076923077,102.4,486,202.80000000000004
664,28,3,10.714285714285714,1630.4333333333327,6626,113507.96
665,28,3,10.714285714285714,10831.199999999999,35745,3065134.799999999
666,28,5,17.857142857142858,11866.099999999999,39597,2621426.3400000012
667,36,6,16.666666666666664,7492.466666666667,30382,735100.65
668,38,5,13.157894736842104,8720.099999999997,31571,1529144.5799999998
669,22,3,13.636363636363635,1734.266666666667,6054,12905.520000000006
670,22,4,18.181818181818183,3821.599999999998,13279,91180.32000000005
671,25,3,12.0,11113.800000000003,39951,5881267.350000001
672,21,3,14.285714285714285,5226.199999999994,19026,82759.44
673,24,7,29.166666666666668,3473.3999999999974,13492,113084.63999999996
674,20,3,15.0,266.0,1164,564.0
675,15,2,13.333333333333334,1860.7999999999993,8508,78310.89999999998
676,20,5,25.0,575.1666666666669,2565,11760.089999999998
677,12,1,8.333333333333332,956.1666666666666,3762,5835.36
678,16,2,12.5,350.46666666666675,1530,5329.939999999999
679,35,7,20.0,7016.733333333323,28240,792890.8199999994
680,20,2,10.0,7498.899999999994,26347,2978622.2699999996
681,60,15,25.0,8489.333333333325,34920,480286.2299999999
682,36,3,8.333333333333332,9210.800000000003,32010,1637030.16
683,31,6,19.35483870967742,7313.599999999994,29175,187673.87999999986
684,25,2,8.0,1264.3999999999996,5351,13362.96
685,11,3,27.27272727272727,149.79999999999998,957,1051.6800000000005
686,46,11,23.91304347826087,1510.9999999999993,6444,19425.420000000002
687,26,4,15.384615384615385,5695.599999999989,19406,50859.41999999997
688,42,15,35.714285714285715,7830.166666666664,33795,722808.8000000004
689,25,3,12.0,1598.3999999999985,8104,45515.63999999999
690,12,1,8.333333333333332,7341.26666666667,22884,2737699.020000001
691,15,2,13.333333333333334,2939.1666666666615,12815,19187.520000000008
692,21,2,9.523809523809524,580.1999999999998,2011,5634.240000000003
693,21,5,23.809523809523807,1025.9333333333334,5134,15828.460000000003
694,30,5,16.666666666666664,1200.3999999999994,6301,61664.09999999999
695,27,3,11.11111111111111,13254.79999999999,43531,5311622.820000001
696,29,3,10.344827586206897,4143.4333333333325,17790,324764.8799999999
697,16,1,6.25,4428.799999999995,17892,2152091.759999999
698,19,1,5.263157894736842,4116.999999999996,17702,114823.02000000012
699,33,7,21.21212121212121,5754.966666666662,22223,1271080.11
700,38,5,13.157894736842104,9839.800000000007,36491,1411781.4800000007
701,14,2,14.285714285714285,511.4000000000002,2139,1437.1199999999994
702,43,11,25.581395348837212,7464.9999999999945,30927,263593.96000000054
703,34,2,5.88235294117647,10532.733333333328,41007,1524032.5100000012
704,5,0,0.0,218.4,1228,3763.919999999999
705,11,1,9.090909090909092,583.9333333333332,2933,1341.1200000000003
706,35,3,8.571428571428571,4939.999999999997,22117,721143.8399999997
707,28,3,10.714285714285714,1669.7,5884,44358.959999999985
708,20,3,15.0,4136.199999999994,16429,27522.360000000033
709,42,9,21.428571428571427,6599.599999999993,26170,360400.6800000001
710,7,1,14.285714285714285,50.4,354,35.52
711,19,7,36.84210526315789,994.7333333333333,4592,14251.879999999997
712,45,10,22.22222222222222,4393.533333333334,19792,241158.65999999986
713,36,8,22.22222222222222,5437.699999999999,19791,137111.61000000016
714,30,4,13.333333333333334,5401.26666666666,24328,104910.89999999998
715,28,5,17.857142857142858,475.80000000000047,1823,3189.600000000001
716,23,2,8.695652173913043,443.40000000000015,2730,9530.640000000003
717,21,3,14.285714285714285,1288.199999999999,5912,32195.530000000013
718,29,6,20.689655172413794,9525.299999999988,36449,1684783.2599999995
719,14,2,14.285714285714285,280.7,1428,3967.5599999999986
720,28,2,7.142857142857142,8524.966666666664,28288,1007742.7999999996
721,29,1,3.4482758620689653,8791.233333333328,35112,445400.68000000005
722,20,1,5.0,1015.8000000000001,4408,45337.91999999999
723,37,5,13.513513513513514,3110.2999999999975,14106,84692.51999999996
724,26,5,19.230769230769234,7183.499999999995,28416,320366.4400000001
725,30,3,10.0,6299.899999999998,28192,341182.1200000001
726,44,6,13.636363636363635,10043.199999999995,42252,1085173.6500000001
727,55,13,23.636363636363637,4720.899999999997,20973,259545.77000000008
728,9,0,0.0,109.59999999999998,912,2068.8
729,14,1,7.142857142857142,1812.7999999999984,7178,17367.36
730,25,4,16.0,8644.199999999995,28342,3653840.7200000016
731,8,2,25.0,396.33333333333337,1505,6187.44
732,12,0,0.0,254.00000000000003,1663,1495.2000000000007
733,18,1,5.555555555555555,2860.599999999994,11283,9965.999999999993
734,21,6,28.57142857142857,6785.233333333328,28440,988952.1900000002
735,50,15,30.0,3544.5666666666634,13861,64922.610000000044
736,17,4,23.52941176470588,161.63333333333347,909,698.3999999999999
737,25,7,28.000000000000004,677.6333333333334,3231,12120.120000000006
738,36,5,13.88888888888889,8962.500000000002,33619,604496.1099999993
739,20,1,5.0,5313.73333333333,22622,607561.3199999998
740,10,0,0.0,344.0,1668,1361.5199999999995
741,14,2,14.285714285714285,147.0,816,936.0
742,30,7,23.333333333333332,5991.833333333328,27874,268334.48999999993
743,23,2,8.695652173913043,7919.199999999998,25178,5253585.419999999
744,29,2,6.896551724137931,8236.399999999996,30004,357575.5800000001
745,22,3,13.636363636363635,6615.766666666667,29857,860936.9700000007
746,34,4,11.76470588235294,9713.23333333333,41671,2695908.599999999
747,14,2,14.285714285714285,2145.0333333333297,10293,19482.599999999984
748,37,6,16.216216216216218,9135.199999999992,34498,219646.32000000007
749,19,1,5.263157894736842,499.63333333333344,2595,11281.679999999998
750,28,8,28.57142857142857,7800.299999999996,28985,1175770.2
751,25,4,16.0,11910.199999999997,38254,2774642.9300000006
752,39,8,20.51282051282051,2252.5999999999976,12642,134336.28000000003
753,22,5,22.727272727272727,542.7666666666668,2301,2966.1899999999996
754,36,9,25.0,5697.466666666664,24093,823120.9499999997
755,12,0,0.0,1688.7999999999995,6883,34500.71999999997
756,19,2,10.526315789473683,8030.199999999992,28289,2241969.42
757,43,11,25.581395348837212,8860.299999999994,40021,307536.66000000003
758,20,1,5.0,2206.9333333333325,9926,171324.72000000006
759,22,3,13.636363636363635,6012.633333333329,27887,651195.8099999998
760,29,3,10.344827586206897,11974.26666666666,38640,3522410.4000000013
761,24,3,12.5,7266.899999999999,29034,1148063.8800000004
762,33,6,18.181818181818183,3827.833333333329,14655,343334.18
763,45,9,20.0,7118.333333333325,31921,397913.3700000001
764,16,1,6.25,2415.0666666666634,10671,10251.120000000004
765,20,3,15.0,1484.1999999999996,6424,6456.779999999995
766,27,4,14.814814814814813,3293.533333333332,12823,107686.05
767,43,7,16.27906976744186,7012.73333333333,31053,640664.0600000002
768,12,0,0.0,4358.599999999995,17836,742681.4400000004
769,36,8,22.22222222222222,10050.533333333331,42353,1250108.2999999996
770,34,4,11.76470588235294,7907.133333333328,27933,1009986.7700000003
771,19,2,10.526315789473683,9869.066666666662,29213,6167373.239999999
772,9,0,0.0,298.4000000000001,1251,1625.0399999999993
773,16,0,0.0,750.4000000000002,3769,21361.43999999999
774,24,5,20.833333333333336,1311.199999999999,4991,16581.239999999998
775,33,5,15.151515151515152,6982.299999999998,29423,1133707.59
776,9,0,0.0,114.20000000000002,647,576.96
777,30,5,16.666666666666664,1389.3999999999999,5747,16008.179999999991
778,22,2,9.090909090909092,4646.23333333333,16395,510111.38999999996
779,28,4,14.285714285714285,738.9000000000001,3278,16384.35
780,17,2,11.76470588235294,7483.499999999997,26723,3390492.5999999987
781,23,1,4.3478260869565215,8492.733333333335,32357,2497219.1999999993
782,26,1,3.8461538461538463,13014.63333333332,42275,4190416.5599999996
783,34,6,17.647058823529413,8994.766666666661,31924,1073204.3900000001
784,26,5,19.230769230769234,1939.5666666666662,7740,20063.039999999994
785,38,9,23.684210526315788,6695.599999999995,28745,107002.02000000008
786,22,4,18.181818181818183,367.60000000000014,1291,3066.2400000000002
787,19,2,10.526315789473683,326.0000000000002,1743,3239.2799999999997
788,34,4,11.76470588235294,7777.699999999993,31705,923843.1000000004
789,22,1,4.545454545454546,1126.2666666666669,5007,24166.779999999984
790,12,0,0.0,110.39999999999999,877,353.28
791,34,4,11.76470588235294,7709.733333333332,26004,461444.76
792,45,12,26.666666666666668,891.5666666666667,4357,11169.359999999999
793,28,6,21.428571428571427,9991.233333333319,33387,2898426.09
794,28,5,17.857142857142858,5447.399999999999,18809,1121544.7800000012
795,34,4,11.76470588235294,11590.766666666652,43320,2237930.6699999985
796,31,4,12.903225806451612,8116.466666666649,28371,225735.60000000015
797,19,4,21.052631578947366,168.83333333333337,882,1888.92
798,34,8,23.52941176470588,5295.899999999992,22495,87434.36000000012
799,23,3,13.043478260869565,7581.599999999992,29443,898410.7200000001
800,17,1,5.88235294117647,1821.7999999999997,7611,11800.800000000005
801,23,3,13.043478260869565,2415.9999999999977,8518,215321.70000000007
802,39,7,17.94871794871795,12824.366666666658,42093,2011966.5799999998
803,5,0,0.0,111.19999999999999,670,721.9200000000002
804,19,3,15.789473684210526,3202.599999999999,12954,50457.12000000004
805,25,2,8.0,6281.799999999994,24941,524013.4800000008
806,39,8,20.51282051282051,9185.1,38911,603830.9099999995
807,11,0,0.0,3079.1999999999994,11636,57295.43999999993
808,28,3,10.714285714285714,2868.3666666666654,13544,243933.58000000013
809,21,2,9.523809523809524,880.0666666666667,4370,8522.580000000002
810,11,0,0.0,839.9999999999998,3760,49670.40000000002
811,21,6,28.57142857142857,9273.999999999998,30396,5820412.14
812,32,3,9.375,2276.599999999999,9387,27175.920000000006
813,24,1,4.166666666666666,7819.999999999997,30426,1798420.0799999996
814,30,3,10.0,9979.599999999997,33599,2158200.0
815,21,1,4.761904761904762,11268.399999999996,33491,5333312.76
816,38,7,18.421052631578945,6448.433333333333,22795,600290.2900000004
817,22,1,4.545454545454546,4641.599999999995,18797,128468.16000000003
818,19,2,10.526315789473683,747.1999999999999,2757,22700.940000000006
819,25,2,8.0,2641.5666666666652,13281,80570.64000000004
820,21,3,14.285714285714285,8156.399999999996,26829,1083020.9099999992
821,39,9,23.076923076923077,10182.699999999984,39617,1345747.38
822,35,8,22.857142857142858,7498.666666666661,28999,388049.04000000027
823,39,3,7.6923076923076925,13577.233333333323,44492,2970358.2
824,21,3,14.285714285714285,5887.199999999993,24222,207765.12000000008
825,22,4,18.181818181818183,1402.3999999999992,4946,49025.04
826,27,5,18.51851851851852,6824.733333333326,23825,485137.5600000001
827,13,0,0.0,300.00000000000006,1784,4875.119999999998
828,35,8,22.857142857142858,4579.2333333333245,20784,323530.0799999998
829,15,1,6.666666666666667,8210.999999999998,26850,6901939.35
830,23,4,17.391304347826086,7659.466666666655,31886,478311.32000000076
831,20,2,10.0,2902.799999999996,16517,119062.73999999996
832,17,2,11.76470588235294,7846.76666666666,25839,2397172.020000001
833,14,2,14.285714285714285,1870.7999999999965,6591,17006.400000000016
834,10,1,10.0,1547.2666666666667,5397,31818.480000000032
835,9,0,0.0,6201.8,31636,2212806.4800000004
836,17,0,0.0,1351.999999999999,5375,25107.839999999993
837,10,1,10.0,351.2333333333334,1885,4727.04
838,26,4,15.384615384615385,971.0666666666658,3709,13955.610000000008
839,38,8,21.052631578947366,11351.999999999995,45033,939978.4800000002
840,17,3,17.647058823529413,5967.36666666666,20655,1495040.6400000004
841,26,4,15.384615384615385,4049.7333333333336,13815,126749.32000000007
842,34,8,23.52941176470588,1082.633333333333,5587,26889.600000000002
843,11,0,0.0,1311.999999999999,6552,118874.15999999996
844,25,1,4.0,8548.79999999999,31599,1688301.24
845,43,14,32.55813953488372,1334.033333333333,5861,43356.64000000001
846,15,1,6.666666666666667,1157.7999999999995,4132,24409.200000000004
847,20,2,10.0,3461.599999999993,15922,13877.940000000002
848,23,5,21.73913043478261,463.46666666666687,2063,2472.9200000000005
849,35,9,25.71428571428571,316.8333333333334,924,1679.6800000000003
850,10,2,20.0,178.70000000000002,1627,1723.6200000000006
851,15,2,13.333333333333334,9674.799999999992,32769,4553171.790000001
852,25,5,20.0,8973.999999999989,30613,3034241.039999999
853,13,3,23.076923076923077,6787.499999999999,20293,3622719.63
854,34,2,5.88235294117647,6358.499999999991,23798,443901.1200000004
855,19,2,10.526315789473683,7415.333333333327,33808,1546628.2199999993
856,28,7,25.0,2518.1666666666656,10639,65383.26000000002
857,30,4,13.333333333333334,11327.799999999992,37808,2897066.7299999995
858,38,7,18.421052631578945,10388.233333333328,39704,833531.5399999998
859,37,4,10.81081081081081,6494.599999999991,29344,1836120.7799999986
860,29,5,17.24137931034483,2633.7333333333336,11631,51003.119999999995
861,21,5,23.809523809523807,5888.399999999998,21653,1196016.5399999996
862,15,2,13.333333333333334,943.9999999999993,4998,5234.400000000004
863,20,1,5.0,2976.9666666666644,12604,258949.44000000003
864,21,1,4.761904761904762,1489.7999999999995,7367,129231.84000000007
865,17,1,5.88235294117647,218.26666666666662,1276,669.5399999999997
866,30,7,23.333333333333332,9195.899999999998,34756,1242966.81
867,12,0,0.0,705.5999999999998,1981,1326.7199999999993
868,31,6,19.35483870967742,7992.299999999998,29968,1190138.6700000002
869,39,9,23.076923076923077,8355.999999999993,34684,501298.4399999995
870,23,5,21.73913043478261,9568.399999999987,33699,3582167.040000001
871,18,3,16.666666666666664,1824.0333333333333,6751,9303.359999999986
872,24,4,16.666666666666664,10383.266666666668,34781,4055072.1900000004
873,14,0,0.0,178.0,952,1743.7200000000005
874,37,10,27.027027027027028,6357.899999999996,26256,463833.3600000002
875,15,0,0.0,3274.399999999997,15660,65732.64000000001
876,24,2,8.333333333333332,12932.799999999996,41257,3806086.26
877,33,8,24.242424242424242,5998.466666666663,25345,159226.71000000002
878,23,3,13.043478260869565,9605.79999999999,35502,5995689.3599999985
879,11,2,18.181818181818183,4165.399999999994,14686,65670.48000000003
880,10,1,10.0,209.20000000000005,1368,60.48000000000005
881,20,2,10.0,6965.533333333325,24539,812729.9699999989
882,12,0,0.0,494.40000000000003,2352,9220.56
883,24,1,4.166666666666666,11963.39999999999,35595,2913718.53
884,42,12,28.57142857142857,7557.800000000004,29089,384081.57000000007
885,31,6,19.35483870967742,1545.9333333333332,7672,32077.260000000013
886,27,4,14.814814814814813,10403.399999999992,36303,2095957.4100000001
887,34,7,20.588235294117645,9052.83333333333,34820,790589.5199999993
888,34,8,23.52941176470588,5439.166666666663,19030,128993.41999999994
889,27,3,11.11111111111111,3266.6999999999975,14961,114566.88
890,7,1,14.285714285714285,5.6,171,14.399999999999999
891,36,9,25.0,6762.399999999995,25081,127563.47999999986
892,23,4,17.391304347826086,2585.399999999999,10893,43676.199999999975
893,13,0,0.0,1127.2,4200,17064.240000000005
894,21,2,9.523809523809524,9369.03333333332,32748,1530757.6499999985
895,25,3,12.0,865.1999999999995,4027,5853.120000000003
896,28,7,25.0,3266.599999999999,13921,76288.86000000006
897,41,9,21.951219512195124,1867.1999999999987,6377,25816.440000000002
898,22,2,9.090909090909092,6352.600000000001,26747,266469.48000000033
899,5,0,0.0,91.2,719,1533.12
900,34,7,20.588235294117645,10145.700000000004,37110,979765.1699999999
901,43,8,18.6046511627907,7967.966666666658,32204,234608.39999999976
902,16,2,12.5,1149.9999999999998,5843,21471.120000000006
903,18,2,11.11111111111111,4487.199999999996,16879,334138.56000000035
904,40,7,17.5,10647.43333333333,39127,543594.0900000003
905,44,12,27.27272727272727,2307.0000000000023,10765,126193.43999999997
906,6,0,0.0,324.2000000000001,1619,2431.5600000000004
907,46,9,19.565217391304348,5299.599999999997,19824,64444.650000000016
908,10,0,0.0,229.59999999999994,1144,939.5999999999997
909,34,5,14.705882352941178,2407.299999999999,11515,98030.79999999994
910,5,0,0.0,4635.200000000006,13693,732845.040000001
911,26,2,7.6923076923076925,4361.833333333331,18467,193361.81999999995
912,30,2,6.666666666666667,6811.666666666663,25934,176247.59999999992
913,23,0,0.0,9714.999999999995,39938,8346780.480000004
914,31,4,12.903225806451612,5331.466666666664,21161,349294.92000000004
915,19,4,21.052631578947366,1865.1666666666667,7753,20497.360000000033
916,26,3,11.538461538461538,7695.06666666666,23984,1592921.279999998
917,7,0,0.0,61.599999999999994,338,90.72
918,25,2,8.0,9731.199999999992,31452,3364901.13
919,35,5,14.285714285714285,9960.000000000004,34981,3634869.289999999
920,24,2,8.333333333333332,3486.7999999999984,15470,43162.07999999998
921,24,6,25.0,3241.599999999999,11253,53709.84000000003
922,45,13,28.888888888888886,11514.566666666666,41715,1226285.0700000008
923,7,0,0.0,3720.7999999999934,17350,931993.1999999982
924,46,11,23.91304347826087,10912.33333333334,41823,1002709.729999999
925,17,2,11.76470588235294,712.7333333333333,3322,13267.020000000006
926,22,2,9.090909090909092,6124.466666666664,25040,175036.14000000022
927,43,9,20.930232558139537,8873.699999999993,31744,1056290.9100000001
928,1,0,0.0,15.199999999999998,162,112.08000000000001
929,20,3,15.0,212.00000000000009,1023,825.12
930,23,2,8.695652173913043,1136.5999999999997,6048,20345.64000000002
931,9,0,0.0,2227.5999999999976,11087,19984.799999999977
932,26,2,7.6923076923076925,11014.333333333327,34011,2665479.7199999997
933,10,0,0.0,3844.200000000001,15560,1679932.3800000018
934,25,2,8.0,9508.166666666659,34867,1578571.3199999998
935,14,1,7.142857142857142,5164.199999999994,21890,1319430.2399999995
936,45,6,13.333333333333334,8949.099999999999,33272,480281.24000000005
937,58,17,29.310344827586203,9144.03333333332,37267,420686.68000000046
938,31,4,12.903225806451612,10711.433333333329,36072,1363486.32
939,3,0,0.0,9.6,110,2.88
940,44,13,29.545454545454547,3249.266666666667,13846,80907.55999999997
941,23,1,4.3478260869565215,4922.233333333328,20217,887213.3599999985
942,15,4,26.666666666666668,659.0999999999999,2496,1949.2799999999993
943,14,1,7.142857142857142,2223.9999999999973,9622,14240.639999999992
944,40,7,17.5,4462.299999999998,18087,117529.49999999996
945,35,8,22.857142857142858,3893.599999999995,16435,304237.68000000005
946,23,5,21.73913043478261,297.20000000000005,1209,951.6
947,22,3,13.636363636363635,6916.399999999989,28093,355685.76000000007
948,39,5,12.82051282051282,7828.466666666658,35852,274808.69999999966
949,37,8,21.62162162162162,9065.233333333324,30614,1927350.8800000001
950,35,8,22.857142857142858,1239.599999999998,5697,42669.12000000001
951,10,3,30.0,67.99999999999999,459,257.28
952,19,5,26.31578947368421,2306.6999999999975,9105,69484.31999999992
953,27,5,18.51851851851852,1937.3999999999994,8528,13987.920000000004
954,30,4,13.333333333333334,9828.399999999992,31814,970521.4800000009
955,30,4,13.333333333333334,10061.999999999998,36844,3288421.499999997
956,23,0,0.0,8493.399999999996,33766,2443067.04
957,32,6,18.75,4809.199999999999,18601,142217.0700000001
958,12,1,8.333333333333332,229.00000000000003,1364,2617.9200000000005
959,34,13,38.23529411764706,1970.0666666666625,8465,47860.090000000004
960,31,12,38.70967741935484,6599.599999999993,23736,212713.6800000002
961,11,0,0.0,484.8000000000003,1629,746.4000000000002
962,41,11,26.82926829268293,5867.199999999998,25758,380832.7200000001
963,14,0,0.0,387.80000000000007,2106,3778.3799999999997
964,64,20,31.25,7105.9000000000015,35323,228286.66999999998
965,8,0,0.0,737.6000000000004,2427,17385.840000000007
966,22,3,13.636363636363635,2709.1333333333323,9681,20098.44
967,26,6,23.076923076923077,4313.866666666668,19253,33346.869999999966
968,26,2,7.6923076923076925,12489.39999999999,39603,2828833.7399999993
969,12,2,16.666666666666664,351.86666666666673,1631,2900.7600000000007
970,44,6,13.636363636363635,9974.899999999998,36170,910416.6299999997
971,18,1,5.555555555555555,813.7333333333335,3809,5954.039999999999
972,19,2,10.526315789473683,975.2,4268,5159.879999999997
973,30,7,23.333333333333332,5849.199999999996,25238,261814.2000000001
974,30,1,3.3333333333333335,12281.899999999989,38930,2055823.5899999999
975,24,2,8.333333333333332,4040.999999999997,17992,94508.27999999988
976,21,1,4.761904761904762,5153.83333333333,23186,619362.1499999993
977,24,1,4.166666666666666,1650.3333333333305,6829,4093.920000000001
978,42,11,26.190476190476193,7332.566666666659,29129,612879.6300000001
979,21,0,0.0,10932.999999999993,36727,479091.66
980,9,0,0.0,220.0,1187,2908.5600000000004
981,32,5,15.625,2123.1999999999985,8531,49316.040000000015
982,34,6,17.647058823529413,3409.400000000001,13750,96238.55999999998
983,36,7,19.444444444444446,3462.5000000000014,13748,57020.32000000003
984,32,6,18.75,1289.1999999999996,6002,50062.560000000005
985,46,11,23.91304347826087,5600.533333333327,25607,585357.7599999998
986,43,11,25.581395348837212,3527.0999999999985,16734,56165.340000000026
987,33,6,18.181818181818183,1736.4000000000005,5960,108266.40000000002
988,53,9,16.9811320754717,5567.86666666666,24390,239744.12999999998
989,33,7,21.21212121212121,9573.233333333324,38520,961288.6799999998
990,25,4,16.0,9494.03333333332,36362,3064265.3700000006
991,41,5,12.195121951219512,9675.06666666666,34948,1381508.040000001
992,26,2,7.6923076923076925,10127.899999999998,35940,3197140.9800000014
993,32,5,15.625,715.1333333333337,3669,11130.84
994,49,7,14.285714285714285,2700.199999999997,11076,649922.5800000001
995,21,2,9.523809523809524,11199.000000000005,36137,3753247.139999999
996,22,5,22.727272727272727,9429.099999999999,30124,4160419.08
997,7,0,0.0,173.60000000000005,1324,825.3600000000007
998,39,10,25.64102564102564,5614.166666666664,23429,316911.4300000001
999,42,13,30.952380952380953,9716.766666666663,40620,1126073.8200000003
1000,20,0,0.0,9787.999999999996,33531,2563286.640000001
