episode,total_norms,cooperative_norms,proportion,reward,numerosity,fitness
1,4,1,25.0,18.599999999999994,417,32.33999999999999
2,21,3,14.285714285714285,6568.500000000004,36075,2187575.19
3,4,1,25.0,24.5,416,98.45999999999997
4,14,2,14.285714285714285,1022.9000000000001,6578,102373.64999999998
5,28,3,10.714285714285714,8553.799999999992,43255,1798220.0699999991
6,9,1,11.11111111111111,93.80000000000001,919,423.05999999999995
7,16,1,6.25,4432.499999999996,21110,337811.3099999995
8,9,1,11.11111111111111,232.60000000000002,1498,5548.17
9,14,1,7.142857142857142,7918.200000000003,39852,4363737.510000002
10,14,1,7.142857142857142,5592.100000000001,30626,2674025.52
11,16,0,0.0,5919.900000000001,39001,1805857.9800000004
12,10,2,20.0,121.7,1065,967.5000000000001
13,14,1,7.142857142857142,6101.200000000004,37932,1457695.47
14,12,1,8.333333333333332,8133.999999999994,42737,3364978.680000005
15,21,2,9.523809523809524,8424.299999999994,39537,5282835.779999998
16,8,1,12.5,77.9,724,296.61
17,7,1,14.285714285714285,14.6,266,6.48
18,22,3,13.636363636363635,7246.199999999995,37099,2136077.55
19,5,0,0.0,34.5,458,186.45000000000005
20,13,1,7.6923076923076925,7696.600000000009,38939,5582120.670000004
21,12,1,8.333333333333332,174.5,2312,6379.740000000001
22,23,2,8.695652173913043,6881.399999999995,35720,2152589.37
23,11,1,9.090909090909092,1057.6000000000001,5982,81120.09
24,11,0,0.0,4422.600000000004,26280,1457690.2800000005
25,22,0,0.0,9166.099999999995,40256,2442428.1300000018
26,12,1,8.333333333333332,469.20000000000016,2765,4609.14
27,16,1,6.25,799.8000000000001,4587,19234.470000000005
28,7,1,14.285714285714285,72.8,782,392.0100000000001
29,20,1,5.0,9049.8,44850,2316301.11
30,15,1,6.666666666666667,5557.2999999999965,25297,1580955.1199999978
31,15,1,6.666666666666667,6542.6,33390,3794695.4700000007
32,14,1,7.142857142857142,8423.299999999996,39549,5113359.209999999
33,16,1,6.25,361.6,2147,1530.3
34,9,2,22.22222222222222,14.100000000000001,288,-50.93999999999999
35,8,1,12.5,109.6,953,1848.2999999999997
36,13,2,15.384615384615385,8259.49999999999,36661,4106287.3799999943
37,11,0,0.0,3765.200000000001,23834,734122.8899999998
38,18,2,11.11111111111111,836.1,6146,58049.430000000015
39,15,0,0.0,6611.500000000001,32002,3216961.02
40,3,1,33.33333333333333,15.0,342,211.62000000000006
41,1,0,0.0,3.0,67,1.8
42,7,1,14.285714285714285,5874.4000000000015,30009,7353700.650000002
43,18,0,0.0,8786.599999999999,47214,3686657.970000003
44,6,1,16.666666666666664,18.7,238,69.41999999999999
45,12,1,8.333333333333332,6449.300000000006,42660,3088307.370000005
46,5,2,40.0,11.4,138,29.16
47,5,1,20.0,25.299999999999997,420,116.93999999999997
48,7,1,14.285714285714285,31.300000000000004,399,159.39
49,3,1,33.33333333333333,27.0,648,212.76000000000008
50,9,1,11.11111111111111,45.0,636,241.68000000000004
51,26,2,7.6923076923076925,2961.399999999999,16522,192466.58999999988
52,22,0,0.0,8793.400000000001,38052,2141357.1299999994
53,14,3,21.428571428571427,7152.4,37673,5947928.97
54,1,0,0.0,3.0,63,5.4
55,21,4,19.047619047619047,5576.099999999999,36758,727787.1899999996
56,9,1,11.11111111111111,47.2,533,-7.620000000000006
57,21,3,14.285714285714285,8306.299999999994,39115,4054240.1400000006
58,13,0,0.0,1902.1000000000001,9487,243373.67999999993
59,12,0,0.0,506.7,4007,21855.390000000003
60,9,1,11.11111111111111,222.9,2067,3994.8600000000006
61,17,2,11.76470588235294,6877.899999999997,44764,1953974.910000001
62,13,3,23.076923076923077,80.60000000000001,635,351.78000000000003
63,8,0,0.0,255.0,2301,7323.15
64,12,1,8.333333333333332,8014.500000000004,37875,6693491.190000001
65,11,0,0.0,1013.5,6051,68151.0
66,23,2,8.695652173913043,6564.400000000002,34358,3994386.8399999994
67,10,0,0.0,184.70000000000002,1541,7318.770000000001
68,15,3,20.0,6999.800000000006,33261,2739891.000000001
69,19,2,10.526315789473683,1407.7999999999997,9326,130086.75000000004
70,19,1,5.263157894736842,5334.300000000002,29115,554290.7100000001
71,15,2,13.333333333333334,7595.199999999999,41066,3744608.67
72,14,1,7.142857142857142,7137.200000000003,35811,3118538.9699999983
73,9,0,0.0,7086.900000000005,35543,5706067.350000001
74,11,0,0.0,4249.599999999999,19809,1571795.1600000004
75,15,0,0.0,9297.000000000005,45294,2290482.8400000012
76,11,0,0.0,304.1,1747,1529.37
77,8,0,0.0,119.49999999999999,903,699.03
78,11,0,0.0,5972.000000000001,29122,2909644.7699999996
79,19,1,5.263157894736842,1288.2999999999997,7406,45645.689999999995
80,5,1,20.0,47.0,481,102.72000000000001
81,18,1,5.555555555555555,7825.399999999997,36315,3145896.24
82,12,0,0.0,9246.499999999993,48409,7511890.709999992
83,12,2,16.666666666666664,664.7999999999998,4630,26826.540000000008
84,25,0,0.0,10495.300000000003,47541,2220098.01
85,11,0,0.0,225.3,1802,1576.4400000000005
86,14,3,21.428571428571427,1361.2000000000003,8008,145757.79
87,9,0,0.0,6546.600000000004,33215,5969792.159999998
88,7,1,14.285714285714285,31.900000000000002,451,-8.279999999999996
89,18,1,5.555555555555555,520.0,4644,28546.14
90,13,2,15.384615384615385,104.39999999999999,847,1021.4700000000001
91,8,1,12.5,40.1,384,164.4
92,6,0,0.0,37.800000000000004,460,52.05
93,29,4,13.793103448275861,8530.499999999996,48560,2138577.63
94,11,1,9.090909090909092,628.1999999999999,3688,25704.44999999999
95,23,3,13.043478260869565,10372.3,52856,1814671.739999998
96,15,0,0.0,7125.600000000002,43100,3297002.4299999992
97,9,2,22.22222222222222,5142.700000000001,30081,7371371.429999997
98,20,3,15.0,9229.900000000001,44918,3404445.149999996
99,16,2,12.5,7977.700000000001,33693,1729694.460000001
100,15,2,13.333333333333334,3905.9000000000005,26239,1316057.2200000002
101,10,0,0.0,6677.700000000008,37112,4140422.0699999994
102,7,2,28.57142857142857,93.60000000000001,985,751.1099999999999
103,24,2,8.333333333333332,9014.799999999997,45132,1885865.9700000004
104,12,1,8.333333333333332,503.50000000000017,3389,22125.060000000005
105,11,0,0.0,7440.200000000003,32954,3546881.31
106,9,1,11.11111111111111,20.299999999999997,424,105.86999999999999
107,16,1,6.25,8035.000000000002,35356,5897022.630000004
108,6,2,33.33333333333333,5.199999999999996,444,54.14999999999996
109,6,1,16.666666666666664,13.2,289,-3.5399999999999947
110,4,0,0.0,55.3,524,128.46000000000004
111,9,3,33.33333333333333,52.6,893,776.7000000000002
112,22,5,22.727272727272727,572.3000000000001,3863,16974.77999999999
113,10,1,10.0,49.5,380,57.60000000000001
114,5,1,20.0,25.2,366,-4.320000000000002
115,12,0,0.0,6260.0,38162,2586904.499999999
116,8,0,0.0,3362.5,35819,918820.4999999993
117,16,2,12.5,1259.4999999999998,7313,90522.27000000002
118,18,1,5.555555555555555,8335.7,50710,1413880.05
119,22,0,0.0,6461.7999999999965,36813,433032.26999999984
120,14,1,7.142857142857142,10547.29999999999,46630,2935364.8499999954
121,1,0,0.0,0.0,61,0.0
122,13,0,0.0,6292.599999999993,30452,3037465.409999999
123,9,2,22.22222222222222,213.29999999999995,1689,3152.7900000000004
124,14,2,14.285714285714285,5216.4,27962,1350014.46
125,12,0,0.0,3950.1000000000004,16724,457800.33000000013
126,8,1,12.5,290.5,2297,8259.66
127,16,2,12.5,8205.00000000001,38368,3603574.8299999987
128,4,1,25.0,37.1,555,211.89
129,5,0,0.0,240.20000000000002,1548,2812.5
130,12,0,0.0,8476.999999999993,40048,3000526.2600000044
131,7,1,14.285714285714285,155.5,1285,1385.3999999999999
132,20,2,10.0,4104.500000000001,21680,131144.82
133,20,4,20.0,8941.999999999995,46134,5679317.819999999
134,21,2,9.523809523809524,3317.6000000000004,19587,118172.36999999997
135,31,5,16.129032258064516,8637.800000000001,50048,1415197.5899999999
136,17,3,17.647058823529413,7562.599999999996,38171,1814895.3000000003
137,8,1,12.5,247.50000000000003,1636,3431.5199999999995
138,16,3,18.75,338.3,2485,1806.7500000000002
139,3,1,33.33333333333333,32.7,412,119.81999999999998
140,8,1,12.5,39.800000000000004,488,-6.209999999999962
141,14,1,7.142857142857142,8059.799999999997,37498,2797776.5699999994
142,17,0,0.0,2915.699999999999,15227,392356.22999999986
143,15,2,13.333333333333334,412.6,2814,7303.89
144,12,0,0.0,427.6000000000001,2738,4491.93
145,6,1,16.666666666666664,26.6,323,26.459999999999997
146,17,0,0.0,4649.700000000002,23327,2008658.2199999988
147,13,1,7.6923076923076925,8289.900000000001,48248,4572229.080000002
148,21,2,9.523809523809524,8538.300000000003,52249,3816881.4600000004
149,9,1,11.11111111111111,15.799999999999999,287,-82.32
150,7,0,0.0,126.4,885,664.02
151,11,2,18.181818181818183,143.3,1089,806.4899999999998
152,25,4,16.0,8986.399999999998,44912,1390831.5900000008
153,8,1,12.5,103.4,955,630.4200000000001
154,5,1,20.0,19.6,316,27.839999999999996
155,13,0,0.0,7429.299999999996,36206,5848654.800000001
156,7,1,14.285714285714285,5.1,268,-23.93999999999999
157,8,2,25.0,44.800000000000004,450,59.880000000000024
158,16,0,0.0,7538.499999999996,38698,1866689.549999998
159,10,0,0.0,45.2,490,142.79999999999998
160,8,1,12.5,52.800000000000004,530,168.12000000000003
161,7,2,28.57142857142857,26.999999999999996,349,141.42000000000002
162,21,1,4.761904761904762,8740.5,41926,2709558.4799999986
163,17,1,5.88235294117647,8474.699999999997,38634,6842250.3599999985
164,8,0,0.0,45.900000000000006,517,76.23000000000002
165,16,1,6.25,7878.999999999999,38986,8084079.54
166,9,0,0.0,9449.3,45964,8625728.88
167,21,3,14.285714285714285,8669.599999999999,43027,2327986.8000000003
168,8,1,12.5,18.3,284,-13.14
169,10,0,0.0,2812.4999999999973,16181,204845.31000000052
170,19,4,21.052631578947366,8067.199999999998,39885,2389664.189999999
171,13,0,0.0,567.9000000000001,2531,2177.8199999999997
172,17,1,5.88235294117647,636.0000000000001,5112,28926.9
173,26,2,7.6923076923076925,7755.099999999995,43098,2316473.73
174,8,1,12.5,188.9,1275,1745.3999999999999
175,28,4,14.285714285714285,9705.599999999995,48555,3417276.180000003
176,10,1,10.0,61.5,452,128.81999999999996
177,17,2,11.76470588235294,6266.299999999999,38478,3002671.6199999987
178,14,2,14.285714285714285,4498.500000000005,21126,562252.8299999994
179,11,1,9.090909090909092,2647.6,13814,788522.3099999997
180,9,0,0.0,184.9,1610,1775.699999999999
181,17,3,17.647058823529413,180.8,1504,966.1200000000001
182,15,0,0.0,6410.999999999994,31254,1037628.3299999986
183,17,2,11.76470588235294,850.0999999999998,5440,22602.15
184,13,0,0.0,6583.100000000002,43739,2921304.9000000022
185,8,0,0.0,3048.0,23705,2196712.5
186,17,0,0.0,8233.299999999997,37785,1735627.1999999983
187,13,2,15.384615384615385,7989.499999999995,38176,4262093.52
188,15,2,13.333333333333334,9906.500000000011,46399,6287743.499999999
189,16,3,18.75,476.1000000000001,3175,9476.399999999996
190,8,1,12.5,1289.6999999999998,7059,182764.98
191,7,0,0.0,71.0,712,2355.15
192,12,1,8.333333333333332,7888.7,37448,5761867.470000003
193,10,1,10.0,96.19999999999999,796,-2.879999999999974
194,15,3,20.0,8072.199999999999,37568,4326792.12
195,15,0,0.0,9123.399999999996,47721,3707181.3000000007
196,14,0,0.0,3584.7000000000016,21928,234346.37999999974
197,17,1,5.88235294117647,7933.499999999997,41918,5382898.68
198,5,0,0.0,17.5,210,33.45
199,14,1,7.142857142857142,6501.800000000003,38141,3715261.860000001
200,16,1,6.25,342.6,2302,6883.979999999997
201,3,0,0.0,8.5,192,7.799999999999999
202,23,2,8.695652173913043,775.2,4773,26572.47
203,8,1,12.5,5888.899999999997,33181,7117626.359999998
204,26,2,7.6923076923076925,7858.799999999999,40766,1022041.4099999999
205,2,0,0.0,20.5,267,83.4
206,22,3,13.636363636363635,1950.5000000000002,10623,61361.700000000004
207,10,1,10.0,229.50000000000006,2183,6320.009999999998
208,15,0,0.0,262.8,2213,2061.0
209,13,3,23.076923076923077,9212.499999999993,39534,3627647.8500000006
210,16,0,0.0,249.60000000000002,1918,2273.1
211,18,1,5.555555555555555,8389.400000000005,39194,1887679.4399999995
212,7,2,28.57142857142857,35.1,795,121.01999999999995
213,13,1,7.6923076923076925,4210.099999999998,22932,581081.0399999997
214,4,1,25.0,24.600000000000005,691,382.26000000000016
215,20,4,20.0,8699.1,43158,6875825.460000001
216,21,2,9.523809523809524,8822.400000000005,40554,2132366.880000001
217,12,1,8.333333333333332,366.70000000000005,2696,6116.099999999999
218,8,1,12.5,20.999999999999996,334,128.48999999999995
219,17,2,11.76470588235294,3444.6,21395,341856.7799999999
220,11,1,9.090909090909092,7700.100000000004,37222,5981147.3999999985
221,7,2,28.57142857142857,31.6,273,16.380000000000003
222,12,2,16.666666666666664,424.20000000000005,3109,9965.640000000003
223,10,1,10.0,950.6999999999997,6518,135613.5
224,26,2,7.6923076923076925,8373.300000000005,41119,1467625.0499999996
225,1,0,0.0,3.5,66,11.7
226,9,0,0.0,7470.5999999999985,36668,7866166.2299999995
227,25,3,12.0,6153.700000000002,32788,862807.1399999995
228,18,1,5.555555555555555,7528.899999999998,34286,2540449.59
229,2,1,50.0,0.5,481,107.81999999999996
230,4,1,25.0,30.4,270,64.05
231,11,1,9.090909090909092,3228.9999999999977,17312,1263600.2100000002
232,6,2,33.33333333333333,12.2,305,-12.959999999999999
233,14,2,14.285714285714285,2002.599999999999,11607,457636.1099999998
234,14,1,7.142857142857142,4216.9,20729,1479243.1499999994
235,21,2,9.523809523809524,4228.4,24254,350914.5600000002
236,7,2,28.57142857142857,20.699999999999996,391,104.18999999999997
237,12,1,8.333333333333332,8304.600000000004,38286,6177899.3999999985
238,10,1,10.0,5971.399999999998,32139,5112476.700000002
239,19,2,10.526315789473683,10046.600000000004,51580,4722121.409999999
240,18,1,5.555555555555555,3810.099999999999,20963,1554630.1800000002
241,16,1,6.25,4553.799999999998,23379,2358793.98
242,10,0,0.0,6331.699999999993,32796,1986892.8899999983
243,10,0,0.0,5456.199999999995,33680,2055363.9299999995
244,11,2,18.181818181818183,72.0,810,732.6000000000001
245,7,1,14.285714285714285,27.0,305,0.839999999999999
246,10,1,10.0,748.1,4116,31496.339999999997
247,12,1,8.333333333333332,153.6,1343,627.6299999999999
248,1,0,0.0,3.0,24,0.0
249,6,0,0.0,74.60000000000001,565,144.54000000000002
250,16,0,0.0,7068.799999999993,34075,2058049.7999999989
251,8,0,0.0,124.80000000000001,821,163.20000000000002
252,14,2,14.285714285714285,7689.0999999999985,36832,5757924.810000005
253,24,3,12.5,1589.7999999999997,9129,40764.29999999999
254,19,3,15.789473684210526,835.4999999999999,5427,15847.560000000003
255,18,2,11.11111111111111,2623.2999999999997,12537,328423.25999999995
256,18,1,5.555555555555555,7567.099999999997,39934,3098349.4799999995
257,11,0,0.0,382.90000000000003,2550,13426.109999999999
258,14,2,14.285714285714285,7347.500000000006,35988,4297318.95
259,1,0,0.0,3.5,144,44.099999999999994
260,22,2,9.090909090909092,8462.399999999998,41932,9094379.370000001
261,12,0,0.0,5327.100000000004,31466,2973721.86
262,13,1,7.6923076923076925,6302.499999999998,36667,1424167.3799999997
263,24,1,4.166666666666666,2211.0,12275,188516.78999999998
264,12,0,0.0,5311.9,29056,7093345.469999999
265,49,8,16.3265306122449,7417.399999999999,40801,1915505.43
266,27,2,7.4074074074074066,9860.199999999997,48629,4161448.7700000023
267,14,0,0.0,7918.4000000000015,36642,3848291.699999999
268,19,2,10.526315789473683,6943.200000000003,40372,1548328.8
269,12,0,0.0,1932.4999999999995,7768,168815.5199999999
270,11,1,9.090909090909092,1667.1999999999998,10728,336919.86
271,25,1,4.0,10048.499999999998,44939,1655806.5299999993
272,14,0,0.0,2561.6999999999994,12983,366535.04999999993
273,16,0,0.0,2538.2,20672,800347.7699999999
274,26,4,15.384615384615385,8839.600000000002,45408,3761996.610000001
275,29,3,10.344827586206897,5315.699999999999,32414,665396.7300000003
276,9,1,11.11111111111111,202.7,1663,2384.3100000000004
277,4,0,0.0,59.7,488,161.70000000000005
278,8,2,25.0,50.5,482,89.97
279,15,1,6.666666666666667,6323.299999999997,45166,3911783.849999995
280,14,0,0.0,4617.399999999999,23575,563602.1100000002
281,23,2,8.695652173913043,5690.7,37863,717283.1400000007
282,9,0,0.0,335.7,2723,11952.69
283,7,1,14.285714285714285,73.50000000000001,774,624.6600000000001
284,17,0,0.0,7615.199999999999,43880,2832658.0800000024
285,25,3,12.0,7726.600000000007,40679,1860753.2100000007
286,16,1,6.25,8350.699999999993,42268,2451725.3399999994
287,16,1,6.25,8271.1,36367,5227733.61
288,19,4,21.052631578947366,7757.9000000000015,40967,5788528.949999999
289,1,0,0.0,9.5,173,116.25000000000001
290,8,1,12.5,68.60000000000001,557,46.89
291,9,1,11.11111111111111,384.4000000000001,2895,25968.11999999999
292,17,2,11.76470588235294,1293.1,8053,82668.74999999997
293,7,1,14.285714285714285,102.59999999999995,1413,3769.4700000000003
294,13,0,0.0,6542.400000000001,33983,3490824.5099999974
295,14,2,14.285714285714285,6280.600000000003,31580,2785342.6800000006
296,10,0,0.0,1111.1999999999996,7819,8923.530000000004
297,19,1,5.263157894736842,8707.100000000002,38846,3095975.4599999995
298,6,1,16.666666666666664,60.2,540,94.62
299,17,1,5.88235294117647,422.6,2922,4035.359999999999
300,2,1,50.0,5.8999999999999995,185,45.540000000000006
301,5,0,0.0,40.0,748,837.45
302,15,1,6.666666666666667,5354.2,47662,3549267.0000000005
303,16,2,12.5,10812.5,48048,4912609.0200000005
304,16,1,6.25,8106.699999999999,42974,2966741.7599999965
305,15,1,6.666666666666667,8906.7,42486,2958760.6800000025
306,12,1,8.333333333333332,3253.600000000003,13886,235283.78999999998
307,13,1,7.6923076923076925,8407.799999999996,41396,10102326.029999996
308,6,1,16.666666666666664,17.9,305,-32.7
309,13,1,7.6923076923076925,1789.7999999999993,9550,219691.22999999998
310,11,2,18.181818181818183,107.2,936,352.92
311,24,4,16.666666666666664,9073.899999999996,46755,2737789.4999999986
312,17,1,5.88235294117647,6850.7,35959,3145062.8399999985
313,18,2,11.11111111111111,5913.799999999996,31752,3501649.7399999993
314,28,4,14.285714285714285,1864.4999999999998,11386,43206.12
315,18,1,5.555555555555555,2106.8999999999996,11689,128025.54
316,13,2,15.384615384615385,7412.999999999995,36296,4244046.7200000025
317,16,1,6.25,6232.8,52961,3745438.080000002
318,19,1,5.263157894736842,7563.799999999996,36187,839170.2599999993
319,28,3,10.714285714285714,5846.599999999997,32880,165844.0499999999
320,8,0,0.0,61.900000000000006,498,217.41000000000003
321,10,0,0.0,119.5,1073,1727.85
322,10,1,10.0,67.60000000000001,424,78.45
323,4,1,25.0,15.0,229,-2.8800000000000012
324,34,4,11.76470588235294,7159.300000000002,42121,792864.420000001
325,13,1,7.6923076923076925,6585.1,49164,4655569.05
326,17,1,5.88235294117647,6901.599999999998,38412,4133307.149999998
327,14,1,7.142857142857142,8378.899999999996,37935,6783272.069999998
328,7,2,28.57142857142857,19.400000000000002,279,1.1399999999999992
329,8,2,25.0,15.500000000000004,492,-31.919999999999998
330,7,1,14.285714285714285,22.1,262,21.84
331,10,1,10.0,642.6000000000004,4714,22359.11999999998
332,22,2,9.090909090909092,485.1,3296,3053.789999999999
333,11,2,18.181818181818183,277.69999999999993,2074,4218.419999999999
334,17,0,0.0,7115.700000000002,39611,7249242.989999999
335,19,1,5.263157894736842,859.5,4732,5839.800000000002
336,12,2,16.666666666666664,741.7000000000003,4446,39256.86
337,9,1,11.11111111111111,75.7,763,297.39
338,10,1,10.0,184.99999999999994,1177,898.6500000000002
339,11,1,9.090909090909092,7713.499999999998,40841,3291258.989999999
340,10,0,0.0,7742.799999999998,42858,6611559.4799999995
341,12,2,16.666666666666664,338.0999999999999,2292,4430.219999999999
342,15,0,0.0,7730.200000000003,36232,4386667.529999999
343,15,0,0.0,9032.799999999996,42096,7946463.84
344,27,3,11.11111111111111,1360.1000000000001,7633,26613.239999999998
345,13,2,15.384615384615385,158.9,1212,467.0100000000001
346,12,1,8.333333333333332,5077.599999999996,24656,1849287.6600000004
347,19,2,10.526315789473683,7379.799999999998,39014,4686170.010000003
348,17,3,17.647058823529413,218.1,1769,2052.99
349,14,1,7.142857142857142,8710.500000000002,40178,4178057.0699999994
350,7,2,28.57142857142857,60.89999999999999,1238,322.4099999999998
351,16,0,0.0,5247.999999999999,28394,1697668.1700000006
352,7,1,14.285714285714285,53.400000000000006,629,35.669999999999995
353,17,2,11.76470588235294,7439.800000000006,37344,2205614.5800000033
354,10,1,10.0,181.10000000000008,1695,2812.95
355,14,0,0.0,6586.900000000001,34931,3177150.9000000046
356,21,2,9.523809523809524,7067.600000000005,38658,4067775.149999999
357,5,1,20.0,10.1,284,14.940000000000001
358,8,1,12.5,49.800000000000004,584,120.24000000000002
359,9,1,11.11111111111111,618.1999999999999,3436,17316.480000000003
360,4,0,0.0,17.0,136,64.8
361,17,2,11.76470588235294,8329.199999999993,36756,4429515.209999998
362,21,4,19.047619047619047,9410.0,45099,2238549.810000001
363,24,2,8.333333333333332,2153.6,12216,76790.19000000003
364,6,2,33.33333333333333,19.8,307,109.43999999999998
365,14,0,0.0,5471.1,42668,3424831.739999998
366,12,1,8.333333333333332,6150.899999999998,29361,1218092.6399999992
367,6,0,0.0,150.5,1549,2210.999999999999
368,7,1,14.285714285714285,4.6,232,-6.659999999999998
369,14,1,7.142857142857142,4801.2,25055,4328282.309999998
370,6,1,16.666666666666664,20.1,327,33.54
371,12,4,33.33333333333333,64.89999999999999,662,467.7900000000001
372,16,1,6.25,6884.700000000003,33084,3885107.2200000016
373,10,1,10.0,4079.499999999999,17335,1028086.7400000003
374,22,2,9.090909090909092,8764.5,47014,3236106.3899999997
375,22,1,4.545454545454546,8280.799999999996,40023,2983010.73
376,9,1,11.11111111111111,87.60000000000001,744,515.04
377,8,0,0.0,5496.299999999999,27914,1390432.5899999996
378,16,2,12.5,9956.499999999998,48095,2340043.5900000026
379,6,1,16.666666666666664,7087.799999999999,32455,10802152.020000003
380,9,2,22.22222222222222,38.8,477,63.35999999999997
381,15,0,0.0,5873.299999999996,37079,1685307.9600000018
382,27,5,18.51851851851852,1025.2,8162,22911.480000000003
383,9,1,11.11111111111111,34.099999999999994,525,137.39999999999998
384,18,2,11.11111111111111,4730.599999999996,23154,365066.9400000007
385,29,5,17.24137931034483,6974.499999999995,41440,631769.3099999997
386,15,2,13.333333333333334,7498.499999999993,31517,2145101.7000000007
387,28,3,10.714285714285714,10144.300000000001,51378,2922578.430000002
388,9,1,11.11111111111111,277.6,1876,2825.459999999999
389,16,1,6.25,7693.7999999999965,42371,2603691.1799999974
390,26,4,15.384615384615385,8303.899999999998,38107,2993903.4899999998
391,7,1,14.285714285714285,26.1,299,6.839999999999998
392,6,0,0.0,23.6,244,6.6000000000000005
393,5,1,20.0,16.0,313,39.9
394,17,1,5.88235294117647,10060.099999999995,48666,8276373.120000004
395,7,1,14.285714285714285,99.10000000000002,883,422.07000000000005
396,14,0,0.0,7248.0,37999,3774932.8500000006
397,17,3,17.647058823529413,372.50000000000006,2389,3424.2000000000007
398,13,0,0.0,918.2000000000003,5452,59592.150000000016
399,46,6,13.043478260869565,4880.700000000001,29276,2191834.829999997
400,10,1,10.0,91.1,767,591.33
401,15,1,6.666666666666667,8142.000000000002,50302,5830595.970000002
402,11,0,0.0,243.1,1984,5055.179999999999
403,18,3,16.666666666666664,9027.700000000004,38749,6895340.759999995
404,13,0,0.0,734.4999999999999,4985,26667.389999999992
405,24,2,8.333333333333332,9561.200000000004,39747,2834587.08
406,9,1,11.11111111111111,88.80000000000003,880,429.00000000000006
407,10,1,10.0,177.5,1838,2614.92
408,9,1,11.11111111111111,477.59999999999997,2681,15915.750000000002
409,13,1,7.6923076923076925,4596.499999999999,37114,1724081.5199999993
410,10,1,10.0,4236.999999999999,27378,4356498.45
411,11,0,0.0,4361.1,25842,3453828.96
412,29,2,6.896551724137931,8625.299999999997,42326,1480110.3600000013
413,18,1,5.555555555555555,8738.899999999994,40847,8982431.1
414,23,3,13.043478260869565,9647.900000000007,42257,2612648.7600000007
415,37,7,18.91891891891892,6786.499999999998,32826,768248.1299999994
416,5,1,20.0,19.2,339,19.559999999999995
417,6,1,16.666666666666664,14.899999999999999,243,-9.48
418,19,0,0.0,10038.800000000001,45610,1862415.2099999995
419,31,3,9.67741935483871,8668.6,46688,1437848.6400000001
420,11,1,9.090909090909092,4502.000000000005,28644,4320254.669999999
421,21,1,4.761904761904762,7226.499999999994,38075,2550563.0400000024
422,7,2,28.57142857142857,0.10000000000000053,269,37.62000000000002
423,15,2,13.333333333333334,8186.299999999998,38234,4028528.219999998
424,13,1,7.6923076923076925,653.0999999999999,4517,42562.82999999999
425,13,1,7.6923076923076925,8223.400000000001,38572,6297806.2200000025
426,8,0,0.0,177.60000000000002,1284,1794.3600000000001
427,3,0,0.0,89.19999999999999,627,571.9499999999999
428,25,2,8.0,2259.000000000001,12321,143210.55000000013
429,20,3,15.0,8685.100000000002,41630,3147802.3800000004
430,13,0,0.0,5438.399999999997,26221,650875.3200000009
431,12,1,8.333333333333332,8435.500000000004,41527,6067134.270000002
432,11,1,9.090909090909092,7916.200000000004,40607,3464489.9400000037
433,7,1,14.285714285714285,122.7,894,577.71
434,15,1,6.666666666666667,6628.5,29876,2241859.379999998
435,9,1,11.11111111111111,48.8,560,-28.349999999999966
436,15,1,6.666666666666667,6498.500000000003,29228,4128887.580000002
437,4,0,0.0,28.900000000000002,351,37.2
438,39,5,12.82051282051282,4647.099999999999,23052,517286.88
439,7,1,14.285714285714285,7267.300000000001,37242,7276792.3500000015
440,7,1,14.285714285714285,141.1,951,1014.5999999999999
441,21,0,0.0,6281.699999999998,34004,3201960.7500000005
442,13,2,15.384615384615385,866.9999999999998,5221,50636.37000000001
443,13,0,0.0,8391.9,44269,2593854.210000001
444,15,0,0.0,372.1,2541,4927.2300000000005
445,21,1,4.761904761904762,9218.799999999997,43363,1375977.9599999997
446,13,2,15.384615384615385,5495.800000000002,40407,1059605.4299999985
447,8,1,12.5,54.8,493,-5.760000000000002
448,29,3,10.344827586206897,9249.599999999999,45752,3442610.8499999996
449,16,0,0.0,8305.199999999995,43492,4487098.019999997
450,15,2,13.333333333333334,327.90000000000003,1958,3921.5099999999998
451,17,1,5.88235294117647,6585.599999999993,34715,6491574.1499999985
452,7,0,0.0,114.60000000000001,609,451.10999999999996
453,10,0,0.0,8499.0,44231,5370700.979999998
454,13,0,0.0,2020.3999999999994,11563,333011.91000000003
455,14,1,7.142857142857142,7962.599999999998,45037,5776087.469999998
456,10,1,10.0,156.50000000000003,941,754.41
457,22,2,9.090909090909092,8211.799999999994,37723,2410136.5199999986
458,17,0,0.0,638.8000000000002,4875,17340.96
459,12,2,16.666666666666664,335.59999999999997,2170,4567.890000000001
460,30,4,13.333333333333334,7664.599999999997,40001,1166312.7899999996
461,8,3,37.5,169.99999999999994,1398,2644.1099999999997
462,0,0,0.0,0.0,0,0.0
463,9,1,11.11111111111111,157.5,1831,3684.6
464,10,1,10.0,117.19999999999999,754,136.47
465,22,1,4.545454545454546,10184.699999999997,45474,1932092.7900000005
466,15,1,6.666666666666667,807.5000000000001,4776,32380.40999999999
467,19,4,21.052631578947366,7623.299999999997,36984,4359595.979999998
468,16,0,0.0,6601.700000000003,35956,3494337.87
469,4,0,0.0,28.0,418,63.54
470,8,1,12.5,199.5,1556,4547.82
471,16,2,12.5,6948.499999999991,32903,3235706.700000004
472,21,2,9.523809523809524,8639.500000000002,42850,2476270.3499999996
473,8,2,25.0,256.1000000000001,1911,5479.0199999999995
474,17,0,0.0,8156.599999999999,41748,5902292.94
475,9,0,0.0,172.4,1296,1178.5499999999997
476,11,2,18.181818181818183,570.0,3716,17187.480000000003
477,7,0,0.0,35.0,414,65.54999999999998
478,12,0,0.0,6122.100000000004,25828,2055120.3300000003
479,9,2,22.22222222222222,47.2,394,113.30999999999999
480,19,1,5.263157894736842,6516.499999999998,34099,407675.22000000003
481,19,1,5.263157894736842,9268.099999999995,36019,2355010.38
482,29,3,10.344827586206897,5658.900000000001,33722,4412984.009999996
483,22,2,9.090909090909092,5740.5,27543,788249.2200000002
484,35,3,8.571428571428571,7994.799999999995,42515,4147322.4300000053
485,2,0,0.0,4.5,84,1.7999999999999998
486,12,2,16.666666666666664,2793.0999999999985,13940,647637.7200000004
487,8,1,12.5,57.9,477,110.49
488,16,0,0.0,4456.4,26592,875829.7500000006
489,6,1,16.666666666666664,44.400000000000006,385,210.80999999999997
490,17,0,0.0,8161.5999999999985,37595,4092311.160000004
491,0,0,0.0,0.0,0,0.0
492,16,0,0.0,7223.500000000003,42960,2250735.0899999985
493,11,1,9.090909090909092,2404.3999999999996,13561,511766.30999999994
494,15,1,6.666666666666667,3442.9000000000005,25226,840730.2599999993
495,1,0,0.0,4.0,60,23.7
496,19,1,5.263157894736842,5846.6,47119,1473213.719999998
497,18,0,0.0,732.5,4992,17845.98
498,5,0,0.0,73.79999999999998,690,583.7099999999999
499,23,2,8.695652173913043,6674.000000000004,33807,1367084.370000001
500,16,1,6.25,8851.6,47439,3468748.5900000026
501,7,1,14.285714285714285,29.1,440,44.46
502,8,0,0.0,1706.0,18169,471819.44999999984
503,15,0,0.0,7780.299999999999,39189,10065706.319999997
504,12,1,8.333333333333332,8883.7,40685,9698083.440000001
505,13,2,15.384615384615385,144.5,1135,1608.4200000000003
506,7,0,0.0,47.7,606,189.45
507,7,1,14.285714285714285,113.30000000000001,865,393.78000000000003
508,11,0,0.0,190.90000000000003,1562,1667.9999999999995
509,12,0,0.0,9539.799999999994,47902,4352774.729999996
510,13,0,0.0,2631.7,14760,557193.57
511,9,1,11.11111111111111,94.1,827,399.66
512,27,3,11.11111111111111,8422.699999999999,45631,1906137.8699999987
513,10,2,20.0,190.6,1164,1406.7000000000003
514,14,0,0.0,9239.499999999998,46712,2796607.0199999986
515,23,2,8.695652173913043,9343.300000000001,49547,2648314.8899999987
516,23,3,13.043478260869565,2807.499999999999,16193,189274.61999999994
517,12,1,8.333333333333332,8434.099999999995,33757,3442117.9800000032
518,19,1,5.263157894736842,1213.6000000000006,6546,52303.2
519,9,0,0.0,8317.599999999999,42247,5678220.030000004
520,20,2,10.0,7535.000000000004,45027,1862595.689999999
521,16,2,12.5,6090.200000000004,33859,6729875.459999999
522,1,0,0.0,9.0,152,63.599999999999994
523,10,0,0.0,5612.200000000001,30466,1704721.3199999991
524,5,0,0.0,28.1,326,53.99999999999999
525,16,1,6.25,3123.800000000001,15632,771646.1699999998
526,7,1,14.285714285714285,38.8,774,230.97
527,14,1,7.142857142857142,258.20000000000005,1902,1702.59
528,13,1,7.6923076923076925,7365.200000000005,36501,3935312.6400000043
529,6,1,16.666666666666664,19.400000000000002,308,-9.18
530,13,1,7.6923076923076925,8479.300000000001,38525,9056012.040000001
531,16,1,6.25,8364.100000000008,40675,2576525.0399999996
532,12,1,8.333333333333332,248.4,1639,814.0500000000001
533,23,1,4.3478260869565215,1392.1000000000001,8157,57585.09
534,7,0,0.0,56.5,551,532.1999999999999
535,17,2,11.76470588235294,7174.299999999993,40504,2083929.7200000025
536,5,1,20.0,10.8,305,-6.180000000000001
537,12,0,0.0,6485.0999999999985,31933,1500895.4400000016
538,8,1,12.5,65.8,453,98.55000000000001
539,9,1,11.11111111111111,99.4,841,353.54999999999995
540,10,1,10.0,753.9000000000001,5546,52234.439999999995
541,17,0,0.0,11595.699999999993,51979,2300561.429999999
542,12,1,8.333333333333332,3175.4,16414,792743.49
543,30,2,6.666666666666667,7338.299999999994,39051,3196810.6799999964
544,16,2,12.5,1114.9,6304,27955.320000000003
545,23,2,8.695652173913043,5982.399999999999,29451,326889.18
546,21,1,4.761904761904762,7187.899999999992,35208,3692390.0700000026
547,6,1,16.666666666666664,27.0,323,16.919999999999998
548,18,2,11.11111111111111,7446.999999999994,40528,3908490.6000000006
549,11,1,9.090909090909092,2832.5000000000005,15412,1270095.69
550,10,1,10.0,224.10000000000008,2452,4836.93
551,8,0,0.0,235.49999999999994,1494,3305.8500000000004
552,6,0,0.0,362.1000000000001,2250,10304.279999999999
553,10,2,20.0,6843.399999999995,31869,3205042.1399999997
554,15,1,6.666666666666667,4826.000000000002,26346,2802161.400000001
555,11,1,9.090909090909092,49.900000000000006,611,254.9699999999999
556,18,0,0.0,7461.2000000000035,33261,2911758.54
557,22,3,13.636363636363635,9643.499999999993,46744,6216462.030000001
558,13,1,7.6923076923076925,4638.3,40550,1702352.4900000019
559,24,2,8.333333333333332,7933.700000000003,38864,4443830.970000002
560,9,0,0.0,4295.3999999999905,18679,1127046.51
561,14,1,7.142857142857142,8408.6,39598,6246253.470000003
562,14,0,0.0,2218.999999999999,10399,25356.51000000003
563,18,1,5.555555555555555,9239.1,48378,1953051.900000001
564,12,2,16.666666666666664,8059.799999999999,35882,3893376.03
565,10,1,10.0,8002.800000000001,36759,7329729.690000001
566,13,2,15.384615384615385,7166.800000000006,34421,3883778.2799999975
567,9,1,11.11111111111111,59.300000000000004,565,91.47000000000001
568,19,3,15.789473684210526,8141.700000000002,55437,1470356.190000001
569,9,1,11.11111111111111,6622.200000000002,35968,6735758.039999998
570,20,2,10.0,8032.200000000001,41667,1108721.460000001
571,16,1,6.25,6939.600000000006,32186,2466659.5800000043
572,6,1,16.666666666666664,28.1,315,20.04
573,7,1,14.285714285714285,54.400000000000006,625,215.15999999999997
574,19,1,5.263157894736842,5622.699999999998,37146,5277903.84
575,8,1,12.5,46.0,583,134.07
576,14,1,7.142857142857142,4273.4,21070,1088210.0999999999
577,17,0,0.0,6249.4999999999945,34769,2742822.869999999
578,5,1,20.0,0.39999999999999947,150,40.32000000000001
579,11,0,0.0,9614.399999999998,45408,8462142.750000002
580,6,1,16.666666666666664,18.900000000000002,321,-10.560000000000002
581,9,1,11.11111111111111,44.2,479,31.740000000000002
582,22,2,9.090909090909092,6806.0999999999985,34910,2958441.96
583,17,1,5.88235294117647,1023.9,7823,73912.07999999999
584,9,1,11.11111111111111,16.8,238,56.69999999999999
585,17,1,5.88235294117647,6419.9,36733,6846034.11
586,33,6,18.181818181818183,8880.099999999999,45292,2027488.2299999993
587,12,1,8.333333333333332,7984.599999999998,41362,5579780.369999998
588,5,0,0.0,30.1,301,33.300000000000004
589,12,1,8.333333333333332,8583.100000000002,40332,10488505.619999992
590,18,1,5.555555555555555,8697.099999999997,42661,5296814.069999998
591,22,3,13.636363636363635,6833.199999999997,34820,2600339.4900000007
592,25,1,4.0,10609.099999999995,48751,2143765.6799999997
593,10,2,20.0,608.1999999999999,5558,69094.53000000003
594,8,1,12.5,149.59999999999997,1306,1827.48
595,17,2,11.76470588235294,947.1000000000001,6748,37575.84
596,17,2,11.76470588235294,8684.699999999999,41696,6206153.009999996
597,19,1,5.263157894736842,3487.2000000000003,17641,153268.49999999974
598,17,0,0.0,6335.200000000001,31370,2823450.9
599,11,0,0.0,10062.299999999994,46844,8841318.54
600,14,0,0.0,5842.799999999999,33262,2502462.480000001
601,16,1,6.25,8173.79999999999,43886,5718825.6300000055
602,14,1,7.142857142857142,4547.999999999998,18728,320072.6699999997
603,6,1,16.666666666666664,14.699999999999992,719,398.37
604,6,2,33.33333333333333,58.8,587,342.7199999999999
605,18,2,11.11111111111111,5500.500000000004,26663,320076.66000000027
606,30,5,16.666666666666664,8522.699999999997,45183,2586292.2000000007
607,9,1,11.11111111111111,51.8,589,103.23
608,6,1,16.666666666666664,110.19999999999999,1114,1818.9900000000002
609,15,4,26.666666666666668,7646.4000000000015,38758,4020891.329999999
610,10,1,10.0,4968.099999999998,26205,1089963.9300000006
611,14,1,7.142857142857142,1761.7,9901,291335.37000000017
612,24,2,8.333333333333332,8547.699999999995,40855,5029801.199999999
613,14,1,7.142857142857142,7074.900000000003,37499,5971172.460000002
614,19,3,15.789473684210526,8777.0,36456,2625503.5500000003
615,15,2,13.333333333333334,2829.100000000001,16165,464961.63000000024
616,13,1,7.6923076923076925,368.50000000000006,2203,2160.12
617,22,4,18.181818181818183,231.09999999999997,1550,986.1299999999998
618,8,2,25.0,109.7,1012,659.49
619,6,0,0.0,23.1,256,20.700000000000003
620,8,1,12.5,129.7,1154,816.0
621,7,1,14.285714285714285,58.5,633,89.28
622,11,1,9.090909090909092,7527.699999999997,33708,6393116.609999998
623,9,0,0.0,3548.8000000000006,16681,984720.8700000001
624,11,2,18.181818181818183,50.0,780,378.65999999999997
625,12,2,16.666666666666664,71.8,644,703.9800000000002
626,11,2,18.181818181818183,4035.4999999999995,20590,600981.6300000008
627,7,0,0.0,97.89999999999999,673,510.8999999999999
628,11,3,27.27272727272727,248.5,1726,2080.17
629,13,0,0.0,7637.1,40218,9982902.119999997
630,15,1,6.666666666666667,7964.0,36433,3750041.88
631,13,2,15.384615384615385,7535.4,35360,11047462.380000008
632,15,0,0.0,480.8,4173,15460.140000000003
633,12,2,16.666666666666664,721.8,5103,38904.96000000001
634,8,1,12.5,22.4,277,-4.92
635,1,0,0.0,3.0,30,0.0
636,22,1,4.545454545454546,10424.600000000004,46928,1921494.6599999995
637,4,1,25.0,17.2,184,78.78
638,14,1,7.142857142857142,69.5,420,211.79999999999998
639,27,3,11.11111111111111,2992.4999999999995,16589,222656.1299999999
640,10,1,10.0,137.60000000000002,1208,606.0000000000001
641,7,0,0.0,51.3,433,64.95
642,8,1,12.5,110.80000000000001,805,828.33
643,16,1,6.25,5235.399999999999,43645,887274.7200000004
644,5,1,20.0,20.2,337,-8.640000000000002
645,13,0,0.0,6157.100000000001,43147,3208833.4200000027
646,10,1,10.0,78.2,669,184.98000000000002
647,15,1,6.666666666666667,881.5999999999998,5637,32358.749999999996
648,0,0,0.0,0.0,0,0.0
649,4,1,25.0,29.0,339,109.61999999999998
650,14,0,0.0,5669.999999999998,29741,4528002.99
651,18,2,11.11111111111111,7344.500000000003,37967,3217984.59
652,9,0,0.0,4853.900000000002,30578,4364228.880000003
653,30,2,6.666666666666667,9727.099999999999,48495,1746219.48
654,1,0,0.0,3.0,30,1.8
655,6,1,16.666666666666664,26.0,462,168.51
656,14,1,7.142857142857142,8446.3,44317,2555726.2799999984
657,12,0,0.0,5562.700000000003,30809,7898828.58
658,14,0,0.0,5019.300000000003,32444,1426993.8299999991
659,17,2,11.76470588235294,8747.800000000003,46283,6502980.420000004
660,11,0,0.0,6367.2000000000035,30794,1539354.6000000017
661,12,2,16.666666666666664,512.9,3616,27600.75
662,26,4,15.384615384615385,1537.1,9903,33839.01000000001
663,14,2,14.285714285714285,82.1,928,869.97
664,7,1,14.285714285714285,56.4,536,-22.919999999999987
665,8,1,12.5,10.4,204,12.420000000000002
666,12,0,0.0,4279.900000000002,25110,493088.9700000001
667,11,0,0.0,8570.100000000008,47151,6054166.04999999
668,9,1,11.11111111111111,233.60000000000002,1756,4707.9
669,2,1,50.0,1.7000000000000002,299,79.01999999999998
670,12,1,8.333333333333332,6235.800000000005,28363,1388548.410000003
671,18,2,11.11111111111111,8932.300000000003,42225,4982979.210000001
672,12,0,0.0,225.70000000000002,1725,2577.75
673,19,2,10.526315789473683,1757.2999999999997,9275,84025.44000000002
674,31,3,9.67741935483871,8086.299999999997,44495,1392662.1299999994
675,35,4,11.428571428571429,7623.099999999996,46951,1099560.2400000005
676,11,1,9.090909090909092,6365.5999999999985,32295,6378085.290000001
677,14,2,14.285714285714285,909.1999999999999,5260,48661.29
678,5,1,20.0,25.7,414,149.96999999999997
679,24,2,8.333333333333332,5482.200000000001,24769,576421.9800000002
680,12,1,8.333333333333332,857.0999999999999,5794,108303.96000000004
681,34,2,5.88235294117647,8006.999999999997,42839,938620.3199999997
682,13,2,15.384615384615385,156.20000000000002,1123,1153.8000000000002
683,15,0,0.0,3212.2000000000007,25614,468409.5000000002
684,12,1,8.333333333333332,179.4,1173,619.56
685,15,2,13.333333333333334,1936.700000000001,11145,336512.31
686,10,0,0.0,124.5,857,298.26
687,13,1,7.6923076923076925,6839.999999999999,32588,6281765.009999999
688,18,2,11.11111111111111,7262.700000000001,47502,2029282.079999998
689,23,1,4.3478260869565215,7366.499999999996,36244,1275369.4200000004
690,10,1,10.0,42.3,504,68.04
691,10,1,10.0,8158.699999999999,44186,7804820.940000001
692,17,0,0.0,8132.799999999997,49579,5009109.630000001
693,21,4,19.047619047619047,1712.9,9671,109750.74000000003
694,8,2,25.0,78.9,1088,1308.12
695,17,1,5.88235294117647,1024.4,6377,61369.82999999998
696,16,0,0.0,2831.4999999999977,15501,41407.649999999965
697,7,1,14.285714285714285,178.10000000000002,1447,3731.6100000000006
698,15,0,0.0,6999.399999999998,43169,3513348.149999999
699,12,2,16.666666666666664,311.9,2580,8800.980000000001
700,26,3,11.538461538461538,4759.499999999999,25834,257817.83999999997
701,23,2,8.695652173913043,7333.999999999998,35563,2428092.8099999996
702,12,1,8.333333333333332,6617.899999999999,43400,4682886.84
703,9,1,11.11111111111111,50.599999999999994,543,131.63999999999996
704,11,2,18.181818181818183,189.2,1516,931.1099999999999
705,14,0,0.0,7760.599999999992,42182,5308694.250000007
706,6,1,16.666666666666664,25.299999999999997,351,47.279999999999994
707,14,2,14.285714285714285,7580.299999999996,38867,4994911.679999998
708,11,1,9.090909090909092,6932.599999999995,35323,7265339.729999999
709,6,1,16.666666666666664,20.5,316,-2.4599999999999973
710,16,0,0.0,2893.499999999999,17820,86254.98000000013
711,17,2,11.76470588235294,693.0000000000001,4184,11823.270000000008
712,6,0,0.0,48.0,480,7.1999999999999975
713,24,1,4.166666666666666,7378.799999999994,36721,1281770.7600000002
714,13,0,0.0,8759.900000000007,41559,4651567.590000004
715,18,2,11.11111111111111,8003.899999999997,37456,2345721.6300000013
716,11,2,18.181818181818183,4596.9,34636,1694818.919999998
717,20,3,15.0,7249.899999999998,37014,3950131.0799999996
718,14,2,14.285714285714285,1295.6000000000001,6947,94712.58000000003
719,35,7,20.0,9265.800000000007,52962,1780864.109999999
720,10,1,10.0,3377.0,28658,1383724.0500000003
721,15,2,13.333333333333334,7143.099999999999,35896,4145739.12
722,10,0,0.0,82.89999999999999,791,9.900000000000011
723,29,3,10.344827586206897,9691.899999999998,45659,1701825.87
724,10,0,0.0,6714.600000000004,37764,3278970.060000001
725,16,2,12.5,6073.200000000001,37424,1794370.170000001
726,19,0,0.0,8533.7,49008,4291590.959999998
727,5,0,0.0,26.6,239,18.0
728,20,1,5.0,8145.400000000005,38884,2561914.919999999
729,11,0,0.0,5205.700000000001,25086,2994374.3700000015
730,8,1,12.5,227.5,1971,5785.29
731,17,1,5.88235294117647,6024.000000000005,31504,3770361.029999998
732,23,2,8.695652173913043,7477.499999999999,39125,1410943.7699999993
733,10,1,10.0,59.8,472,151.85999999999999
734,11,1,9.090909090909092,8462.7,39506,7175968.950000001
735,13,0,0.0,274.49999999999994,1871,2471.46
736,14,0,0.0,6439.199999999997,31346,2898566.13
737,18,1,5.555555555555555,1304.2,6766,36411.03
738,6,0,0.0,130.5,838,645.0000000000001
739,7,1,14.285714285714285,12.499999999999998,268,8.520000000000001
740,9,1,11.11111111111111,21.700000000000006,472,77.00999999999996
741,12,1,8.333333333333332,209.09999999999997,1677,4064.7900000000004
742,11,2,18.181818181818183,7788.5999999999985,38213,7753341.390000001
743,20,1,5.0,8015.299999999998,41088,6312593.88
744,21,2,9.523809523809524,8233.4,40802,6701710.2299999995
745,27,1,3.7037037037037033,8963.400000000001,38145,1066785.5699999994
746,14,2,14.285714285714285,5120.199999999999,28711,2492732.3699999987
747,20,1,5.0,407.30000000000007,2797,2874.540000000001
748,8,0,0.0,381.59999999999997,2334,9166.800000000003
749,16,2,12.5,8568.699999999997,40667,4509560.429999999
750,8,0,0.0,211.39999999999998,1349,2056.7400000000002
751,9,1,11.11111111111111,59.3,596,97.38
752,9,1,11.11111111111111,56.6,523,412.25999999999993
753,5,1,20.0,22.4,331,212.61
754,21,2,9.523809523809524,5858.900000000004,36175,2250614.7900000014
755,8,1,12.5,94.00000000000001,803,295.71
756,13,1,7.6923076923076925,129.9,892,124.05000000000001
757,15,1,6.666666666666667,5315.299999999998,41826,2110434.690000001
758,6,1,16.666666666666664,66.5,539,57.17999999999999
759,5,0,0.0,62.0,688,1092.6
760,18,1,5.555555555555555,456.3000000000001,2856,3786.6000000000004
761,7,1,14.285714285714285,86.5,1088,1257.3
762,5,1,20.0,12.6,156,90.36
763,1,0,0.0,0.0,79,0.0
764,12,1,8.333333333333332,8018.700000000001,38353,5732464.859999999
765,14,1,7.142857142857142,4106.4000000000015,20399,464360.1599999999
766,5,1,20.0,37.0,360,123.29999999999997
767,12,1,8.333333333333332,118.5,947,3810.5700000000006
768,9,1,11.11111111111111,20.1,218,42.84
769,15,1,6.666666666666667,1436.3000000000002,7467,16113.000000000002
770,19,3,15.789473684210526,1226.3,6570,72781.94999999995
771,14,2,14.285714285714285,7754.4,42925,3779479.1100000013
772,13,1,7.6923076923076925,228.29999999999995,1532,1500.57
773,8,1,12.5,78.69999999999999,876,601.38
774,15,2,13.333333333333334,7794.199999999999,39718,5788690.529999999
775,12,1,8.333333333333332,89.9,718,293.07
776,14,2,14.285714285714285,443.50000000000006,2693,6359.280000000001
777,19,0,0.0,2590.3000000000006,14702,276764.04
778,12,1,8.333333333333332,7717.5,36896,5587384.349999998
779,11,3,27.27272727272727,527.2,3444,24741.210000000006
780,7,1,14.285714285714285,26.599999999999998,524,-77.76000000000003
781,19,1,5.263157894736842,9153.599999999993,40119,2309429.28
782,15,1,6.666666666666667,491.79999999999995,3647,4923.03
783,7,0,0.0,236.90000000000003,1343,4515.12
784,1,0,0.0,0.0,79,0.0
785,21,1,4.761904761904762,8483.199999999997,40823,3374792.4299999992
786,12,2,16.666666666666664,7957.200000000005,38979,8254112.250000001
787,3,0,0.0,24.9,315,251.70000000000005
788,13,1,7.6923076923076925,4181.800000000002,21370,1143254.9700000002
789,13,1,7.6923076923076925,405.00000000000006,2389,9219.9
790,24,2,8.333333333333332,7709.599999999996,42242,3218604.4799999986
791,14,1,7.142857142857142,7545.399999999998,48891,3528391.7700000005
792,16,1,6.25,6743.299999999997,35458,2577268.290000002
793,16,2,12.5,7319.300000000007,33486,3187471.5299999984
794,13,1,7.6923076923076925,1863.8000000000006,10000,234069.57000000004
795,9,0,0.0,40.6,337,179.4
796,7,1,14.285714285714285,32.4,524,37.26000000000003
797,8,0,0.0,1780.6999999999975,10900,86914.22999999998
798,7,1,14.285714285714285,24.0,282,-4.200000000000001
799,16,2,12.5,221.50000000000006,1923,2009.2500000000005
800,16,3,18.75,6516.699999999994,31664,3277602.9599999995
801,8,1,12.5,225.09999999999997,1460,1110.1200000000001
802,5,1,20.0,105.5,1716,599.2199999999998
803,2,0,0.0,15.5,276,66.0
804,21,0,0.0,747.7000000000002,5350,19161.930000000004
805,9,2,22.22222222222222,146.60000000000005,1790,5178.45
806,19,3,15.789473684210526,184.79999999999998,1552,1871.3999999999999
807,1,0,0.0,3.0,68,5.4
808,12,3,25.0,125.3,1155,1676.31
809,20,2,10.0,10987.900000000007,49895,4522038.48
810,6,1,16.666666666666664,40.400000000000006,489,52.83
811,7,0,0.0,216.39999999999998,1164,1984.1999999999998
812,15,2,13.333333333333334,1557.2,8009,120956.58000000002
813,16,1,6.25,7427.999999999997,35669,4759692.480000001
814,12,2,16.666666666666664,401.4999999999999,2596,4745.279999999999
815,26,4,15.384615384615385,8901.899999999994,44358,2409705.329999999
816,13,1,7.6923076923076925,1057.6000000000001,5813,44337.96
817,25,0,0.0,6792.499999999997,35929,3895004.010000001
818,39,6,15.384615384615385,7523.599999999994,40192,1038901.1100000009
819,20,1,5.0,7779.199999999995,41181,2423486.940000001
820,13,1,7.6923076923076925,7211.900000000005,40255,1410921.5400000017
821,13,0,0.0,7030.299999999994,36374,3567886.9200000037
822,21,3,14.285714285714285,7455.0,37578,7295235.45
823,5,1,20.0,5.1999999999999975,244,-27.33000000000001
824,6,1,16.666666666666664,31.6,482,86.81999999999998
825,15,0,0.0,9532.3,39314,3519942.4800000004
826,6,0,0.0,6071.4000000000015,33054,4217886.090000001
827,26,1,3.8461538461538463,7441.6,38251,2325025.59
828,5,1,20.0,12.7,201,65.88000000000001
829,11,0,0.0,8503.299999999994,43798,5178504.12
830,6,1,16.666666666666664,17.500000000000007,478,33.48
831,18,0,0.0,4501.200000000001,26339,1456670.6399999992
832,11,1,9.090909090909092,8621.499999999996,40935,12320780.400000002
833,33,2,6.0606060606060606,7063.399999999997,41632,1030026.3600000009
834,4,1,25.0,6.3,330,-3.299999999999998
835,7,1,14.285714285714285,4.3,199,38.519999999999996
836,19,3,15.789473684210526,6684.099999999997,30545,3089775.570000001
837,8,1,12.5,50.7,542,130.74
838,24,2,8.333333333333332,5644.599999999998,32655,1935105.0
839,8,2,25.0,63.69999999999999,506,109.86
840,16,2,12.5,7117.399999999999,36349,4276488.599999996
841,15,2,13.333333333333334,7186.5000000000055,39648,3395380.6200000024
842,7,0,0.0,57.7,421,189.00000000000006
843,32,4,12.5,6292.399999999999,34492,1566334.2000000027
844,13,1,7.6923076923076925,2290.2000000000003,13542,521331.2400000001
845,6,1,16.666666666666664,66.9,481,253.20000000000002
846,11,1,9.090909090909092,5684.999999999996,30710,4645871.609999998
847,16,0,0.0,10664.399999999994,51479,3183553.7099999967
848,15,0,0.0,1523.3000000000004,8528,77840.96999999999
849,17,2,11.76470588235294,7710.400000000003,35770,4073347.079999999
850,10,0,0.0,6367.599999999997,31697,2438502.060000004
851,6,1,16.666666666666664,138.7,1252,2268.15
852,6,2,33.33333333333333,9.099999999999994,455,128.48999999999995
853,14,2,14.285714285714285,8090.399999999991,39079,4572880.049999994
854,18,0,0.0,7174.399999999998,34849,3908714.4299999992
855,11,0,0.0,3344.5,34403,832813.2000000008
856,17,0,0.0,4641.8,22663,1708538.5799999991
857,9,1,11.11111111111111,67.9,553,87.69
858,16,1,6.25,7318.000000000002,52556,3343751.309999999
859,26,5,19.230769230769234,9991.9,44771,2429132.88
860,15,2,13.333333333333334,520.5,3495,5398.53
861,19,3,15.789473684210526,5009.8,26882,1935918.7499999995
862,17,0,0.0,8149.199999999996,42837,2056017.9000000027
863,12,1,8.333333333333332,4793.800000000001,37680,2961252.119999999
864,18,1,5.555555555555555,307.09999999999997,1849,7394.699999999998
865,9,2,22.22222222222222,194.39999999999998,1599,3147.24
866,14,2,14.285714285714285,4956.899999999996,27048,485667.32999999984
867,6,1,16.666666666666664,28.799999999999997,499,214.01999999999998
868,12,2,16.666666666666664,197.20000000000002,1049,974.4300000000001
869,19,2,10.526315789473683,1132.6,7585,105552.62999999996
870,13,1,7.6923076923076925,1215.0999999999997,7661,93183.65999999997
871,10,0,0.0,2734.499999999998,13326,1182761.19
872,7,1,14.285714285714285,16.400000000000002,279,26.939999999999984
873,10,1,10.0,8131.0000000000055,45164,6054911.279999998
874,7,1,14.285714285714285,7.199999999999999,254,-83.52
875,9,1,11.11111111111111,52.1,503,102.72000000000001
876,4,0,0.0,18.0,191,139.8
877,8,0,0.0,214.3,1461,2617.6200000000003
878,19,1,5.263157894736842,7586.400000000003,41963,5246705.790000002
879,11,1,9.090909090909092,7144.099999999995,38753,4149516.5099999965
880,11,1,9.090909090909092,8362.800000000003,40706,6027790.11
881,5,1,20.0,-3.600000000000005,300,-2.1600000000000534
882,22,2,9.090909090909092,9083.100000000002,42703,2674966.7700000005
883,20,3,15.0,9604.399999999994,42773,2757347.4599999986
884,15,2,13.333333333333334,1991.1,11176,181854.38999999998
885,30,0,0.0,8160.399999999997,43027,1576968.4500000004
886,11,0,0.0,3225.7000000000035,18461,2888053.4099999997
887,18,3,16.666666666666664,7967.699999999996,38065,3605762.2500000014
888,22,2,9.090909090909092,2205.900000000001,12049,129604.86000000007
889,13,0,0.0,7238.499999999996,35796,6310479.809999999
890,13,0,0.0,7732.600000000005,41469,4368275.970000001
891,12,2,16.666666666666664,3602.899999999997,16857,873751.4099999998
892,10,0,0.0,7160.000000000004,37669,7991487.510000001
893,16,4,25.0,636.0999999999999,4194,14734.38
894,12,0,0.0,9599.0,50172,7340478.629999999
895,12,1,8.333333333333332,7718.6,38051,7054980.540000001
896,6,0,0.0,17.0,231,9.299999999999999
897,12,0,0.0,3882.6999999999944,20071,699717.0
898,10,0,0.0,132.9,1108,272.55
899,9,2,22.22222222222222,453.2,3429,23766.93
900,25,4,16.0,8639.1,38836,2326746.42
901,17,2,11.76470588235294,270.4000000000001,2682,7922.370000000001
902,8,1,12.5,78.60000000000002,832,399.9299999999999
903,7,1,14.285714285714285,14.799999999999999,303,2.16
904,20,0,0.0,8256.800000000001,41323,1918073.1299999985
905,12,1,8.333333333333332,8175.900000000005,39324,8375572.8900000015
906,16,0,0.0,7688.0999999999985,36378,2839450.740000002
907,2,0,0.0,6.0,90,100.8
908,5,1,20.0,19.6,322,19.26000000000001
909,8,1,12.5,152.79999999999995,1232,633.42
910,11,0,0.0,9120.400000000001,45140,6866770.02
911,16,2,12.5,2107.9999999999995,11643,360364.8000000001
912,12,0,0.0,7246.100000000004,38963,1976325.3300000005
913,22,1,4.545454545454546,6392.899999999996,33137,3491669.4899999993
914,5,1,20.0,38.0,550,74.69999999999999
915,30,3,10.0,5815.299999999997,32370,411424.9500000002
916,16,1,6.25,564.4000000000001,3617,10092.480000000003
917,13,1,7.6923076923076925,9145.400000000005,44859,5202072.029999994
918,12,1,8.333333333333332,7530.900000000009,31840,5467674.150000003
919,13,2,15.384615384615385,455.7,3122,24097.41
920,10,1,10.0,170.79999999999998,1344,1501.5
921,10,1,10.0,909.1000000000004,4899,51565.32
922,12,2,16.666666666666664,132.0,765,383.09999999999997
923,9,0,0.0,8949.600000000006,46980,7228392.66
924,6,1,16.666666666666664,18.5,371,200.48999999999995
925,12,1,8.333333333333332,254.0,1631,2252.28
926,9,1,11.11111111111111,39.6,653,-51.480000000000004
927,10,1,10.0,373.5,2842,2003.8500000000006
928,15,3,20.0,8032.699999999999,39474,5867801.669999999
929,10,0,0.0,9062.900000000007,45748,4299194.069999996
930,24,3,12.5,4538.400000000001,28897,1364430.840000001
931,24,1,4.166666666666666,3624.7,18938,696556.3499999999
932,14,2,14.285714285714285,49.49999999999999,1108,365.9100000000001
933,21,1,4.761904761904762,9334.199999999997,44480,2112283.4999999986
934,25,6,24.0,6452.399999999998,31805,4544586.78
935,9,1,11.11111111111111,172.60000000000002,1191,1416.6600000000003
936,20,2,10.0,6492.000000000005,32737,1874809.169999998
937,12,1,8.333333333333332,4556.0,20144,1780381.83
938,6,1,16.666666666666664,6.800000000000001,248,-46.319999999999986
939,17,2,11.76470588235294,7544.000000000008,37897,5276126.429999996
940,10,1,10.0,8222.600000000006,39411,6165057.75
941,7,1,14.285714285714285,18.599999999999998,315,-20.04
942,14,1,7.142857142857142,8714.399999999996,39629,5668318.02
943,8,0,0.0,68.2,473,100.8
944,13,1,7.6923076923076925,7501.5,38722,7848583.319999998
945,17,1,5.88235294117647,189.7,1658,946.5900000000004
946,12,2,16.666666666666664,195.69999999999996,1488,2885.4599999999996
947,7,0,0.0,21.0,246,127.8
948,7,1,14.285714285714285,29.2,371,-16.920000000000005
949,15,1,6.666666666666667,8388.999999999996,39950,6024246.120000002
950,12,2,16.666666666666664,392.09999999999997,2756,11434.260000000002
951,12,0,0.0,8534.200000000003,39736,3313424.160000001
952,10,1,10.0,67.69999999999999,826,386.6699999999998
953,9,0,0.0,5528.000000000005,24805,1180136.310000001
954,8,1,12.5,168.90000000000003,1517,3932.8799999999997
955,10,1,10.0,263.4,2195,5315.61
956,9,0,0.0,35.1,372,12.600000000000005
957,21,0,0.0,1399.4000000000003,7890,55706.97000000003
958,16,2,12.5,6759.700000000002,45472,2892715.170000001
959,10,0,0.0,8056.099999999999,43154,7970534.640000004
960,20,2,10.0,2574.1,17703,592796.4899999998
961,12,1,8.333333333333332,1137.6,5987,66626.52
962,24,3,12.5,8905.299999999996,41630,3779506.950000001
963,7,1,14.285714285714285,65.0,570,104.94
964,17,4,23.52941176470588,8889.6,41074,3616174.5599999977
965,11,0,0.0,431.3,2620,9144.869999999999
966,29,3,10.344827586206897,8892.699999999997,47468,1417051.2000000004
967,12,1,8.333333333333332,8305.999999999995,40046,8639715.239999996
968,39,4,10.256410256410255,8041.799999999998,42738,650353.2900000002
969,8,2,25.0,46.50000000000001,471,185.24999999999997
970,12,0,0.0,950.3999999999999,6572,78662.28000000001
971,12,1,8.333333333333332,1174.4,6247,103105.11000000002
972,33,5,15.151515151515152,5078.9999999999945,21885,1165053.4199999997
973,8,0,0.0,5491.9,32752,3233257.290000002
974,12,0,0.0,4502.5,37653,1010680.8900000001
975,7,3,42.857142857142854,11.9,316,-5.100000000000001
976,15,1,6.666666666666667,218.79999999999998,1515,3142.9500000000007
977,21,4,19.047619047619047,4823.699999999995,24450,1890360.7200000002
978,15,1,6.666666666666667,5720.699999999992,28826,2370566.6999999993
979,11,1,9.090909090909092,936.6000000000003,5541,61866.24
980,7,1,14.285714285714285,35.00000000000001,425,-3.179999999999989
981,16,1,6.25,265.0,1830,1496.8499999999997
982,17,2,11.76470588235294,1914.0999999999992,11425,207478.41
983,10,1,10.0,7558.999999999996,36949,6898082.370000003
984,7,1,14.285714285714285,14.200000000000001,280,-38.51999999999999
985,2,0,0.0,59.4,391,167.03999999999996
986,12,2,16.666666666666664,2519.2999999999984,13874,875515.83
987,19,0,0.0,8022.799999999997,41636,7606622.400000002
988,13,2,15.384615384615385,141.5,1167,2707.3499999999995
989,33,3,9.090909090909092,8603.000000000005,43062,1129889.2200000004
990,10,1,10.0,7041.800000000004,36193,5337745.65
991,20,0,0.0,7915.599999999995,40682,4370546.129999999
992,15,2,13.333333333333334,862.3000000000002,6648,65611.01999999999
993,7,1,14.285714285714285,36.2,410,101.87999999999998
994,11,2,18.181818181818183,130.20000000000002,1149,778.8599999999998
995,12,2,16.666666666666664,8220.199999999997,39715,5600648.100000003
996,14,0,0.0,8300.400000000005,42155,2722705.7399999998
997,12,2,16.666666666666664,3050.1,15782,759807.0599999997
998,5,2,40.0,9.7,336,34.35
999,14,1,7.142857142857142,6708.0999999999985,38944,2464754.4299999992
1000,12,2,16.666666666666664,350.0,2507,8119.140000000002
